shard,utc_hour,n,n_sk_eq_fullphone,n_sk_eq_uid,n_fullphone_absent
0026,2026-08-18 11:00,1,1.0,0.0,0.0
0026,2026-08-18 12:00,3,3.0,0.0,0.0
0026,2026-08-18 13:00,1,1.0,0.0,0.0
0026,2026-08-18 14:00,2,2.0,0.0,0.0
0026,2026-08-18 15:00,2,2.0,0.0,0.0
0026,2026-08-18 16:00,2,2.0,0.0,0.0
0026,2026-08-18 17:00,2,2.0,0.0,0.0
0026,2026-08-18 18:00,1,1.0,0.0,0.0
0026,2026-08-18 19:00,3,3.0,0.0,0.0
0026,2026-08-18 23:00,1,1.0,0.0,0.0
0026,2026-08-19 01:00,2,2.0,0.0,0.0
0026,2026-08-19 02:00,1,1.0,0.0,0.0
