shard,ny_date,n_online,has_pass,has_reject,has_review,top_result,low_result,best_result,max_pass_prio,max_reject_prio,final_result,engine_result,n
0041,2026-08-25,0,,,,,,,,,PASS,PASS,9
0041,2026-08-25,1,1,0,0,PASS,PASS,PASS,100000,,PASS,PASS,4
0041,2026-08-26,0,,,,,,,,,PASS,PASS,15
0041,2026-08-26,1,1,0,0,PASS,PASS,PASS,100000,,PASS,PASS,4
0041,2026-08-27,0,,,,,,,,,PASS,PASS,9
0041,2026-08-28,2,0,1,0,REJECT,REJECT,REJECT,,10000,REJECT,REJECT,6
0041,2026-08-28,1,0,1,0,REJECT,REJECT,REJECT,,10000,REJECT,REJECT,2
0041,2026-08-28,3,0,1,0,REJECT,REJECT,REJECT,,10000,REJECT,REJECT,1
0041,2026-08-28,4,0,1,0,REJECT,REJECT,REJECT,,10000,REJECT,REJECT,2
0041,2026-08-28,0,,,,,,,,,PASS,PASS,19
0041,2026-08-28,1,1,0,0,PASS,PASS,PASS,100000,,PASS,PASS,1
0041,2026-08-29,0,,,,,,,,,PASS,PASS,23
0041,2026-08-29,1,1,0,0,PASS,PASS,PASS,100000,,PASS,PASS,1
0041,2026-08-30,0,,,,,,,,,PASS,PASS,18
0041,2026-08-30,1,1,0,0,PASS,PASS,PASS,100000,,PASS,PASS,1
0041,2026-08-30,1,0,1,0,REJECT,REJECT,REJECT,,10000,REJECT,REJECT,1
0041,2026-08-31,0,,,,,,,,,PASS,PASS,17
0041,2026-08-31,1,0,1,0,REJECT,REJECT,REJECT,,10000,REJECT,REJECT,2
0041,2026-08-31,2,0,1,0,REJECT,REJECT,REJECT,,10000,REJECT,REJECT,1
0041,2026-08-31,1,1,0,0,PASS,PASS,PASS,100000,,PASS,PASS,2
0041,2026-09-01,2,0,1,0,REJECT,REJECT,REJECT,,10000,REJECT,REJECT,2
0041,2026-09-01,0,,,,,,,,,PASS,PASS,19
0041,2026-09-01,1,0,1,0,REJECT,REJECT,REJECT,,10000,REJECT,REJECT,3
0041,2026-09-02,0,,,,,,,,,PASS,PASS,19
0041,2026-09-02,1,0,0,1,REVIEW,REVIEW,REVIEW,,,REVIEW,REVIEW,1
0041,2026-09-02,2,0,0,1,REVIEW,REVIEW,REVIEW,,,PASS,REVIEW,1
0041,2026-09-03,0,,,,,,,,,PASS,PASS,29
0041,2026-09-03,1,0,1,0,REJECT,REJECT,REJECT,,10000,REJECT,REJECT,4
0041,2026-09-04,0,,,,,,,,,PASS,PASS,49
0041,2026-09-04,1,0,1,0,REJECT,REJECT,REJECT,,10000,REJECT,REJECT,10
0041,2026-09-04,1,1,0,0,PASS,PASS,PASS,100000,,PASS,PASS,1
0041,2026-09-04,2,0,1,0,REJECT,REJECT,REJECT,,10000,REJECT,REJECT,1
0041,2026-09-05,1,0,1,0,REJECT,REJECT,REJECT,,10000,REJECT,REJECT,47
0041,2026-09-05,2,0,1,0,REJECT,REJECT,REJECT,,10000,REJECT,REJECT,19
0041,2026-09-05,0,,,,,,,,,PASS,PASS,52
0041,2026-09-05,3,0,1,0,REJECT,REJECT,REJECT,,10000,REJECT,REJECT,6
0041,2026-09-05,4,0,1,0,REJECT,REJECT,REJECT,,10000,REJECT,REJECT,4
0041,2026-09-05,1,1,0,0,PASS,PASS,PASS,100000,,PASS,PASS,3
0041,2026-09-06,3,0,1,0,REJECT,REJECT,REJECT,,10000,REJECT,REJECT,9
0041,2026-09-06,1,0,1,0,REJECT,REJECT,REJECT,,10000,REJECT,REJECT,36
0041,2026-09-06,4,0,1,0,REJECT,REJECT,REJECT,,10000,REJECT,REJECT,3
0041,2026-09-06,2,0,1,0,REJECT,REJECT,REJECT,,10000,REJECT,REJECT,15
0041,2026-09-06,0,,,,,,,,,PASS,PASS,69
0041,2026-09-06,0,,,,,,,,,PASS,,3
0041,2026-09-06,5,0,1,0,REJECT,REJECT,REJECT,,10000,REJECT,REJECT,1
0041,2026-09-06,1,1,0,0,PASS,PASS,PASS,100000,,PASS,PASS,3
0041,2026-09-07,2,0,1,0,REJECT,REJECT,REJECT,,10000,REJECT,REJECT,7
0041,2026-09-07,1,0,1,0,REJECT,REJECT,REJECT,,10000,REJECT,REJECT,27
0041,2026-09-07,0,,,,,,,,,PASS,PASS,36
0041,2026-09-07,1,1,0,0,PASS,PASS,PASS,100000,,PASS,PASS,3
0041,2026-09-07,3,0,1,0,REJECT,REJECT,REJECT,,10000,REJECT,REJECT,1
0041,2026-09-08,0,,,,,,,,,PASS,PASS,56
0041,2026-09-08,1,0,1,0,REJECT,REJECT,REJECT,,10000,REJECT,REJECT,47
0041,2026-09-08,2,0,1,0,REJECT,REJECT,REJECT,,10000,REJECT,REJECT,12
0041,2026-09-08,3,0,1,0,REJECT,REJECT,REJECT,,10000,REJECT,REJECT,1
0041,2026-09-08,1,1,0,0,PASS,PASS,PASS,100000,,PASS,PASS,4
0041,2026-09-08,1,0,0,1,REVIEW,REVIEW,REVIEW,,,REVIEW,REVIEW,1
0041,2026-09-08,2,0,0,1,REVIEW,REVIEW,REVIEW,,,PASS,REVIEW,1
0041,2026-09-09,1,0,1,0,REJECT,REJECT,REJECT,,10000,REJECT,REJECT,44
0041,2026-09-09,0,,,,,,,,,PASS,PASS,42
0041,2026-09-09,6,0,1,0,REJECT,REJECT,REJECT,,10000,REJECT,REJECT,4
0041,2026-09-09,5,0,1,0,REJECT,REJECT,REJECT,,10000,REJECT,REJECT,5
0041,2026-09-09,7,0,1,0,REJECT,REJECT,REJECT,,10000,REJECT,REJECT,2
0041,2026-09-09,4,0,1,0,REJECT,REJECT,REJECT,,10000,REJECT,REJECT,5
0041,2026-09-09,3,0,1,0,REJECT,REJECT,REJECT,,10000,REJECT,REJECT,10
0041,2026-09-09,2,0,1,0,REJECT,REJECT,REJECT,,10000,REJECT,REJECT,8
0041,2026-09-09,1,1,0,0,PASS,PASS,PASS,100000,,PASS,PASS,3
0041,2026-09-10,0,,,,,,,,,PASS,PASS,66
0041,2026-09-10,1,0,1,0,REJECT,REJECT,REJECT,,10000,REJECT,REJECT,30
0041,2026-09-10,2,0,1,0,REJECT,REJECT,REJECT,,10000,REJECT,REJECT,9
0041,2026-09-10,3,0,1,0,REJECT,REJECT,REJECT,,10000,REJECT,REJECT,8
0041,2026-09-10,1,1,0,0,PASS,PASS,PASS,100000,,PASS,PASS,1
0041,2026-09-10,4,0,1,0,REJECT,REJECT,REJECT,,10000,REJECT,REJECT,2
0041,2026-09-11,2,0,1,0,REJECT,REJECT,REJECT,,10000,REJECT,REJECT,10
0041,2026-09-11,1,0,1,0,REJECT,REJECT,REJECT,,10000,REJECT,REJECT,22
0041,2026-09-11,0,,,,,,,,,PASS,PASS,40
0041,2026-09-11,3,0,1,0,REJECT,REJECT,REJECT,,10000,REJECT,REJECT,7
0041,2026-09-11,4,0,1,0,REJECT,REJECT,REJECT,,10000,REJECT,REJECT,4
0041,2026-09-12,0,,,,,,,,,PASS,PASS,42
0041,2026-09-12,1,0,1,0,REJECT,REJECT,REJECT,,10000,REJECT,REJECT,10
0041,2026-09-12,3,0,1,0,REJECT,REJECT,REJECT,,10000,REJECT,REJECT,2
0041,2026-09-12,1,1,0,0,PASS,PASS,PASS,100000,,PASS,PASS,2
0041,2026-09-12,2,0,1,0,REJECT,REJECT,REJECT,,10000,REJECT,REJECT,2
0041,2026-09-12,1,0,0,1,REVIEW,REVIEW,REVIEW,,,REVIEW,REVIEW,1
0041,2026-09-12,2,0,0,1,REVIEW,REVIEW,REVIEW,,,PASS,REVIEW,1
0041,2026-09-12,4,0,1,0,REJECT,REJECT,REJECT,,10000,REJECT,REJECT,1
0041,2026-09-13,1,0,1,0,REJECT,REJECT,REJECT,,10000,REJECT,REJECT,15
0041,2026-09-13,3,0,1,0,REJECT,REJECT,REJECT,,10000,REJECT,REJECT,4
0041,2026-09-13,4,0,1,0,REJECT,REJECT,REJECT,,10000,REJECT,REJECT,3
0041,2026-09-13,0,,,,,,,,,PASS,PASS,25
0041,2026-09-13,2,0,1,0,REJECT,REJECT,REJECT,,10000,REJECT,REJECT,2
0041,2026-09-14,0,,,,,,,,,PASS,PASS,33
0041,2026-09-14,3,0,1,0,REJECT,REJECT,REJECT,,10000,REJECT,REJECT,3
0041,2026-09-14,1,0,1,0,REJECT,REJECT,REJECT,,10000,REJECT,REJECT,5
0041,2026-09-14,4,0,1,0,REJECT,REJECT,REJECT,,10000,REJECT,REJECT,1
0041,2026-09-14,1,1,0,0,PASS,PASS,PASS,100000,,PASS,PASS,2
0041,2026-09-14,2,0,1,0,REJECT,REJECT,REJECT,,10000,REJECT,REJECT,2
0041,2026-09-15,0,,,,,,,,,PASS,PASS,35
0041,2026-09-15,3,0,1,0,REJECT,REJECT,REJECT,,10000,REJECT,REJECT,2
0041,2026-09-15,4,0,1,0,REJECT,REJECT,REJECT,,10000,REJECT,REJECT,4
0041,2026-09-15,1,0,1,0,REJECT,REJECT,REJECT,,10000,REJECT,REJECT,9
0041,2026-09-16,1,0,1,0,REJECT,REJECT,REJECT,,10000,REJECT,REJECT,20
0041,2026-09-16,0,,,,,,,,,PASS,PASS,34
0041,2026-09-16,3,0,1,0,REJECT,REJECT,REJECT,,10000,REJECT,REJECT,10
0041,2026-09-16,2,0,1,0,REJECT,REJECT,REJECT,,10000,REJECT,REJECT,10
0041,2026-09-16,4,0,1,0,REJECT,REJECT,REJECT,,10000,REJECT,REJECT,7
0041,2026-09-16,5,0,1,0,REJECT,REJECT,REJECT,,10000,REJECT,REJECT,1
0041,2026-09-16,1,1,0,0,PASS,PASS,PASS,100000,,PASS,PASS,2
0041,2026-09-17,0,,,,,,,,,PASS,PASS,44
0041,2026-09-17,1,0,1,0,REJECT,REJECT,REJECT,,10000,REJECT,REJECT,31
0041,2026-09-17,2,0,1,0,REJECT,REJECT,REJECT,,10000,REJECT,REJECT,9
0041,2026-09-17,3,0,1,0,REJECT,REJECT,REJECT,,10000,REJECT,REJECT,3
0041,2026-09-17,4,0,1,0,REJECT,REJECT,REJECT,,10000,REJECT,REJECT,2
0041,2026-09-18,0,,,,,,,,,PASS,PASS,43
0041,2026-09-18,2,0,1,0,REJECT,REJECT,REJECT,,10000,REJECT,REJECT,6
0041,2026-09-18,1,0,1,0,REJECT,REJECT,REJECT,,10000,REJECT,REJECT,27
0041,2026-09-18,3,0,1,0,REJECT,REJECT,REJECT,,10000,REJECT,REJECT,2
0041,2026-09-18,4,0,1,0,REJECT,REJECT,REJECT,,10000,REJECT,REJECT,5
0041,2026-09-18,5,0,1,0,REJECT,REJECT,REJECT,,10000,REJECT,REJECT,5
0041,2026-09-18,1,1,0,0,PASS,PASS,PASS,100000,,PASS,PASS,1
0041,2026-09-19,0,,,,,,,,,PASS,PASS,33
0041,2026-09-19,1,0,1,0,REJECT,REJECT,REJECT,,10000,REJECT,REJECT,16
0041,2026-09-19,2,0,1,0,REJECT,REJECT,REJECT,,10000,REJECT,REJECT,8
0041,2026-09-19,3,0,1,0,REJECT,REJECT,REJECT,,10000,REJECT,REJECT,8
0041,2026-09-19,1,1,0,0,PASS,PASS,PASS,100000,,PASS,PASS,1
0041,2026-09-20,0,,,,,,,,,PASS,PASS,28
0041,2026-09-20,2,0,1,0,REJECT,REJECT,REJECT,,10000,REJECT,REJECT,9
0041,2026-09-20,1,0,1,0,REJECT,REJECT,REJECT,,10000,REJECT,REJECT,15
0041,2026-09-20,4,0,1,0,REJECT,REJECT,REJECT,,10000,REJECT,REJECT,1
0041,2026-09-20,3,0,1,0,REJECT,REJECT,REJECT,,10000,REJECT,REJECT,3
0041,2026-09-20,1,1,0,0,PASS,PASS,PASS,100000,,PASS,PASS,1
0041,2026-09-21,0,,,,,,,,,PASS,PASS,23
0041,2026-09-21,5,0,1,0,REJECT,REJECT,REJECT,,10000,REJECT,REJECT,2
0041,2026-09-21,1,0,1,0,REJECT,REJECT,REJECT,,10000,REJECT,REJECT,10
0041,2026-09-21,2,0,1,0,REJECT,REJECT,REJECT,,10000,REJECT,REJECT,6
0041,2026-09-21,4,0,1,0,REJECT,REJECT,REJECT,,10000,REJECT,REJECT,3
0041,2026-09-21,3,0,1,0,REJECT,REJECT,REJECT,,10000,REJECT,REJECT,1
0041,2026-09-22,0,,,,,,,,,PASS,PASS,30
0041,2026-09-22,5,0,1,0,REJECT,REJECT,REJECT,,10000,REJECT,REJECT,2
0041,2026-09-22,2,0,1,0,REJECT,REJECT,REJECT,,10000,REJECT,REJECT,3
0041,2026-09-22,1,0,1,0,REJECT,REJECT,REJECT,,10000,REJECT,REJECT,9
0041,2026-09-22,4,0,1,0,REJECT,REJECT,REJECT,,10000,REJECT,REJECT,5
0041,2026-09-22,3,0,1,0,REJECT,REJECT,REJECT,,10000,REJECT,REJECT,3
0041,2026-09-22,1,1,0,0,PASS,PASS,PASS,100000,,PASS,PASS,1
0041,2026-09-23,2,0,1,0,REJECT,REJECT,REJECT,,10000,REJECT,REJECT,4
0041,2026-09-23,1,0,1,0,REJECT,REJECT,REJECT,,10000,REJECT,REJECT,15
0041,2026-09-23,0,,,,,,,,,PASS,PASS,27
0041,2026-09-23,3,0,1,0,REJECT,REJECT,REJECT,,10000,REJECT,REJECT,4
0041,2026-09-23,4,0,1,0,REJECT,REJECT,REJECT,,10000,REJECT,REJECT,8
0041,2026-09-23,6,0,1,0,REJECT,REJECT,REJECT,,10000,REJECT,REJECT,3
0041,2026-09-23,1,0,0,1,REVIEW,REVIEW,REVIEW,,,REVIEW,REVIEW,1
0041,2026-09-23,3,0,1,1,REJECT,REJECT,REJECT,,10000,REJECT,REJECT,1
0041,2026-09-24,0,,,,,,,,,PASS,PASS,22
0041,2026-09-24,2,0,1,0,REJECT,REJECT,REJECT,,10000,REJECT,REJECT,6
0041,2026-09-24,1,0,1,0,REJECT,REJECT,REJECT,,10000,REJECT,REJECT,9
0041,2026-09-24,3,0,1,0,REJECT,REJECT,REJECT,,10000,REJECT,REJECT,2
0041,2026-09-24,4,0,1,0,REJECT,REJECT,REJECT,,10000,REJECT,REJECT,4
0041,2026-09-24,1,0,0,1,REVIEW,REVIEW,REVIEW,,,REVIEW,REVIEW,1
0041,2026-09-24,3,0,1,1,REJECT,REJECT,REJECT,,10000,REJECT,REJECT,1
0041,2026-09-24,6,0,1,0,REJECT,REJECT,REJECT,,10000,REJECT,REJECT,1
