shard,ny_date,cid,app_state,version_class,sms,engine_result,final_result,n,n_distinct_phones
0040,2026-08-25,106,present,ge_min,1,PASS,PASS,10,10
0040,2026-08-25,108,absent,ge_min,1,PASS,PASS,1,1
0040,2026-08-25,108,absent,ge_min,1,REJECT,REJECT,4,1
0040,2026-08-26,105,present,ge_min,1,PASS,PASS,1,1
0040,2026-08-26,106,present,ge_min,1,PASS,PASS,14,14
0040,2026-08-26,108,absent,ge_min,1,PASS,PASS,3,3
0040,2026-08-26,702,absent,lt_min,1,PASS,PASS,1,1
0040,2026-08-27,105,present,ge_min,1,PASS,PASS,1,1
0040,2026-08-27,106,present,ge_min,1,PASS,PASS,7,7
0040,2026-08-27,106,present,lt_min,1,PASS,PASS,1,1
0040,2026-08-28,105,present,ge_min,1,PASS,PASS,2,2
0040,2026-08-28,106,present,ge_min,1,PASS,PASS,20,18
0040,2026-08-28,108,absent,ge_min,1,PASS,PASS,2,2
0040,2026-08-29,105,present,ge_min,1,PASS,PASS,5,3
0040,2026-08-29,105,present,ge_min,1,REJECT,REJECT,1,1
0040,2026-08-29,106,present,ge_min,1,PASS,PASS,18,18
0040,2026-08-29,108,absent,ge_min,1,PASS,PASS,3,3
0040,2026-08-29,108,absent,ge_min,1,REVIEW,PASS,2,1
0040,2026-08-29,108,absent,ge_min,1,REVIEW,REVIEW,1,1
0040,2026-08-29,702,absent,ge_min,1,PASS,PASS,3,3
0040,2026-08-30,105,present,ge_min,1,PASS,PASS,4,3
0040,2026-08-30,106,present,ge_min,1,PASS,PASS,18,18
0040,2026-08-30,106,present,lt_min,1,PASS,PASS,2,2
0040,2026-08-30,108,absent,ge_min,1,PASS,PASS,3,3
0040,2026-08-30,702,absent,ge_min,1,PASS,PASS,1,1
0040,2026-08-31,105,present,ge_min,1,PASS,PASS,3,3
0040,2026-08-31,105,present,ge_min,1,REJECT,REJECT,4,1
0040,2026-08-31,106,present,ge_min,1,PASS,PASS,17,16
0040,2026-08-31,108,absent,ge_min,1,PASS,PASS,4,4
0040,2026-09-01,105,absent,lt_min,1,PASS,PASS,1,1
0040,2026-09-01,105,present,ge_min,0,PASS,PASS,1,1
0040,2026-09-01,105,present,ge_min,1,PASS,PASS,4,3
0040,2026-09-01,105,present,ge_min,1,REJECT,REJECT,2,2
0040,2026-09-01,106,present,ge_min,1,PASS,PASS,14,13
0040,2026-09-01,702,absent,ge_min,1,PASS,PASS,1,1
0040,2026-09-02,105,present,ge_min,1,PASS,PASS,3,3
0040,2026-09-02,106,present,ge_min,1,PASS,PASS,18,16
0040,2026-09-02,108,absent,ge_min,1,PASS,PASS,1,1
0040,2026-09-02,702,absent,ge_min,1,PASS,PASS,1,1
0040,2026-09-03,105,present,ge_min,1,PASS,PASS,6,6
0040,2026-09-03,105,present,ge_min,1,REJECT,REJECT,1,1
0040,2026-09-03,106,present,ge_min,1,PASS,PASS,18,15
0040,2026-09-03,106,present,ge_min,1,REJECT,REJECT,3,1
0040,2026-09-03,108,absent,ge_min,1,PASS,PASS,2,2
0040,2026-09-03,702,absent,ge_min,1,PASS,PASS,1,1
0040,2026-09-04,105,present,ge_min,1,PASS,PASS,23,17
0040,2026-09-04,105,present,ge_min,1,REJECT,REJECT,17,7
0040,2026-09-04,106,present,ge_min,1,PASS,PASS,16,16
0040,2026-09-04,108,absent,ge_min,1,PASS,PASS,1,1
0040,2026-09-05,105,present,ge_min,1,PASS,PASS,40,20
0040,2026-09-05,105,present,ge_min,1,REJECT,REJECT,45,12
0040,2026-09-05,105,present,lt_min,1,REJECT,REJECT,1,1
0040,2026-09-05,106,present,ge_min,1,PASS,PASS,9,9
0040,2026-09-05,108,absent,ge_min,1,PASS,PASS,4,4
0040,2026-09-05,702,absent,ge_min,1,PASS,PASS,3,3
0040,2026-09-06,105,absent,lt_min,1,PASS,PASS,2,1
0040,2026-09-06,105,absent,lt_min,1,REJECT,REJECT,23,1
0040,2026-09-06,105,present,ge_min,1,PASS,PASS,58,30
0040,2026-09-06,105,present,ge_min,1,REJECT,REJECT,67,24
0040,2026-09-06,105,present,lt_min,1,REJECT,REJECT,2,1
0040,2026-09-06,106,present,ge_min,1,PASS,PASS,5,5
0040,2026-09-06,108,absent,ge_min,1,PASS,PASS,2,2
0040,2026-09-06,702,absent,ge_min,1,PASS,PASS,2,2
0040,2026-09-07,105,absent,lt_min,1,PASS,PASS,8,1
0040,2026-09-07,105,absent,lt_min,1,REJECT,REJECT,11,2
0040,2026-09-07,105,present,ge_min,1,PASS,PASS,33,25
0040,2026-09-07,105,present,ge_min,1,REJECT,REJECT,44,22
0040,2026-09-07,106,present,ge_min,1,PASS,PASS,12,12
0040,2026-09-07,108,absent,ge_min,1,PASS,PASS,4,3
0040,2026-09-07,702,absent,ge_min,1,PASS,PASS,2,2
0040,2026-09-08,105,absent,lt_min,1,PASS,PASS,9,2
0040,2026-09-08,105,absent,lt_min,1,REJECT,REJECT,6,3
0040,2026-09-08,105,present,ge_min,1,PASS,PASS,34,23
0040,2026-09-08,105,present,ge_min,1,REJECT,REJECT,57,21
0040,2026-09-08,106,present,ge_min,1,PASS,PASS,12,11
0040,2026-09-08,108,absent,ge_min,1,PASS,PASS,2,2
0040,2026-09-09,105,absent,lt_min,1,PASS,PASS,11,3
0040,2026-09-09,105,absent,lt_min,1,REJECT,REJECT,1,1
0040,2026-09-09,105,present,ge_min,1,PASS,PASS,35,21
0040,2026-09-09,105,present,ge_min,1,REJECT,REJECT,40,19
0040,2026-09-09,106,present,ge_min,1,PASS,PASS,15,15
0040,2026-09-09,106,present,lt_min,1,PASS,PASS,1,1
0040,2026-09-09,108,absent,ge_min,1,PASS,PASS,3,3
0040,2026-09-09,702,absent,ge_min,1,PASS,PASS,3,2
0040,2026-09-10,105,absent,lt_min,1,REJECT,REJECT,2,2
0040,2026-09-10,105,present,ge_min,1,PASS,PASS,30,28
0040,2026-09-10,105,present,ge_min,1,REJECT,REJECT,45,21
0040,2026-09-10,106,present,ge_min,1,PASS,PASS,18,18
0040,2026-09-10,108,absent,ge_min,1,PASS,PASS,2,2
0040,2026-09-10,702,absent,ge_min,1,PASS,PASS,2,1
0040,2026-09-11,105,absent,lt_min,1,REJECT,REJECT,1,1
0040,2026-09-11,105,present,ge_min,1,PASS,PASS,13,11
0040,2026-09-11,105,present,ge_min,1,REJECT,REJECT,43,20
0040,2026-09-11,106,present,ge_min,1,PASS,PASS,17,17
0040,2026-09-11,108,absent,ge_min,1,PASS,PASS,2,2
0040,2026-09-11,702,absent,ge_min,1,PASS,PASS,1,1
0040,2026-09-12,105,absent,lt_min,1,PASS,PASS,15,4
0040,2026-09-12,105,absent,lt_min,1,REJECT,REJECT,2,1
0040,2026-09-12,105,present,ge_min,1,PASS,PASS,21,11
0040,2026-09-12,105,present,ge_min,1,REJECT,REJECT,53,12
0040,2026-09-12,106,present,ge_min,1,PASS,PASS,24,21
0040,2026-09-12,108,absent,ge_min,1,PASS,PASS,5,4
0040,2026-09-12,702,absent,ge_min,1,PASS,PASS,1,1
0040,2026-09-13,105,absent,lt_min,1,PASS,PASS,18,9
0040,2026-09-13,105,absent,lt_min,1,REJECT,REJECT,12,5
0040,2026-09-13,105,present,ge_min,1,PASS,PASS,19,12
0040,2026-09-13,105,present,ge_min,1,REJECT,REJECT,40,16
0040,2026-09-13,105,present,lt_min,1,PASS,PASS,5,1
0040,2026-09-13,106,present,ge_min,1,PASS,PASS,16,12
0040,2026-09-13,108,absent,ge_min,1,PASS,PASS,1,1
0040,2026-09-13,108,absent,ge_min,1,REJECT,REJECT,3,1
0040,2026-09-14,105,absent,lt_min,1,PASS,PASS,2,2
0040,2026-09-14,105,absent,lt_min,1,REJECT,REJECT,6,4
0040,2026-09-14,105,present,ge_min,1,PASS,PASS,6,4
0040,2026-09-14,105,present,ge_min,1,REJECT,REJECT,22,8
0040,2026-09-14,106,present,ge_min,1,PASS,PASS,16,14
0040,2026-09-14,108,absent,ge_min,1,PASS,PASS,2,2
0040,2026-09-14,702,absent,ge_min,1,PASS,PASS,1,1
0040,2026-09-15,105,absent,lt_min,1,REJECT,REJECT,4,1
0040,2026-09-15,105,present,ge_min,1,PASS,PASS,12,12
0040,2026-09-15,105,present,ge_min,1,REJECT,REJECT,23,11
0040,2026-09-15,105,present,lt_min,1,PASS,PASS,1,1
0040,2026-09-15,106,present,ge_min,1,PASS,PASS,16,13
0040,2026-09-15,108,absent,ge_min,1,PASS,PASS,1,1
0040,2026-09-16,105,absent,lt_min,1,PASS,PASS,3,2
0040,2026-09-16,105,absent,lt_min,1,REJECT,REJECT,2,1
0040,2026-09-16,105,present,ge_min,1,PASS,PASS,25,16
0040,2026-09-16,105,present,ge_min,1,REJECT,REJECT,33,16
0040,2026-09-16,105,present,lt_min,1,PASS,PASS,1,1
0040,2026-09-16,106,present,ge_min,1,PASS,PASS,6,5
0040,2026-09-16,108,absent,ge_min,1,PASS,PASS,3,3
0040,2026-09-16,702,absent,ge_min,1,PASS,PASS,1,1
0040,2026-09-17,105,absent,lt_min,1,PASS,PASS,4,2
0040,2026-09-17,105,present,ge_min,1,PASS,PASS,13,10
0040,2026-09-17,105,present,ge_min,1,REJECT,REJECT,12,8
0040,2026-09-17,106,present,ge_min,1,PASS,PASS,15,14
0040,2026-09-17,108,absent,ge_min,1,PASS,PASS,3,3
0040,2026-09-17,702,absent,ge_min,1,PASS,PASS,2,2
0040,2026-09-18,105,absent,lt_min,1,REJECT,REJECT,12,1
0040,2026-09-18,105,present,ge_min,1,PASS,PASS,13,10
0040,2026-09-18,105,present,ge_min,1,REJECT,REJECT,10,6
0040,2026-09-18,106,present,ge_min,1,PASS,PASS,14,14
0040,2026-09-19,105,absent,lt_min,1,PASS,PASS,2,1
0040,2026-09-19,105,absent,lt_min,1,REJECT,REJECT,8,2
0040,2026-09-19,105,present,ge_min,1,PASS,PASS,17,11
0040,2026-09-19,105,present,ge_min,1,REJECT,REJECT,30,19
0040,2026-09-19,106,present,ge_min,1,PASS,PASS,11,11
0040,2026-09-19,108,absent,ge_min,1,PASS,PASS,2,2
0040,2026-09-19,702,absent,ge_min,1,PASS,PASS,2,2
0040,2026-09-20,105,absent,lt_min,1,PASS,PASS,4,3
0040,2026-09-20,105,absent,lt_min,1,REJECT,REJECT,1,1
0040,2026-09-20,105,present,ge_min,1,PASS,PASS,9,9
0040,2026-09-20,105,present,ge_min,1,REJECT,REJECT,11,7
0040,2026-09-20,106,present,ge_min,1,PASS,PASS,12,11
0040,2026-09-20,108,absent,ge_min,1,PASS,PASS,1,1
0040,2026-09-21,105,present,ge_min,1,PASS,PASS,25,19
0040,2026-09-21,105,present,ge_min,1,REJECT,REJECT,21,11
0040,2026-09-21,106,present,ge_min,1,PASS,PASS,30,27
0040,2026-09-21,108,absent,ge_min,1,PASS,PASS,2,2
0040,2026-09-21,108,absent,ge_min,1,REJECT,REJECT,1,1
0040,2026-09-21,108,absent,ge_min,1,REVIEW,PASS,2,2
0040,2026-09-21,108,absent,ge_min,1,REVIEW,REVIEW,2,2
0040,2026-09-21,702,absent,ge_min,1,PASS,PASS,1,1
0040,2026-09-22,105,absent,lt_min,1,REJECT,REJECT,1,1
0040,2026-09-22,105,present,ge_min,1,PASS,PASS,20,17
0040,2026-09-22,105,present,ge_min,1,REJECT,REJECT,19,10
0040,2026-09-22,105,present,lt_min,1,REJECT,REJECT,1,1
0040,2026-09-22,106,present,ge_min,1,PASS,PASS,11,11
0040,2026-09-22,108,absent,ge_min,1,PASS,PASS,2,2
0040,2026-09-23,105,absent,lt_min,1,PASS,PASS,1,1
0040,2026-09-23,105,absent,lt_min,1,REJECT,REJECT,1,1
0040,2026-09-23,105,present,ge_min,1,PASS,PASS,20,16
0040,2026-09-23,105,present,ge_min,1,REJECT,REJECT,12,7
0040,2026-09-23,106,present,ge_min,1,PASS,PASS,13,12
0040,2026-09-23,108,absent,ge_min,1,PASS,PASS,5,5
0040,2026-09-24,105,present,ge_min,1,PASS,PASS,5,5
0040,2026-09-24,105,present,ge_min,1,REJECT,REJECT,16,13
0040,2026-09-24,105,present,lt_min,1,PASS,PASS,1,1
0040,2026-09-24,106,present,ge_min,1,PASS,PASS,9,9
0040,2026-09-24,106,present,lt_min,1,PASS,PASS,1,1
0040,2026-09-24,108,absent,ge_min,1,PASS,PASS,3,3
0040,2026-09-24,702,absent,ge_min,1,PASS,PASS,1,1
