shard,window_start_utc,level,cc,final_result,email_key,requests,phones_all,phones_sms,phones_sms_pass,phones_sms_pass_home
0045,2026-09-24 04:00:00,group,375,REJECT,0,2,,,,
0045,2026-09-24 04:00:00,group,213,REJECT,0,5,,,,
0045,2026-09-24 04:00:00,group,380,REJECT,0,1,,,,
0045,2026-09-24 04:00:00,group,92,PASS,0,1,,,,
0045,2026-09-24 04:00:00,group,856,REJECT,0,1,,,,
0045,2026-09-24 04:00:00,group,92,REJECT,0,4,,,,
0045,2026-09-24 04:00:00,group,856,PASS,0,1,,,,
0045,2026-09-24 04:00:00,group,1,PASS,0,11,,,,
0045,2026-09-24 04:00:00,group,265,REJECT,0,4,,,,
0045,2026-09-24 04:00:00,group,386,REJECT,0,5,,,,
0045,2026-09-24 04:00:00,window,,,,35,23,23,12,10
