feature_id,code,ny_date,rows,feature_name
feature_53Ck9TgChpTW,SUCCESS,2026-09-18,4996,IP近5分钟关联的手机号个数
feature_53Ck9TgChpTW,SUCCESS,2026-09-19,5320,IP近5分钟关联的手机号个数
feature_53Ck9TgChpTW,SUCCESS,2026-09-20,3497,IP近5分钟关联的手机号个数
feature_53Ck9TgChpTW,SUCCESS,2026-09-21,4606,IP近5分钟关联的手机号个数
feature_53Ck9TgChpTW,SUCCESS,2026-09-22,5066,IP近5分钟关联的手机号个数
feature_53Ck9TgChpTW,SUCCESS,2026-09-23,4610,IP近5分钟关联的手机号个数
feature_53Ck9TgChpTW,SUCCESS,2026-09-24,3140,IP近5分钟关联的手机号个数
feature_6qwgYPGGuJZ4,SUCCESS,2026-09-18,4996,IPC段近10分钟关联的手机号个数
feature_6qwgYPGGuJZ4,SUCCESS,2026-09-19,5320,IPC段近10分钟关联的手机号个数
feature_6qwgYPGGuJZ4,SUCCESS,2026-09-20,3497,IPC段近10分钟关联的手机号个数
feature_6qwgYPGGuJZ4,SUCCESS,2026-09-21,4606,IPC段近10分钟关联的手机号个数
feature_6qwgYPGGuJZ4,SUCCESS,2026-09-22,5066,IPC段近10分钟关联的手机号个数
feature_6qwgYPGGuJZ4,SUCCESS,2026-09-23,4610,IPC段近10分钟关联的手机号个数
feature_6qwgYPGGuJZ4,SUCCESS,2026-09-24,3140,IPC段近10分钟关联的手机号个数
feature_7DbBgowc2mEl,SUCCESS,2026-09-18,4996,IP近1分钟的访问次数
feature_7DbBgowc2mEl,SUCCESS,2026-09-19,5320,IP近1分钟的访问次数
feature_7DbBgowc2mEl,SUCCESS,2026-09-20,3497,IP近1分钟的访问次数
feature_7DbBgowc2mEl,SUCCESS,2026-09-21,4606,IP近1分钟的访问次数
feature_7DbBgowc2mEl,SUCCESS,2026-09-22,5066,IP近1分钟的访问次数
feature_7DbBgowc2mEl,SUCCESS,2026-09-23,4610,IP近1分钟的访问次数
feature_7DbBgowc2mEl,SUCCESS,2026-09-24,3140,IP近1分钟的访问次数
feature_9EHsNcVBo6IN,SUCCESS,2026-09-18,4996,IPC段近1天关联的国家区号个数
feature_9EHsNcVBo6IN,SUCCESS,2026-09-19,5320,IPC段近1天关联的国家区号个数
feature_9EHsNcVBo6IN,SUCCESS,2026-09-20,3497,IPC段近1天关联的国家区号个数
feature_9EHsNcVBo6IN,SUCCESS,2026-09-21,4606,IPC段近1天关联的国家区号个数
feature_9EHsNcVBo6IN,SUCCESS,2026-09-22,5066,IPC段近1天关联的国家区号个数
feature_9EHsNcVBo6IN,SUCCESS,2026-09-23,4610,IPC段近1天关联的国家区号个数
feature_9EHsNcVBo6IN,SUCCESS,2026-09-24,3140,IPC段近1天关联的国家区号个数
feature_AemrK847uPtt,COUNTER_FEATURE_DIMENSION_EMPTY,2026-09-19,295,同IP同手机号近1分钟累计请求次数
feature_AemrK847uPtt,COUNTER_FEATURE_DIMENSION_EMPTY,2026-09-20,3497,同IP同手机号近1分钟累计请求次数
feature_AemrK847uPtt,COUNTER_FEATURE_DIMENSION_EMPTY,2026-09-21,4606,同IP同手机号近1分钟累计请求次数
feature_AemrK847uPtt,COUNTER_FEATURE_DIMENSION_EMPTY,2026-09-22,5066,同IP同手机号近1分钟累计请求次数
feature_AemrK847uPtt,COUNTER_FEATURE_DIMENSION_EMPTY,2026-09-23,4610,同IP同手机号近1分钟累计请求次数
feature_AemrK847uPtt,COUNTER_FEATURE_DIMENSION_EMPTY,2026-09-24,3140,同IP同手机号近1分钟累计请求次数
feature_AemrK847uPtt,SUCCESS,2026-09-18,701,同IP同手机号近1分钟累计请求次数
feature_AemrK847uPtt,SUCCESS,2026-09-19,5025,同IP同手机号近1分钟累计请求次数
feature_Fik6gvwY1tA6,SUCCESS,2026-09-18,5091,手机号近1天的访问次数
feature_Fik6gvwY1tA6,SUCCESS,2026-09-19,5391,手机号近1天的访问次数
feature_Fik6gvwY1tA6,SUCCESS,2026-09-20,3551,手机号近1天的访问次数
feature_Fik6gvwY1tA6,SUCCESS,2026-09-21,4735,手机号近1天的访问次数
feature_Fik6gvwY1tA6,SUCCESS,2026-09-22,5139,手机号近1天的访问次数
feature_Fik6gvwY1tA6,SUCCESS,2026-09-23,4689,手机号近1天的访问次数
feature_Fik6gvwY1tA6,SUCCESS,2026-09-24,3211,手机号近1天的访问次数
feature_Gwh0jqPAdVNL,SUCCESS,2026-09-22,2140,uid近1天关联的手机号个数
feature_Gwh0jqPAdVNL,SUCCESS,2026-09-23,4610,uid近1天关联的手机号个数
feature_Gwh0jqPAdVNL,SUCCESS,2026-09-24,3140,uid近1天关联的手机号个数
feature_IPwzfPamC8eW,SUCCESS,2026-09-18,4996,同手机号30分钟关联的IP city个数
feature_IPwzfPamC8eW,SUCCESS,2026-09-19,5320,同手机号30分钟关联的IP city个数
feature_IPwzfPamC8eW,SUCCESS,2026-09-20,3497,同手机号30分钟关联的IP city个数
feature_IPwzfPamC8eW,SUCCESS,2026-09-21,4606,同手机号30分钟关联的IP city个数
feature_IPwzfPamC8eW,SUCCESS,2026-09-22,5066,同手机号30分钟关联的IP city个数
feature_IPwzfPamC8eW,SUCCESS,2026-09-23,4610,同手机号30分钟关联的IP city个数
feature_IPwzfPamC8eW,SUCCESS,2026-09-24,3140,同手机号30分钟关联的IP city个数
feature_JaT2oyzVtD0q,SUCCESS,2026-09-18,4996,手机号近1分钟的访问次数
feature_JaT2oyzVtD0q,SUCCESS,2026-09-19,5320,手机号近1分钟的访问次数
feature_JaT2oyzVtD0q,SUCCESS,2026-09-20,3497,手机号近1分钟的访问次数
feature_JaT2oyzVtD0q,SUCCESS,2026-09-21,4606,手机号近1分钟的访问次数
feature_JaT2oyzVtD0q,SUCCESS,2026-09-22,5066,手机号近1分钟的访问次数
feature_JaT2oyzVtD0q,SUCCESS,2026-09-23,4610,手机号近1分钟的访问次数
feature_JaT2oyzVtD0q,SUCCESS,2026-09-24,3140,手机号近1分钟的访问次数
feature_KtSZtJ9w7f9r,SUCCESS,2026-09-18,4996,IPC段近1分钟关联的手机号个数
feature_KtSZtJ9w7f9r,SUCCESS,2026-09-19,5320,IPC段近1分钟关联的手机号个数
feature_KtSZtJ9w7f9r,SUCCESS,2026-09-20,3497,IPC段近1分钟关联的手机号个数
feature_KtSZtJ9w7f9r,SUCCESS,2026-09-21,4606,IPC段近1分钟关联的手机号个数
feature_KtSZtJ9w7f9r,SUCCESS,2026-09-22,5066,IPC段近1分钟关联的手机号个数
feature_KtSZtJ9w7f9r,SUCCESS,2026-09-23,4610,IPC段近1分钟关联的手机号个数
feature_KtSZtJ9w7f9r,SUCCESS,2026-09-24,3140,IPC段近1分钟关联的手机号个数
feature_OE4u7WlFb1BT,SUCCESS,2026-09-22,2140,uid近1天关联的IP国家个数
feature_OE4u7WlFb1BT,SUCCESS,2026-09-23,4610,uid近1天关联的IP国家个数
feature_OE4u7WlFb1BT,SUCCESS,2026-09-24,3140,uid近1天关联的IP国家个数
feature_SdA1CjZvNCMG,SUCCESS,2026-09-18,4996,区号近1分钟的访问次数
feature_SdA1CjZvNCMG,SUCCESS,2026-09-19,5320,区号近1分钟的访问次数
feature_SdA1CjZvNCMG,SUCCESS,2026-09-20,3497,区号近1分钟的访问次数
feature_SdA1CjZvNCMG,SUCCESS,2026-09-21,4606,区号近1分钟的访问次数
feature_SdA1CjZvNCMG,SUCCESS,2026-09-22,5066,区号近1分钟的访问次数
feature_SdA1CjZvNCMG,SUCCESS,2026-09-23,4610,区号近1分钟的访问次数
feature_SdA1CjZvNCMG,SUCCESS,2026-09-24,3140,区号近1分钟的访问次数
feature_TGPe0mjAPwR5,SUCCESS,2026-09-18,4996,IP近60分钟关联的国家区号个数
feature_TGPe0mjAPwR5,SUCCESS,2026-09-19,5320,IP近60分钟关联的国家区号个数
feature_TGPe0mjAPwR5,SUCCESS,2026-09-20,3497,IP近60分钟关联的国家区号个数
feature_TGPe0mjAPwR5,SUCCESS,2026-09-21,4606,IP近60分钟关联的国家区号个数
feature_TGPe0mjAPwR5,SUCCESS,2026-09-22,5066,IP近60分钟关联的国家区号个数
feature_TGPe0mjAPwR5,SUCCESS,2026-09-23,4610,IP近60分钟关联的国家区号个数
feature_TGPe0mjAPwR5,SUCCESS,2026-09-24,3140,IP近60分钟关联的国家区号个数
feature_UOJYBEifd5Jn,SUCCESS,2026-09-18,4996,区号近60分钟的访问次数
feature_UOJYBEifd5Jn,SUCCESS,2026-09-19,5320,区号近60分钟的访问次数
feature_UOJYBEifd5Jn,SUCCESS,2026-09-20,3497,区号近60分钟的访问次数
feature_UOJYBEifd5Jn,SUCCESS,2026-09-21,4606,区号近60分钟的访问次数
feature_UOJYBEifd5Jn,SUCCESS,2026-09-22,5066,区号近60分钟的访问次数
feature_UOJYBEifd5Jn,SUCCESS,2026-09-23,4610,区号近60分钟的访问次数
feature_UOJYBEifd5Jn,SUCCESS,2026-09-24,3140,区号近60分钟的访问次数
feature_VItdlLjtEYnQ,SUCCESS,2026-09-18,4996,IPC段近1天关联的手机号个数
feature_VItdlLjtEYnQ,SUCCESS,2026-09-19,5320,IPC段近1天关联的手机号个数
feature_VItdlLjtEYnQ,SUCCESS,2026-09-20,3497,IPC段近1天关联的手机号个数
feature_VItdlLjtEYnQ,SUCCESS,2026-09-21,4606,IPC段近1天关联的手机号个数
feature_VItdlLjtEYnQ,SUCCESS,2026-09-22,5066,IPC段近1天关联的手机号个数
feature_VItdlLjtEYnQ,SUCCESS,2026-09-23,4610,IPC段近1天关联的手机号个数
feature_VItdlLjtEYnQ,SUCCESS,2026-09-24,3140,IPC段近1天关联的手机号个数
feature_Wg4dZ6VJBuTb,SUCCESS,2026-09-18,4996,IP近1分钟关联的手机号个数
feature_Wg4dZ6VJBuTb,SUCCESS,2026-09-19,5320,IP近1分钟关联的手机号个数
feature_Wg4dZ6VJBuTb,SUCCESS,2026-09-20,3497,IP近1分钟关联的手机号个数
feature_Wg4dZ6VJBuTb,SUCCESS,2026-09-21,4606,IP近1分钟关联的手机号个数
feature_Wg4dZ6VJBuTb,SUCCESS,2026-09-22,5066,IP近1分钟关联的手机号个数
feature_Wg4dZ6VJBuTb,SUCCESS,2026-09-23,4610,IP近1分钟关联的手机号个数
feature_Wg4dZ6VJBuTb,SUCCESS,2026-09-24,3140,IP近1分钟关联的手机号个数
feature_WxHUxqIN0IuS,SUCCESS,2026-09-18,4996,同IP近5分钟的访问次数
feature_WxHUxqIN0IuS,SUCCESS,2026-09-19,5320,同IP近5分钟的访问次数
feature_WxHUxqIN0IuS,SUCCESS,2026-09-20,3497,同IP近5分钟的访问次数
feature_WxHUxqIN0IuS,SUCCESS,2026-09-21,4606,同IP近5分钟的访问次数
feature_WxHUxqIN0IuS,SUCCESS,2026-09-22,5066,同IP近5分钟的访问次数
feature_WxHUxqIN0IuS,SUCCESS,2026-09-23,4610,同IP近5分钟的访问次数
feature_WxHUxqIN0IuS,SUCCESS,2026-09-24,3140,同IP近5分钟的访问次数
feature_YkpmaKaJhcdG,SUCCESS,2026-09-18,4996,区号近1天内的访问次数
feature_YkpmaKaJhcdG,SUCCESS,2026-09-19,5320,区号近1天内的访问次数
feature_YkpmaKaJhcdG,SUCCESS,2026-09-20,3497,区号近1天内的访问次数
feature_YkpmaKaJhcdG,SUCCESS,2026-09-21,4606,区号近1天内的访问次数
feature_YkpmaKaJhcdG,SUCCESS,2026-09-22,5066,区号近1天内的访问次数
feature_YkpmaKaJhcdG,SUCCESS,2026-09-23,4610,区号近1天内的访问次数
feature_YkpmaKaJhcdG,SUCCESS,2026-09-24,3140,区号近1天内的访问次数
feature_Ym70ZsfxQKSc,SUCCESS,2026-09-18,4996,一分钟请求量
feature_Ym70ZsfxQKSc,SUCCESS,2026-09-19,5320,一分钟请求量
feature_Ym70ZsfxQKSc,SUCCESS,2026-09-20,3497,一分钟请求量
feature_Ym70ZsfxQKSc,SUCCESS,2026-09-21,4606,一分钟请求量
feature_Ym70ZsfxQKSc,SUCCESS,2026-09-22,5066,一分钟请求量
feature_Ym70ZsfxQKSc,SUCCESS,2026-09-23,4610,一分钟请求量
feature_Ym70ZsfxQKSc,SUCCESS,2026-09-24,3140,一分钟请求量
feature_bvE9FL19wqag,COUNTER_FEATURE_DIMENSION_EMPTY,2026-09-19,291,同IP同手机号近5分钟累计请求次数
feature_bvE9FL19wqag,COUNTER_FEATURE_DIMENSION_EMPTY,2026-09-20,3497,同IP同手机号近5分钟累计请求次数
feature_bvE9FL19wqag,COUNTER_FEATURE_DIMENSION_EMPTY,2026-09-21,4606,同IP同手机号近5分钟累计请求次数
feature_bvE9FL19wqag,COUNTER_FEATURE_DIMENSION_EMPTY,2026-09-22,5066,同IP同手机号近5分钟累计请求次数
feature_bvE9FL19wqag,COUNTER_FEATURE_DIMENSION_EMPTY,2026-09-23,4610,同IP同手机号近5分钟累计请求次数
feature_bvE9FL19wqag,COUNTER_FEATURE_DIMENSION_EMPTY,2026-09-24,3140,同IP同手机号近5分钟累计请求次数
feature_bvE9FL19wqag,SUCCESS,2026-09-18,701,同IP同手机号近5分钟累计请求次数
feature_bvE9FL19wqag,SUCCESS,2026-09-19,5029,同IP同手机号近5分钟累计请求次数
feature_dqBHKec09Wwa,COUNTER_FEATURE_CONDITION_MISS,2026-09-18,3848,同区号近60分钟未携带recaptchaV3token 访问次数
feature_dqBHKec09Wwa,COUNTER_FEATURE_CONDITION_MISS,2026-09-19,4200,同区号近60分钟未携带recaptchaV3token 访问次数
feature_dqBHKec09Wwa,COUNTER_FEATURE_CONDITION_MISS,2026-09-20,2721,同区号近60分钟未携带recaptchaV3token 访问次数
feature_dqBHKec09Wwa,COUNTER_FEATURE_CONDITION_MISS,2026-09-21,3562,同区号近60分钟未携带recaptchaV3token 访问次数
feature_dqBHKec09Wwa,COUNTER_FEATURE_CONDITION_MISS,2026-09-22,4230,同区号近60分钟未携带recaptchaV3token 访问次数
feature_dqBHKec09Wwa,COUNTER_FEATURE_CONDITION_MISS,2026-09-23,3891,同区号近60分钟未携带recaptchaV3token 访问次数
feature_dqBHKec09Wwa,COUNTER_FEATURE_CONDITION_MISS,2026-09-24,324,同区号近60分钟未携带recaptchaV3token 访问次数
feature_dqBHKec09Wwa,SUCCESS,2026-09-18,1148,同区号近60分钟未携带recaptchaV3token 访问次数
feature_dqBHKec09Wwa,SUCCESS,2026-09-19,1120,同区号近60分钟未携带recaptchaV3token 访问次数
feature_dqBHKec09Wwa,SUCCESS,2026-09-20,776,同区号近60分钟未携带recaptchaV3token 访问次数
feature_dqBHKec09Wwa,SUCCESS,2026-09-21,1044,同区号近60分钟未携带recaptchaV3token 访问次数
feature_dqBHKec09Wwa,SUCCESS,2026-09-22,836,同区号近60分钟未携带recaptchaV3token 访问次数
feature_dqBHKec09Wwa,SUCCESS,2026-09-23,719,同区号近60分钟未携带recaptchaV3token 访问次数
feature_dqBHKec09Wwa,SUCCESS,2026-09-24,2816,同区号近60分钟未携带recaptchaV3token 访问次数
feature_dtoJoDcUgCcr,SUCCESS,2026-09-18,4996,同区号近60分钟对应手机号个数
feature_dtoJoDcUgCcr,SUCCESS,2026-09-19,5320,同区号近60分钟对应手机号个数
feature_dtoJoDcUgCcr,SUCCESS,2026-09-20,3497,同区号近60分钟对应手机号个数
feature_dtoJoDcUgCcr,SUCCESS,2026-09-21,4606,同区号近60分钟对应手机号个数
feature_dtoJoDcUgCcr,SUCCESS,2026-09-22,5066,同区号近60分钟对应手机号个数
feature_dtoJoDcUgCcr,SUCCESS,2026-09-23,4610,同区号近60分钟对应手机号个数
feature_dtoJoDcUgCcr,SUCCESS,2026-09-24,3140,同区号近60分钟对应手机号个数
feature_e1Kmz7JqzsWc,COUNTER_FEATURE_CONDITION_MISS,2026-09-24,2356,同区号近60分钟V3token为空对应手机号个数
feature_e1Kmz7JqzsWc,COUNTER_FEATURE_PARAMS_ERROR,2026-09-18,4996,同区号近60分钟V3token为空对应手机号个数
feature_e1Kmz7JqzsWc,COUNTER_FEATURE_PARAMS_ERROR,2026-09-19,5320,同区号近60分钟V3token为空对应手机号个数
feature_e1Kmz7JqzsWc,COUNTER_FEATURE_PARAMS_ERROR,2026-09-20,3497,同区号近60分钟V3token为空对应手机号个数
feature_e1Kmz7JqzsWc,COUNTER_FEATURE_PARAMS_ERROR,2026-09-21,4606,同区号近60分钟V3token为空对应手机号个数
feature_e1Kmz7JqzsWc,COUNTER_FEATURE_PARAMS_ERROR,2026-09-22,5066,同区号近60分钟V3token为空对应手机号个数
feature_e1Kmz7JqzsWc,COUNTER_FEATURE_PARAMS_ERROR,2026-09-23,4610,同区号近60分钟V3token为空对应手机号个数
feature_e1Kmz7JqzsWc,COUNTER_FEATURE_PARAMS_ERROR,2026-09-24,404,同区号近60分钟V3token为空对应手机号个数
feature_e1Kmz7JqzsWc,SUCCESS,2026-09-24,380,同区号近60分钟V3token为空对应手机号个数
feature_hspErCH8fSCE,SUCCESS,2026-09-18,4996,手机号近30分钟的访问次数
feature_hspErCH8fSCE,SUCCESS,2026-09-19,5320,手机号近30分钟的访问次数
feature_hspErCH8fSCE,SUCCESS,2026-09-20,3497,手机号近30分钟的访问次数
feature_hspErCH8fSCE,SUCCESS,2026-09-21,4606,手机号近30分钟的访问次数
feature_hspErCH8fSCE,SUCCESS,2026-09-22,5066,手机号近30分钟的访问次数
feature_hspErCH8fSCE,SUCCESS,2026-09-23,4610,手机号近30分钟的访问次数
feature_hspErCH8fSCE,SUCCESS,2026-09-24,3140,手机号近30分钟的访问次数
feature_lydpDiga6SB9,SUCCESS,2026-09-18,4996,手机号近5分钟的访问次数
feature_lydpDiga6SB9,SUCCESS,2026-09-19,5320,手机号近5分钟的访问次数
feature_lydpDiga6SB9,SUCCESS,2026-09-20,3497,手机号近5分钟的访问次数
feature_lydpDiga6SB9,SUCCESS,2026-09-21,4606,手机号近5分钟的访问次数
feature_lydpDiga6SB9,SUCCESS,2026-09-22,5066,手机号近5分钟的访问次数
feature_lydpDiga6SB9,SUCCESS,2026-09-23,4610,手机号近5分钟的访问次数
feature_lydpDiga6SB9,SUCCESS,2026-09-24,3140,手机号近5分钟的访问次数
feature_n91JeGM6gD6i,COUNTER_FEATURE_CONDITION_MISS,2026-09-18,2467,同区号近60分钟非美国IP访问次数
feature_n91JeGM6gD6i,COUNTER_FEATURE_CONDITION_MISS,2026-09-19,2546,同区号近60分钟非美国IP访问次数
feature_n91JeGM6gD6i,COUNTER_FEATURE_CONDITION_MISS,2026-09-20,1639,同区号近60分钟非美国IP访问次数
feature_n91JeGM6gD6i,COUNTER_FEATURE_CONDITION_MISS,2026-09-21,2297,同区号近60分钟非美国IP访问次数
feature_n91JeGM6gD6i,COUNTER_FEATURE_CONDITION_MISS,2026-09-22,2461,同区号近60分钟非美国IP访问次数
feature_n91JeGM6gD6i,COUNTER_FEATURE_CONDITION_MISS,2026-09-23,2209,同区号近60分钟非美国IP访问次数
feature_n91JeGM6gD6i,COUNTER_FEATURE_CONDITION_MISS,2026-09-24,1466,同区号近60分钟非美国IP访问次数
feature_n91JeGM6gD6i,SUCCESS,2026-09-18,2529,同区号近60分钟非美国IP访问次数
feature_n91JeGM6gD6i,SUCCESS,2026-09-19,2774,同区号近60分钟非美国IP访问次数
feature_n91JeGM6gD6i,SUCCESS,2026-09-20,1858,同区号近60分钟非美国IP访问次数
feature_n91JeGM6gD6i,SUCCESS,2026-09-21,2309,同区号近60分钟非美国IP访问次数
feature_n91JeGM6gD6i,SUCCESS,2026-09-22,2605,同区号近60分钟非美国IP访问次数
feature_n91JeGM6gD6i,SUCCESS,2026-09-23,2401,同区号近60分钟非美国IP访问次数
feature_n91JeGM6gD6i,SUCCESS,2026-09-24,1674,同区号近60分钟非美国IP访问次数
feature_nnsdzZLQKPZ7,SUCCESS,2026-09-18,4996,IP近10分钟关联的手机号个数
feature_nnsdzZLQKPZ7,SUCCESS,2026-09-19,5320,IP近10分钟关联的手机号个数
feature_nnsdzZLQKPZ7,SUCCESS,2026-09-20,3497,IP近10分钟关联的手机号个数
feature_nnsdzZLQKPZ7,SUCCESS,2026-09-21,4606,IP近10分钟关联的手机号个数
feature_nnsdzZLQKPZ7,SUCCESS,2026-09-22,5066,IP近10分钟关联的手机号个数
feature_nnsdzZLQKPZ7,SUCCESS,2026-09-23,4610,IP近10分钟关联的手机号个数
feature_nnsdzZLQKPZ7,SUCCESS,2026-09-24,3140,IP近10分钟关联的手机号个数
feature_pf88qk27w76j,SUCCESS,2026-09-18,4996,区号近5分钟的访问次数
feature_pf88qk27w76j,SUCCESS,2026-09-19,5320,区号近5分钟的访问次数
feature_pf88qk27w76j,SUCCESS,2026-09-20,3497,区号近5分钟的访问次数
feature_pf88qk27w76j,SUCCESS,2026-09-21,4606,区号近5分钟的访问次数
feature_pf88qk27w76j,SUCCESS,2026-09-22,5066,区号近5分钟的访问次数
feature_pf88qk27w76j,SUCCESS,2026-09-23,4610,区号近5分钟的访问次数
feature_pf88qk27w76j,SUCCESS,2026-09-24,3140,区号近5分钟的访问次数
feature_r1bhlQnbfRHb,SUCCESS,2026-09-18,4996,IP近60分钟关联的手机号个数
feature_r1bhlQnbfRHb,SUCCESS,2026-09-19,5320,IP近60分钟关联的手机号个数
feature_r1bhlQnbfRHb,SUCCESS,2026-09-20,3497,IP近60分钟关联的手机号个数
feature_r1bhlQnbfRHb,SUCCESS,2026-09-21,4606,IP近60分钟关联的手机号个数
feature_r1bhlQnbfRHb,SUCCESS,2026-09-22,5066,IP近60分钟关联的手机号个数
feature_r1bhlQnbfRHb,SUCCESS,2026-09-23,4610,IP近60分钟关联的手机号个数
feature_r1bhlQnbfRHb,SUCCESS,2026-09-24,3140,IP近60分钟关联的手机号个数
