dimension,value,rows,distinct_phones,share
cc,92,1204,655,0.1369
cc,375,1117,589,0.127
cc,265,1050,490,0.1194
cc,386,902,400,0.1026
cc,264,726,316,0.0825
cc,213,666,369,0.0757
cc,60,472,192,0.0537
cc,856,438,232,0.0498
cc,223,387,177,0.044
cc,7,376,244,0.0428
cc,220,258,84,0.0293
cc,254,256,116,0.0291
cc,992,252,75,0.0287
cc,31,121,73,0.0138
cc,86,110,84,0.0125
cc,233,63,56,0.0072
cc,251,61,37,0.0069
cc,380,53,49,0.006
cc,65,46,37,0.0052
cc,998,38,36,0.0043
cc,44,27,17,0.0031
cc,852,18,12,0.002
cc,509,17,17,0.0019
cc,62,17,16,0.0019
cc,855,12,10,0.0014
cc,39,12,12,0.0014
cc,33,10,8,0.0011
cc,34,8,7,0.0009
cc,91,7,6,0.0008
cc,82,7,6,0.0008
cc,972,6,6,0.0007
cc,55,6,6,0.0007
cc,237,5,5,0.0006
cc,370,5,3,0.0006
cc,255,4,4,0.0005
cc,48,3,1,0.0003
cc,221,3,3,0.0003
cc,20,3,2,0.0003
cc,95,3,3,0.0003
cc,32,2,2,0.0002
cc,971,2,1,0.0002
cc,90,2,2,0.0002
cc,257,2,2,0.0002
cc,81,2,2,0.0002
cc,49,2,2,0.0002
cc,66,2,2,0.0002
cc,57,2,2,0.0002
cc,63,2,2,0.0002
cc,41,1,1,0.0001
cc,234,1,1,0.0001
cc,52,1,1,0.0001
cc,420,1,1,0.0001
cc,501,1,1,0.0001
cc,853,1,1,0.0001
cc,880,1,1,0.0001
cc,962,1,1,0.0001
ip_country,美国,4110,2251,0.4673
ip_country,巴基斯坦,1632,975,0.1856
ip_country,新加坡,358,250,0.0407
ip_country,马来西亚,174,117,0.0198
ip_country,英国,165,144,0.0188
ip_country,法国,131,116,0.0149
ip_country,德国,118,105,0.0134
ip_country,中国,117,106,0.0133
ip_country,荷兰,104,85,0.0118
ip_country,加拿大,102,92,0.0116
ip_country,波兰,99,94,0.0113
ip_country,日本,97,57,0.011
ip_country,墨西哥,85,65,0.0097
ip_country,巴西,81,55,0.0092
ip_country,印度尼西亚,76,67,0.0086
ip_country,芬兰,72,61,0.0082
ip_country,保加利亚,64,49,0.0073
ip_country,西班牙,58,53,0.0066
ip_country,澳大利亚,54,52,0.0061
ip_country,乌克兰,51,49,0.0058
ip_country,埃及,50,43,0.0057
ip_country,印度,46,34,0.0052
ip_country,哥伦比亚,45,41,0.0051
ip_country,瑞士,43,37,0.0049
ip_country,哈萨克斯坦,43,40,0.0049
ip_country,阿根廷,42,37,0.0048
ip_country,爱沙尼亚,34,32,0.0039
ip_country,丹麦,33,29,0.0038
ip_country,阿联酋,32,22,0.0036
ip_country,瑞典,31,29,0.0035
ip_country,罗马尼亚,31,28,0.0035
ip_country,孟加拉,30,30,0.0034
ip_country,菲律宾,26,23,0.003
ip_country,斯洛伐克,25,8,0.0028
ip_country,巴林,24,17,0.0027
ip_country,意大利,23,15,0.0026
ip_country,缅甸,23,5,0.0026
ip_country,厄瓜多尔,23,10,0.0026
ip_country,以色列,23,19,0.0026
ip_country,泰国,22,19,0.0025
ip_country,希腊,21,15,0.0024
ip_country,阿曼,21,18,0.0024
ip_country,智利,20,20,0.0023
ip_country,越南,20,16,0.0023
ip_country,俄罗斯,19,15,0.0022
ip_country,柬埔寨,19,19,0.0022
ip_country,奥地利,18,18,0.002
ip_country,卡塔尔,15,15,0.0017
ip_country,韩国,15,15,0.0017
ip_country,挪威,14,13,0.0016
ip_country,比利时,14,14,0.0016
ip_country,玻利维亚,13,12,0.0015
ip_country,哥斯达黎加,13,12,0.0015
ip_country,科特迪瓦,12,7,0.0014
ip_country,斯洛文尼亚,11,11,0.0013
ip_country,格鲁吉亚,11,8,0.0013
ip_country,南非,10,10,0.0011
ip_country,克罗地亚,10,9,0.0011
ip_country,危地马拉,8,7,0.0009
ip_country,捷克,8,8,0.0009
ip_country,阿尔巴尼亚,8,8,0.0009
ip_country,巴拿马,7,7,0.0008
ip_country,冈比亚,7,7,0.0008
ip_country,乌拉圭,7,4,0.0008
ip_country,卢森堡,7,7,0.0008
ip_country,伊拉克,7,6,0.0008
ip_country,尼泊尔,7,7,0.0008
ip_country,巴拉圭,6,6,0.0007
ip_country,沙特阿拉伯,6,6,0.0007
ip_country,委内瑞拉,5,4,0.0006
ip_country,爱尔兰,5,5,0.0006
ip_country,立陶宛,4,4,0.0005
ip_country,塞尔维亚,4,4,0.0005
ip_country,尼日利亚,4,4,0.0005
ip_country,波多黎各,4,4,0.0005
ip_country,葡萄牙,3,3,0.0003
ip_country,波黑,3,3,0.0003
ip_country,新西兰,3,3,0.0003
ip_country,拉脱维亚,3,3,0.0003
ip_country,马耳他,2,2,0.0002
ip_country,塞浦路斯,2,2,0.0002
ip_country,匈牙利,1,1,0.0001
ip_country,巴勒斯坦,1,1,0.0001
phone_ne_ip_country,1,8011,4059,0.9109
phone_ne_ip_country,0,784,498,0.0891
cid,105,8479,4265,0.9641
cid,106,225,177,0.0256
cid,108,82,55,0.0093
cid,702,9,5,0.001
token_state,present,6910,3740,0.7857
token_state,empty,1055,760,0.12
token_state,absent,830,410,0.0944
app_state,present,7921,4126,0.9006
app_state,absent,874,429,0.0994
v3_bucket,>=0.8,6764,3670,0.7691
v3_bucket,missing,1893,1150,0.2152
v3_bucket,0.3-0.8,137,113,0.0156
v3_bucket,<0.3,1,1,0.0001
