module,src,rows_type,row_key,n
策略管理,before_data,ARRAY,id,7
策略管理,before_data,ARRAY,vaild,7
策略管理,before_data,ARRAY,status,7
策略管理,before_data,ARRAY,remarks,7
策略管理,before_data,ARRAY,sceneId,7
策略管理,before_data,ARRAY,accessId,7
策略管理,before_data,ARRAY,breakeId,7
策略管理,before_data,ARRAY,operator,7
策略管理,before_data,ARRAY,createTime,7
策略管理,before_data,ARRAY,resultName,7
策略管理,before_data,ARRAY,rulePoList,7
策略管理,before_data,ARRAY,strategyId,7
策略管理,before_data,ARRAY,updateTime,7
策略管理,before_data,ARRAY,description,7
策略管理,before_data,ARRAY,execPriority,7
策略管理,before_data,ARRAY,ruleOperator,7
策略管理,before_data,ARRAY,strategyName,7
策略管理,before_data,ARRAY,strategyType,7
策略管理,before_data,ARRAY,strategyExpress,7
返回码管理,before_data,ARRAY,id,2
返回码管理,before_data,ARRAY,vaild,2
返回码管理,before_data,ARRAY,remarks,2
返回码管理,before_data,ARRAY,accessId,2
返回码管理,before_data,ARRAY,operator,2
返回码管理,before_data,ARRAY,priority,2
返回码管理,before_data,ARRAY,createTime,2
返回码管理,before_data,ARRAY,resultCode,2
返回码管理,before_data,ARRAY,resultName,2
返回码管理,before_data,ARRAY,updateTime,2
策略管理,after_data,ARRAY,id,7
策略管理,after_data,ARRAY,vaild,7
策略管理,after_data,ARRAY,status,7
策略管理,after_data,ARRAY,remarks,7
策略管理,after_data,ARRAY,sceneId,7
策略管理,after_data,ARRAY,accessId,7
策略管理,after_data,ARRAY,breakeId,7
策略管理,after_data,ARRAY,operator,7
策略管理,after_data,ARRAY,createTime,7
策略管理,after_data,ARRAY,resultName,7
策略管理,after_data,ARRAY,rulePoList,7
策略管理,after_data,ARRAY,strategyId,7
策略管理,after_data,ARRAY,updateTime,7
策略管理,after_data,ARRAY,description,7
策略管理,after_data,ARRAY,execPriority,7
策略管理,after_data,ARRAY,ruleOperator,7
策略管理,after_data,ARRAY,strategyName,7
策略管理,after_data,ARRAY,strategyType,7
策略管理,after_data,ARRAY,strategyExpress,7
返回码管理,after_data,ARRAY,id,2
返回码管理,after_data,ARRAY,vaild,2
返回码管理,after_data,ARRAY,remarks,2
返回码管理,after_data,ARRAY,accessId,2
返回码管理,after_data,ARRAY,operator,2
返回码管理,after_data,ARRAY,priority,2
返回码管理,after_data,ARRAY,createTime,2
返回码管理,after_data,ARRAY,resultCode,2
返回码管理,after_data,ARRAY,resultName,2
返回码管理,after_data,ARRAY,updateTime,2
