shard,ny_date,phone_country,real_ip_country,cc,n
0028,2026-09-19,加纳,美国,233,1
0028,2026-09-19,加纳,罗马尼亚,233,1
0028,2026-09-19,肯尼亚,英国,254,1
0028,2026-09-19,巴基斯坦,巴基斯坦,92,2
0028,2026-09-19,巴基斯坦,印度,92,2
0028,2026-09-19,阿尔及利亚,巴拉圭,213,1
0028,2026-09-19,马里,法国,223,2
0028,2026-09-19,马里,中国,223,1
0028,2026-09-19,马里,瑞士,223,2
0028,2026-09-19,白俄罗斯,美国,375,2
0028,2026-09-19,马拉维,美国,265,5
0028,2026-09-19,阿尔及利亚,美国,213,1
0028,2026-09-19,马来西亚,美国,60,1
0028,2026-09-19,阿尔及利亚,丹麦,213,1
0028,2026-09-19,斯洛文尼亚,德国,386,2
0028,2026-09-19,马里,巴基斯坦,223,1
0028,2026-09-19,斯洛文尼亚,美国,386,7
0028,2026-09-19,白俄罗斯,荷兰,375,2
0028,2026-09-19,美国,美国,1,13
0028,2026-09-19,美国,荷兰,1,1
0028,2026-09-19,马来西亚,埃及,60,1
0028,2026-09-19,俄罗斯,美国,7,1
0028,2026-09-19,斯洛文尼亚,巴基斯坦,386,3
0028,2026-09-19,马拉维,巴基斯坦,265,1
0028,2026-09-19,巴基斯坦,德国,92,1
0028,2026-09-19,巴基斯坦,美国,92,2
0028,2026-09-19,以色列,埃及,972,1
0028,2026-09-19,荷兰,巴基斯坦,31,3
0028,2026-09-19,荷兰,美国,31,4
0028,2026-09-19,荷兰,阿联酋,31,1
0028,2026-09-19,荷兰,阿根廷,31,1
0028,2026-09-19,荷兰,澳大利亚,31,1
0028,2026-09-20,白俄罗斯,美国,375,6
0028,2026-09-20,白俄罗斯,波兰,375,3
0028,2026-09-20,白俄罗斯,西班牙,375,1
0028,2026-09-20,斯洛文尼亚,巴基斯坦,386,10
0028,2026-09-20,斯洛文尼亚,美国,386,2
0028,2026-09-20,中国,新加坡,86,1
0028,2026-09-20,印度尼西亚,巴基斯坦,62,2
0028,2026-09-20,印度尼西亚,德国,62,3
0028,2026-09-20,马里,美国,223,1
0028,2026-09-20,斯洛文尼亚,新西兰,386,1
0028,2026-09-20,马里,哥伦比亚,223,1
0028,2026-09-20,马拉维,美国,265,4
0028,2026-09-20,巴基斯坦,美国,92,1
0028,2026-09-20,美国,美国,1,3
0028,2026-09-20,乌兹别克斯坦,美国,998,2
0028,2026-09-20,巴基斯坦,澳大利亚,92,1
0028,2026-09-20,巴基斯坦,阿联酋,92,1
0028,2026-09-20,印度尼西亚,美国,62,1
0028,2026-09-20,马拉维,德国,265,2
0028,2026-09-21,马拉维,美国,265,3
0028,2026-09-21,斯洛文尼亚,德国,386,3
0028,2026-09-21,斯洛文尼亚,美国,386,4
0028,2026-09-21,斯洛文尼亚,新加坡,386,3
0028,2026-09-21,乌兹别克斯坦,德国,998,1
0028,2026-09-21,斯洛文尼亚,巴基斯坦,386,2
0028,2026-09-21,白俄罗斯,日本,375,1
0028,2026-09-21,巴基斯坦,美国,92,1
0028,2026-09-21,纳米比亚,哥斯达黎加,264,1
0028,2026-09-21,美国,美国,1,15
0028,2026-09-21,纳米比亚,德国,264,1
0028,2026-09-21,俄罗斯,美国,7,1
0028,2026-09-21,白俄罗斯,英国,375,3
0028,2026-09-21,白俄罗斯,荷兰,375,1
0028,2026-09-21,俄罗斯,巴基斯坦,7,1
0028,2026-09-21,老挝,美国,856,2
0028,2026-09-21,缅甸,巴西,95,1
0028,2026-09-21,阿尔及利亚,德国,213,1
0028,2026-09-21,阿尔及利亚,玻利维亚,213,1
0028,2026-09-21,阿尔及利亚,巴基斯坦,213,2
0028,2026-09-21,阿尔及利亚,美国,213,1
0028,2026-09-21,马来西亚,马来西亚,60,1
0028,2026-09-21,斯洛文尼亚,哈萨克斯坦,386,1
0028,2026-09-22,马拉维,美国,265,4
0028,2026-09-22,阿尔及利亚,墨西哥,213,1
0028,2026-09-22,斯洛文尼亚,巴基斯坦,386,2
0028,2026-09-22,美国,美国,1,23
0028,2026-09-22,白俄罗斯,美国,375,5
0028,2026-09-22,俄罗斯,巴基斯坦,7,5
0028,2026-09-22,纳米比亚,科特迪瓦,264,3
0028,2026-09-22,俄罗斯,哥伦比亚,7,1
0028,2026-09-22,俄罗斯,美国,7,1
0028,2026-09-22,俄罗斯,阿根廷,7,1
0028,2026-09-22,老挝,巴基斯坦,856,3
0028,2026-09-22,马来西亚,中国,60,1
0028,2026-09-22,老挝,美国,856,7
0028,2026-09-22,白俄罗斯,德国,375,1
0028,2026-09-22,马拉维,德国,265,1
0028,2026-09-22,斯洛文尼亚,美国,386,5
0028,2026-09-22,马来西亚,巴基斯坦,60,6
0028,2026-09-22,纳米比亚,巴基斯坦,264,1
0028,2026-09-22,纳米比亚,克罗地亚,264,1
0028,2026-09-22,白俄罗斯,巴基斯坦,375,1
0028,2026-09-22,白俄罗斯,英国,375,2
0028,2026-09-22,马里,巴基斯坦,223,1
0028,2026-09-22,马里,澳大利亚,223,1
0028,2026-09-22,马里,保加利亚,223,1
0028,2026-09-22,马里,巴林,223,1
0028,2026-09-22,马里,巴西,223,1
0028,2026-09-22,马里,加拿大,223,1
0028,2026-09-22,马里,瑞士,223,1
0028,2026-09-22,巴基斯坦,德国,92,2
0028,2026-09-22,巴基斯坦,美国,92,3
0028,2026-09-22,巴基斯坦,巴基斯坦,92,2
0028,2026-09-22,阿尔及利亚,巴基斯坦,213,2
0028,2026-09-22,阿尔及利亚,美国,213,4
0028,2026-09-22,阿尔及利亚,德国,213,1
0028,2026-09-22,马拉维,巴基斯坦,265,1
0028,2026-09-23,巴基斯坦,巴基斯坦,92,7
0028,2026-09-23,纳米比亚,美国,264,1
0028,2026-09-23,冈比亚,法国,220,1
0028,2026-09-23,冈比亚,中国,220,2
0028,2026-09-23,冈比亚,新加坡,220,2
0028,2026-09-23,白俄罗斯,德国,375,3
0028,2026-09-23,冈比亚,澳大利亚,220,1
0028,2026-09-23,老挝,美国,856,2
0028,2026-09-23,冈比亚,美国,220,1
0028,2026-09-23,冈比亚,英国,220,1
0028,2026-09-23,巴基斯坦,美国,92,3
0028,2026-09-23,马里,瑞典,223,1
0028,2026-09-23,斯洛文尼亚,美国,386,2
0028,2026-09-23,阿尔及利亚,美国,213,3
0028,2026-09-23,马里,美国,223,1
0028,2026-09-23,马里,芬兰,223,1
0028,2026-09-23,白俄罗斯,美国,375,5
0028,2026-09-23,马拉维,美国,265,1
0028,2026-09-23,美国,美国,1,17
0028,2026-09-23,马里,西班牙,223,1
0028,2026-09-23,马里,阿根廷,223,1
0028,2026-09-23,马里,澳大利亚,223,1
0028,2026-09-23,斯洛文尼亚,德国,386,1
0028,2026-09-23,斯洛文尼亚,巴基斯坦,386,1
0028,2026-09-23,阿尔及利亚,巴基斯坦,213,1
0028,2026-09-23,俄罗斯,巴基斯坦,7,1
0028,2026-09-23,纳米比亚,巴基斯坦,264,1
0028,2026-09-23,巴基斯坦,韩国,92,1
0028,2026-09-23,马来西亚,巴基斯坦,60,2
0028,2026-09-23,马来西亚,马来西亚,60,1
0028,2026-09-23,老挝,巴基斯坦,856,1
0028,2026-09-24,斯洛文尼亚,德国,386,7
0028,2026-09-24,马里,巴基斯坦,223,2
0028,2026-09-24,白俄罗斯,新加坡,375,2
0028,2026-09-24,马拉维,波兰,265,1
0028,2026-09-24,巴基斯坦,比利时,92,1
0028,2026-09-24,巴基斯坦,巴基斯坦,92,8
0028,2026-09-24,美国,中国,1,1
0028,2026-09-24,斯洛文尼亚,美国,386,1
0028,2026-09-24,美国,美国,1,9
0028,2026-09-24,中国,中国,86,1
0028,2026-09-24,阿尔及利亚,美国,213,1
0028,2026-09-24,巴基斯坦,荷兰,92,1
0028,2026-09-25,冈比亚,芬兰,220,1
0028,2026-09-25,冈比亚,乌克兰,220,1
0028,2026-09-25,巴基斯坦,巴基斯坦,92,6
0028,2026-09-25,白俄罗斯,德国,375,1
0028,2026-09-25,马来西亚,巴基斯坦,60,1
0028,2026-09-25,马来西亚,马来西亚,60,6
0028,2026-09-25,美国,美国,1,8
0028,2026-09-25,白俄罗斯,美国,375,1
0028,2026-09-25,老挝,巴基斯坦,856,7
0028,2026-09-25,纳米比亚,巴基斯坦,264,1
0028,2026-09-25,埃塞俄比亚,德国,251,2
0028,2026-09-25,老挝,美国,856,3
0028,2026-09-25,老挝,德国,856,1
0028,2026-09-25,白俄罗斯,巴基斯坦,375,3
