shard,scene_id,json_key,n_rows,n_elements
0029,LKUS_captcha,code,2,30
0029,LKUS_captcha,comments,2,30
0029,LKUS_captcha,featureId,2,30
0029,LKUS_captcha,name,2,30
0029,LKUS_captcha,result,2,30
0029,LKUS_captcha,type,2,30
0029,LKUS_grant_new_user_coupon,code,9,126
0029,LKUS_grant_new_user_coupon,comments,9,126
0029,LKUS_grant_new_user_coupon,featureId,9,126
0029,LKUS_grant_new_user_coupon,name,9,126
0029,LKUS_grant_new_user_coupon,result,9,126
0029,LKUS_grant_new_user_coupon,type,9,126
0029,LKUS_login,code,15,217
0029,LKUS_login,comments,15,217
0029,LKUS_login,featureId,15,217
0029,LKUS_login,name,15,217
0029,LKUS_login,result,15,217
0029,LKUS_login,type,15,217
0029,LKUS_payment,code,77,1051
0029,LKUS_payment,comments,77,1051
0029,LKUS_payment,featureId,77,1051
0029,LKUS_payment,name,77,1051
0029,LKUS_payment,result,77,1051
0029,LKUS_payment,type,77,1051
0029,LKUS_physical_order_cancel,code,2,28
0029,LKUS_physical_order_cancel,comments,2,28
0029,LKUS_physical_order_cancel,featureId,2,28
0029,LKUS_physical_order_cancel,name,2,28
0029,LKUS_physical_order_cancel,result,2,28
0029,LKUS_physical_order_cancel,type,2,28
0029,LKUS_physical_order_create,code,78,1066
0029,LKUS_physical_order_create,comments,78,1066
0029,LKUS_physical_order_create,featureId,78,1066
0029,LKUS_physical_order_create,name,78,1066
0029,LKUS_physical_order_create,result,78,1066
0029,LKUS_physical_order_create,type,78,1066
0029,LKUS_push,code,49,2156
0029,LKUS_push,comments,49,2156
0029,LKUS_push,featureId,49,2156
0029,LKUS_push,name,49,2156
0029,LKUS_push,result,49,2156
0029,LKUS_push,type,49,2156
0029,LKUS_register,code,9,126
0029,LKUS_register,comments,9,126
0029,LKUS_register,featureId,9,126
0029,LKUS_register,name,9,126
0029,LKUS_register,result,9,126
0029,LKUS_register,type,9,126
