op_id,module,operation_type,operation_time,operator,src,description,row_idx,featureId,featureName,toolId,thirdLabel,input_hasCondition,input_period,input_conditionExpress,input_dimension,input_counter,input_countValue,input_conditions,strategyId,strategyName,status,resultName,execPriority,sceneId,ruleOperator,strategyExpress,n_rules,rule_ids,ruleId,ruleName,ruleFeatureId,conditionType,conditionValue,paraId,paraName,resultCode,priority,sceneName,globalStrategyBlockStatus,sceneBlockStatus,update_time_utc,vaild
154,策略管理,新增,2026-09-19T00:30:38,<已屏蔽:操作人>,after,新增策略,1,,,,,,,,,,,,strategy_rBx7NsDRhbcW,"cid 包含 106,105,108&&(区号不是1&&区号不是+1)&&字段 recaptchaV3Token 为空&&字段 phoneCountry 不等于字段 realIpCountry 则 REJECT",0,REJECT,10000,LKUS_push,1,rule_gITLGZqAeWxz&&(rule_nmXloyENuB74&&rule_Y7nk1IJykACS)&&rule_IBnLUbjzXd5C&&rule_wn0udlXWbirI,5,"[""rule_gITLGZqAeWxz"", ""rule_IBnLUbjzXd5C"", ""rule_nmXloyENuB74"", ""rule_wn0udlXWbirI"", ""rule_Y7nk1IJykACS""]",,,,,,,,,,,,,2026-09-19 00:30:38,true
155,第三方特征管理,新增,2026-09-19T00:33:12,<已屏蔽:操作人>,after,新增第三方特征,1,feature_AemrK847uPtt,同IP近1分钟关联手机号累计数,tool_BicfygLyPEV7,count,false,60,,"""realIp""",0,phoneNo,[],,,0,,,,,,,,,,feature_AemrK847uPtt,,,,,,,,,,2026-09-19 00:33:12,true
156,第三方特征管理,新增,2026-09-19T00:33:30,<已屏蔽:操作人>,after,新增第三方特征,1,feature_bvE9FL19wqag,同IP近5分钟关联手机号累计数,tool_BicfygLyPEV7,count,false,300,,"""realIp""",0,phoneNo,[],,,0,,,,,,,,,,feature_bvE9FL19wqag,,,,,,,,,,2026-09-19 00:33:30,true
157,第三方特征管理,更新,2026-09-19T00:33:41,<已屏蔽:操作人>,after,更新第三方特征信息,1,feature_bvE9FL19wqag,同IP近5分钟关联手机号累计数,tool_BicfygLyPEV7,count,false,300,,"""realIp""",0,phoneNo,[],,,1,,,,,,,,,,feature_bvE9FL19wqag,,,,,,,,,,2026-09-19 00:33:40,true
157,第三方特征管理,更新,2026-09-19T00:33:41,<已屏蔽:操作人>,before,更新第三方特征信息,1,feature_bvE9FL19wqag,同IP近5分钟关联手机号累计数,tool_BicfygLyPEV7,count,false,300,,"""realIp""",0,phoneNo,[],,,0,,,,,,,,,,feature_bvE9FL19wqag,,,,,,,,,,2026-09-19 00:33:30,true
158,第三方特征管理,更新,2026-09-19T00:33:44,<已屏蔽:操作人>,after,更新第三方特征信息,1,feature_AemrK847uPtt,同IP近1分钟关联手机号累计数,tool_BicfygLyPEV7,count,false,60,,"""realIp""",0,phoneNo,[],,,1,,,,,,,,,,feature_AemrK847uPtt,,,,,,,,,,2026-09-19 00:33:43,true
158,第三方特征管理,更新,2026-09-19T00:33:44,<已屏蔽:操作人>,before,更新第三方特征信息,1,feature_AemrK847uPtt,同IP近1分钟关联手机号累计数,tool_BicfygLyPEV7,count,false,60,,"""realIp""",0,phoneNo,[],,,0,,,,,,,,,,feature_AemrK847uPtt,,,,,,,,,,2026-09-19 00:33:12,true
159,规则管理,新增,2026-09-19T00:35:26,<已屏蔽:操作人>,after,删除返回码信息,1,feature_AemrK847uPtt,,,,,,,,,,,,,0,,,,,,,,rule_QzocefR8qETA,同IP近1分钟关联手机号累计数 大于等于 3,feature_AemrK847uPtt,>=,3,,,,,,,,2026-09-19 00:35:26,true
160,规则管理,新增,2026-09-19T00:36:16,<已屏蔽:操作人>,after,删除返回码信息,1,feature_bvE9FL19wqag,,,,,,,,,,,,,0,,,,,,,,rule_DZwU3SMclvMt,同IP近5分钟关联手机号累计数 大于等于 4,feature_bvE9FL19wqag,>=,4,,,,,,,,2026-09-19 00:36:16,true
161,规则管理,更新,2026-09-19T00:36:20,<已屏蔽:操作人>,after,更新规则信息,1,feature_AemrK847uPtt,,,,,,,,,,,,,1,,,,,,,,rule_QzocefR8qETA,同IP近1分钟关联手机号累计数 大于等于 3,feature_AemrK847uPtt,>=,3,,,,,,,,2026-09-19 00:36:19,true
161,规则管理,更新,2026-09-19T00:36:20,<已屏蔽:操作人>,before,更新规则信息,1,feature_AemrK847uPtt,,,,,,,,,,,,,0,,,,,,,,rule_QzocefR8qETA,同IP近1分钟关联手机号累计数 大于等于 3,feature_AemrK847uPtt,>=,3,,,,,,,,2026-09-19 00:35:26,true
162,规则管理,更新,2026-09-19T00:36:23,<已屏蔽:操作人>,after,更新规则信息,1,feature_bvE9FL19wqag,,,,,,,,,,,,,1,,,,,,,,rule_DZwU3SMclvMt,同IP近5分钟关联手机号累计数 大于等于 4,feature_bvE9FL19wqag,>=,4,,,,,,,,2026-09-19 00:36:22,true
162,规则管理,更新,2026-09-19T00:36:23,<已屏蔽:操作人>,before,更新规则信息,1,feature_bvE9FL19wqag,,,,,,,,,,,,,0,,,,,,,,rule_DZwU3SMclvMt,同IP近5分钟关联手机号累计数 大于等于 4,feature_bvE9FL19wqag,>=,4,,,,,,,,2026-09-19 00:36:16,true
163,策略管理,更新,2026-09-19T00:36:39,<已屏蔽:操作人>,after,更新策略信息,1,,,,,,,,,,,,strategy_rBx7NsDRhbcW,"cid 包含 106,105,108&&(区号不是1&&区号不是+1)&&字段 recaptchaV3Token 为空&&字段 phoneCountry 不等于字段 realIpCountry 则 REJECT",2,REJECT,10000,LKUS_push,1,rule_gITLGZqAeWxz&&(rule_nmXloyENuB74&&rule_Y7nk1IJykACS)&&rule_IBnLUbjzXd5C&&rule_wn0udlXWbirI,5,"[""rule_gITLGZqAeWxz"", ""rule_IBnLUbjzXd5C"", ""rule_nmXloyENuB74"", ""rule_wn0udlXWbirI"", ""rule_Y7nk1IJykACS""]",,,,,,,,,,,,,2026-09-19 00:36:38,true
163,策略管理,更新,2026-09-19T00:36:39,<已屏蔽:操作人>,before,更新策略信息,1,,,,,,,,,,,,strategy_rBx7NsDRhbcW,"cid 包含 106,105,108&&(区号不是1&&区号不是+1)&&字段 recaptchaV3Token 为空&&字段 phoneCountry 不等于字段 realIpCountry 则 REJECT",0,REJECT,10000,LKUS_push,1,rule_gITLGZqAeWxz&&(rule_nmXloyENuB74&&rule_Y7nk1IJykACS)&&rule_IBnLUbjzXd5C&&rule_wn0udlXWbirI,5,"[""rule_gITLGZqAeWxz"", ""rule_IBnLUbjzXd5C"", ""rule_nmXloyENuB74"", ""rule_wn0udlXWbirI"", ""rule_Y7nk1IJykACS""]",,,,,,,,,,,,,2026-09-19 00:30:38,true
164,策略管理,新增,2026-09-19T00:37:23,<已屏蔽:操作人>,after,新增策略,1,,,,,,,,,,,,strategy_tO7DZkJ1g0C2,"cid 包含 105,108&&(区号不是1&&区号不是+1)&&(realIpCountry 不等于字符串 美国)&&字段 phoneCountry 不等于字段 realIpCountry&&(同IP近1分钟关联手机号累计数 大于等于 3||同IP近5分钟关联手机号累计数 大于等于 4) 则 REJECT",0,REJECT,10000,LKUS_push,1,rule_1FmMA19PHMfk&&(rule_nmXloyENuB74&&rule_Y7nk1IJykACS)&&(rule_xKTDyjTPLGTf)&&rule_wn0udlXWbirI&&(rule_QzocefR8qETA||rule_DZwU3SMclvMt),7,"[""rule_1FmMA19PHMfk"", ""rule_DZwU3SMclvMt"", ""rule_nmXloyENuB74"", ""rule_QzocefR8qETA"", ""rule_wn0udlXWbirI"", ""rule_xKTDyjTPLGTf"", ""rule_Y7nk1IJykACS""]",,,,,,,,,,,,,2026-09-19 00:37:23,true
165,策略管理,更新,2026-09-19T00:37:34,<已屏蔽:操作人>,after,更新策略信息,1,,,,,,,,,,,,strategy_tO7DZkJ1g0C2,"cid 包含 105,108&&(区号不是1&&区号不是+1)&&(realIpCountry 不等于字符串 美国)&&字段 phoneCountry 不等于字段 realIpCountry&&(同IP近1分钟关联手机号累计数 大于等于 3||同IP近5分钟关联手机号累计数 大于等于 4) 则 REJECT",2,REJECT,10000,LKUS_push,1,rule_1FmMA19PHMfk&&(rule_nmXloyENuB74&&rule_Y7nk1IJykACS)&&(rule_xKTDyjTPLGTf)&&rule_wn0udlXWbirI&&(rule_QzocefR8qETA||rule_DZwU3SMclvMt),7,"[""rule_1FmMA19PHMfk"", ""rule_DZwU3SMclvMt"", ""rule_nmXloyENuB74"", ""rule_QzocefR8qETA"", ""rule_wn0udlXWbirI"", ""rule_xKTDyjTPLGTf"", ""rule_Y7nk1IJykACS""]",,,,,,,,,,,,,2026-09-19 00:37:34,true
165,策略管理,更新,2026-09-19T00:37:34,<已屏蔽:操作人>,before,更新策略信息,1,,,,,,,,,,,,strategy_tO7DZkJ1g0C2,"cid 包含 105,108&&(区号不是1&&区号不是+1)&&(realIpCountry 不等于字符串 美国)&&字段 phoneCountry 不等于字段 realIpCountry&&(同IP近1分钟关联手机号累计数 大于等于 3||同IP近5分钟关联手机号累计数 大于等于 4) 则 REJECT",0,REJECT,10000,LKUS_push,1,rule_1FmMA19PHMfk&&(rule_nmXloyENuB74&&rule_Y7nk1IJykACS)&&(rule_xKTDyjTPLGTf)&&rule_wn0udlXWbirI&&(rule_QzocefR8qETA||rule_DZwU3SMclvMt),7,"[""rule_1FmMA19PHMfk"", ""rule_DZwU3SMclvMt"", ""rule_nmXloyENuB74"", ""rule_QzocefR8qETA"", ""rule_wn0udlXWbirI"", ""rule_xKTDyjTPLGTf"", ""rule_Y7nk1IJykACS""]",,,,,,,,,,,,,2026-09-19 00:37:23,true
