shard,ny_date,n_push_rows,a_rows,a_success,a_condition_miss,a_params_error,a_both_success,a_success_eq_sibling,a_success_gt_sibling,a_success_eq_sibling_sib5,a_success_sib5,a_success_lt_half_sibling,b_rows,b_success,b_condition_miss,b_params_error,b_both_success,b_success_eq_sibling,b_success_gt_sibling,b_success_eq_sibling_sib5,b_success_sib5,b_success_lt_half_sibling,c_rows,c_success,c_condition_miss,c_params_error,c_both_success,c_success_eq_sibling,c_success_gt_sibling,c_success_eq_sibling_sib5,c_success_sib5,c_success_lt_half_sibling
0048,2026-08-20,24,0.0,,,,,,,0.0,0.0,,0.0,,,,,,,0.0,0.0,,0.0,,,,,,,,,
0048,2026-08-21,18,0.0,,,,,,,0.0,0.0,,0.0,,,,,,,0.0,0.0,,0.0,,,,,,,,,
0048,2026-08-22,27,0.0,,,,,,,0.0,0.0,,0.0,,,,,,,0.0,0.0,,0.0,,,,,,,,,
0048,2026-08-23,18,0.0,,,,,,,0.0,0.0,,0.0,,,,,,,0.0,0.0,,0.0,,,,,,,,,
0048,2026-08-24,23,0.0,,,,,,,0.0,0.0,,0.0,,,,,,,0.0,0.0,,0.0,,,,,,,,,
0048,2026-08-25,28,0.0,,,,,,,0.0,0.0,,0.0,,,,,,,0.0,0.0,,0.0,,,,,,,,,
0048,2026-08-26,19,0.0,,,,,,,0.0,0.0,,0.0,,,,,,,0.0,0.0,,0.0,,,,,,,,,
0048,2026-08-27,9,7.0,0.0,7.0,0.0,0.0,0.0,0.0,0.0,0.0,0.0,7.0,0.0,7.0,0.0,0.0,0.0,0.0,0.0,0.0,0.0,0.0,,,,,,,,,
0048,2026-08-28,25,23.0,6.0,17.0,0.0,6.0,6.0,0.0,2.0,2.0,0.0,23.0,0.0,23.0,0.0,0.0,0.0,0.0,0.0,0.0,0.0,0.0,,,,,,,,,
0048,2026-08-29,22,20.0,0.0,20.0,0.0,0.0,0.0,0.0,0.0,0.0,0.0,20.0,2.0,18.0,0.0,2.0,0.0,0.0,0.0,2.0,2.0,0.0,,,,,,,,,
0048,2026-08-30,24,23.0,6.0,17.0,0.0,6.0,3.0,0.0,0.0,3.0,3.0,23.0,1.0,22.0,0.0,1.0,0.0,0.0,0.0,1.0,1.0,0.0,,,,,,,,,
0048,2026-08-31,25,25.0,7.0,18.0,0.0,7.0,3.0,0.0,1.0,4.0,0.0,25.0,5.0,20.0,0.0,5.0,0.0,0.0,0.0,4.0,5.0,0.0,,,,,,,,,
0048,2026-09-01,24,21.0,1.0,20.0,0.0,1.0,1.0,0.0,0.0,0.0,0.0,21.0,1.0,20.0,0.0,1.0,0.0,0.0,0.0,0.0,0.0,0.0,,,,,,,,,
0048,2026-09-02,19,17.0,3.0,14.0,0.0,3.0,3.0,0.0,0.0,0.0,0.0,17.0,1.0,16.0,0.0,1.0,1.0,0.0,0.0,0.0,0.0,0.0,,,,,,,,,
0048,2026-09-03,35,35.0,13.0,22.0,0.0,13.0,11.0,0.0,8.0,10.0,0.0,35.0,3.0,32.0,0.0,3.0,0.0,0.0,0.0,2.0,2.0,0.0,,,,,,,,,
0048,2026-09-04,75,75.0,35.0,40.0,0.0,35.0,11.0,0.0,8.0,32.0,3.0,75.0,4.0,71.0,0.0,4.0,0.0,0.0,0.0,4.0,4.0,0.0,,,,,,,,,
0048,2026-09-05,82,82.0,41.0,41.0,0.0,41.0,6.0,0.0,2.0,37.0,2.0,82.0,3.0,79.0,0.0,3.0,0.0,0.0,0.0,3.0,3.0,0.0,,,,,,,,,
0048,2026-09-06,116,112.0,73.0,39.0,0.0,73.0,21.0,0.0,21.0,73.0,3.0,112.0,11.0,101.0,0.0,11.0,0.0,0.0,0.0,11.0,11.0,0.0,,,,,,,,,
0048,2026-09-07,89,87.0,60.0,27.0,0.0,60.0,16.0,0.0,10.0,54.0,4.0,87.0,6.0,81.0,0.0,6.0,0.0,0.0,0.0,6.0,6.0,0.0,,,,,,,,,
0048,2026-09-08,142,142.0,83.0,59.0,0.0,83.0,21.0,0.0,15.0,76.0,6.0,142.0,14.0,128.0,0.0,14.0,0.0,0.0,0.0,13.0,11.0,0.0,,,,,,,,,
0048,2026-09-09,152,149.0,79.0,70.0,0.0,79.0,42.0,0.0,37.0,74.0,5.0,149.0,24.0,125.0,0.0,24.0,5.0,0.0,5.0,24.0,14.0,0.0,,,,,,,,,
0048,2026-09-10,110,108.0,61.0,47.0,0.0,61.0,30.0,0.0,27.0,58.0,9.0,108.0,14.0,94.0,0.0,14.0,0.0,0.0,0.0,14.0,7.0,0.0,,,,,,,,,
0048,2026-09-11,77,77.0,48.0,29.0,0.0,48.0,16.0,0.0,14.0,44.0,4.0,77.0,19.0,58.0,0.0,19.0,1.0,0.0,1.0,19.0,7.0,0.0,,,,,,,,,
0048,2026-09-12,110,110.0,72.0,38.0,0.0,72.0,25.0,0.0,23.0,67.0,4.0,110.0,20.0,90.0,0.0,20.0,0.0,0.0,0.0,20.0,16.0,0.0,,,,,,,,,
0048,2026-09-13,84,82.0,63.0,19.0,0.0,63.0,43.0,0.0,38.0,58.0,0.0,82.0,29.0,53.0,0.0,29.0,3.0,0.0,1.0,27.0,8.0,61.0,0.0,0.0,61.0,0.0,0.0,0.0,0.0,0.0,0.0
0048,2026-09-14,75,73.0,50.0,23.0,0.0,50.0,10.0,0.0,9.0,48.0,9.0,73.0,8.0,65.0,0.0,8.0,0.0,0.0,0.0,8.0,6.0,73.0,0.0,0.0,73.0,0.0,0.0,0.0,0.0,0.0,0.0
0048,2026-09-15,143,143.0,105.0,38.0,0.0,105.0,45.0,0.0,36.0,96.0,8.0,143.0,52.0,91.0,0.0,52.0,3.0,0.0,1.0,48.0,20.0,143.0,0.0,0.0,143.0,0.0,0.0,0.0,0.0,0.0,0.0
0048,2026-09-16,96,96.0,61.0,35.0,0.0,61.0,19.0,0.0,16.0,58.0,4.0,96.0,6.0,90.0,0.0,6.0,0.0,0.0,0.0,6.0,4.0,96.0,0.0,0.0,96.0,0.0,0.0,0.0,0.0,0.0,0.0
0048,2026-09-17,108,104.0,67.0,37.0,0.0,67.0,33.0,0.0,23.0,57.0,5.0,104.0,10.0,94.0,0.0,10.0,0.0,0.0,0.0,10.0,10.0,104.0,0.0,0.0,104.0,0.0,0.0,0.0,0.0,0.0,0.0
0048,2026-09-18,98,96.0,61.0,35.0,0.0,61.0,41.0,0.0,38.0,58.0,9.0,96.0,24.0,72.0,0.0,24.0,3.0,0.0,2.0,23.0,13.0,96.0,0.0,0.0,96.0,0.0,0.0,0.0,0.0,0.0,0.0
0048,2026-09-19,98,97.0,70.0,27.0,0.0,70.0,36.0,0.0,28.0,62.0,8.0,97.0,15.0,82.0,0.0,15.0,0.0,0.0,0.0,14.0,12.0,97.0,0.0,0.0,97.0,0.0,0.0,0.0,0.0,0.0,0.0
0048,2026-09-20,50,48.0,27.0,21.0,0.0,27.0,12.0,0.0,9.0,24.0,7.0,48.0,9.0,39.0,0.0,9.0,0.0,0.0,0.0,9.0,3.0,48.0,0.0,0.0,48.0,0.0,0.0,0.0,0.0,0.0,0.0
0048,2026-09-21,60,60.0,16.0,44.0,0.0,16.0,2.0,0.0,1.0,15.0,3.0,60.0,6.0,54.0,0.0,6.0,0.0,0.0,0.0,6.0,5.0,60.0,0.0,0.0,60.0,0.0,0.0,0.0,0.0,0.0,0.0
0048,2026-09-22,113,106.0,56.0,50.0,0.0,56.0,27.0,0.0,26.0,55.0,9.0,106.0,15.0,91.0,0.0,15.0,0.0,0.0,0.0,14.0,13.0,106.0,0.0,0.0,106.0,0.0,0.0,0.0,0.0,0.0,0.0
0048,2026-09-23,95,92.0,45.0,47.0,0.0,45.0,10.0,0.0,10.0,45.0,5.0,92.0,19.0,73.0,0.0,19.0,0.0,0.0,0.0,19.0,12.0,92.0,0.0,0.0,92.0,0.0,0.0,0.0,0.0,0.0,0.0
0048,2026-09-24,53,53.0,27.0,26.0,0.0,27.0,7.0,0.0,3.0,23.0,0.0,53.0,40.0,13.0,0.0,40.0,33.0,0.0,29.0,36.0,7.0,53.0,4.0,29.0,20.0,4.0,0.0,0.0,0.0,4.0,4.0
