shard,utc_day,cc,sms,final_result,n,n_distinct_phones
0035,2026-08-25,1,1,PASS,12,11
0035,2026-08-25,62,1,PASS,3,1
0035,2026-08-26,1,1,PASS,11,10
0035,2026-08-26,375,1,PASS,1,1
0035,2026-08-26,86,1,PASS,2,1
0035,2026-08-27,1,1,PASS,12,11
0035,2026-08-27,86,1,PASS,1,1
0035,2026-08-27,880,1,REJECT,1,1
0035,2026-08-28,1,1,PASS,21,17
0035,2026-08-28,86,1,PASS,1,1
0035,2026-08-28,92,1,PASS,1,1
0035,2026-08-29,1,1,PASS,12,12
0035,2026-08-30,1,0,PASS,3,1
0035,2026-08-30,1,1,PASS,15,15
0035,2026-08-30,34,1,PASS,1,1
0035,2026-08-30,375,1,PASS,1,1
0035,2026-08-30,386,1,PASS,1,1
0035,2026-08-30,62,1,PASS,2,1
0035,2026-08-30,92,1,REJECT,1,1
0035,2026-08-31,1,1,PASS,16,14
0035,2026-08-31,264,1,REJECT,1,1
0035,2026-08-31,60,1,REJECT,1,1
0035,2026-09-01,1,1,PASS,13,13
0035,2026-09-01,213,1,PASS,2,2
0035,2026-09-01,375,1,REJECT,2,1
0035,2026-09-02,1,1,PASS,19,19
0035,2026-09-03,1,1,PASS,13,12
0035,2026-09-03,386,1,PASS,1,1
0035,2026-09-03,62,1,PASS,3,1
0035,2026-09-03,62,1,REJECT,2,1
0035,2026-09-03,86,1,PASS,5,2
0035,2026-09-03,992,1,PASS,1,1
0035,2026-09-03,992,1,REJECT,2,1
0035,2026-09-04,1,1,PASS,17,15
0035,2026-09-04,213,1,PASS,5,1
0035,2026-09-04,265,1,REJECT,6,1
0035,2026-09-04,375,1,PASS,5,1
0035,2026-09-04,375,1,REJECT,1,1
0035,2026-09-04,386,1,PASS,1,1
0035,2026-09-04,52,1,PASS,1,1
0035,2026-09-04,92,1,PASS,8,3
0035,2026-09-04,92,1,REJECT,2,2
0035,2026-09-04,976,1,PASS,1,1
0035,2026-09-04,992,1,PASS,10,1
0035,2026-09-05,1,1,PASS,22,20
0035,2026-09-05,213,1,PASS,9,2
0035,2026-09-05,213,1,REJECT,7,4
0035,2026-09-05,221,1,PASS,1,1
0035,2026-09-05,264,1,PASS,9,2
0035,2026-09-05,264,1,REJECT,5,1
0035,2026-09-05,265,1,REJECT,2,1
0035,2026-09-05,375,1,PASS,5,4
0035,2026-09-05,375,1,REJECT,3,2
0035,2026-09-05,380,1,PASS,1,1
0035,2026-09-05,386,1,PASS,5,2
0035,2026-09-05,386,1,REJECT,2,1
0035,2026-09-05,60,1,PASS,2,1
0035,2026-09-05,60,1,REJECT,3,1
0035,2026-09-05,92,1,REJECT,3,1
0035,2026-09-05,976,1,PASS,2,2
0035,2026-09-05,976,1,REJECT,1,1
0035,2026-09-05,992,1,PASS,17,4
0035,2026-09-05,992,1,REJECT,5,1
0035,2026-09-06,1,1,PASS,18,13
0035,2026-09-06,213,1,PASS,1,1
0035,2026-09-06,213,1,REJECT,8,5
0035,2026-09-06,251,1,PASS,1,1
0035,2026-09-06,255,1,PASS,2,2
0035,2026-09-06,265,1,PASS,1,1
0035,2026-09-06,265,1,REJECT,5,2
0035,2026-09-06,375,1,PASS,6,4
0035,2026-09-06,375,1,REJECT,17,4
0035,2026-09-06,386,1,PASS,12,7
0035,2026-09-06,386,1,REJECT,10,3
0035,2026-09-06,504,1,PASS,2,2
0035,2026-09-06,504,1,REJECT,3,2
0035,2026-09-06,92,1,PASS,6,2
0035,2026-09-06,92,1,REJECT,15,5
0035,2026-09-06,976,1,PASS,3,2
0035,2026-09-06,992,1,PASS,3,1
0035,2026-09-06,992,1,REJECT,1,1
0035,2026-09-06,998,1,PASS,2,1
0035,2026-09-07,1,1,PASS,22,15
0035,2026-09-07,213,1,PASS,6,5
0035,2026-09-07,213,1,REJECT,5,3
0035,2026-09-07,221,1,PASS,1,1
0035,2026-09-07,251,1,PASS,1,1
0035,2026-09-07,258,1,PASS,2,2
0035,2026-09-07,265,1,PASS,3,1
0035,2026-09-07,265,1,REJECT,8,3
0035,2026-09-07,375,1,PASS,4,4
0035,2026-09-07,375,1,REJECT,10,6
0035,2026-09-07,386,1,PASS,2,2
0035,2026-09-07,386,1,REJECT,12,4
0035,2026-09-07,44,1,PASS,1,1
0035,2026-09-07,504,1,PASS,2,1
0035,2026-09-07,504,1,REJECT,1,1
0035,2026-09-07,65,1,PASS,1,1
0035,2026-09-07,92,1,PASS,1,1
0035,2026-09-07,92,1,REJECT,2,1
0035,2026-09-07,95,1,PASS,1,1
0035,2026-09-07,976,1,PASS,2,1
0035,2026-09-07,992,1,PASS,9,1
0035,2026-09-07,992,1,REJECT,2,1
0035,2026-09-08,1,1,PASS,17,15
0035,2026-09-08,213,1,PASS,4,2
0035,2026-09-08,213,1,REJECT,2,2
0035,2026-09-08,233,1,REJECT,2,1
0035,2026-09-08,264,1,PASS,3,2
0035,2026-09-08,264,1,REJECT,7,3
0035,2026-09-08,265,1,PASS,1,1
0035,2026-09-08,265,1,REJECT,1,1
0035,2026-09-08,375,1,PASS,4,3
0035,2026-09-08,375,1,REJECT,9,4
0035,2026-09-08,386,1,PASS,5,3
0035,2026-09-08,386,1,REJECT,11,5
0035,2026-09-08,504,1,PASS,5,4
0035,2026-09-08,504,1,REJECT,1,1
0035,2026-09-08,52,1,PASS,2,1
0035,2026-09-08,92,1,REJECT,4,4
0035,2026-09-08,992,1,PASS,10,3
0035,2026-09-08,992,1,REJECT,15,5
0035,2026-09-09,1,1,PASS,25,23
0035,2026-09-09,213,1,PASS,5,4
0035,2026-09-09,213,1,REJECT,12,5
0035,2026-09-09,220,1,PASS,9,3
0035,2026-09-09,220,1,REJECT,4,3
0035,2026-09-09,223,1,PASS,6,1
0035,2026-09-09,223,1,REJECT,3,1
0035,2026-09-09,233,1,PASS,2,1
0035,2026-09-09,233,1,REJECT,1,1
0035,2026-09-09,258,1,PASS,1,1
0035,2026-09-09,264,1,REJECT,2,1
0035,2026-09-09,375,1,PASS,3,3
0035,2026-09-09,375,1,REJECT,2,2
0035,2026-09-09,386,1,PASS,1,1
0035,2026-09-09,386,1,REJECT,25,5
0035,2026-09-09,504,1,PASS,2,2
0035,2026-09-09,52,1,PASS,1,1
0035,2026-09-09,60,1,REJECT,1,1
0035,2026-09-09,92,1,PASS,2,2
0035,2026-09-09,92,1,REJECT,3,3
0035,2026-09-09,992,1,PASS,8,6
0035,2026-09-09,992,1,REJECT,5,3
0035,2026-09-10,1,1,PASS,21,18
0035,2026-09-10,213,1,PASS,7,5
0035,2026-09-10,213,1,REJECT,10,4
0035,2026-09-10,220,1,PASS,12,2
0035,2026-09-10,220,1,REJECT,4,2
0035,2026-09-10,223,1,PASS,4,1
0035,2026-09-10,223,1,REJECT,3,1
0035,2026-09-10,233,1,REJECT,5,1
0035,2026-09-10,258,1,PASS,3,2
0035,2026-09-10,265,1,PASS,3,2
0035,2026-09-10,265,1,REJECT,2,1
0035,2026-09-10,31,1,REJECT,2,2
0035,2026-09-10,375,1,PASS,1,1
0035,2026-09-10,375,1,REJECT,4,3
0035,2026-09-10,386,1,PASS,2,2
0035,2026-09-10,386,1,REJECT,3,1
0035,2026-09-10,60,1,PASS,1,1
0035,2026-09-10,86,1,PASS,1,1
0035,2026-09-10,92,1,PASS,2,1
0035,2026-09-10,92,1,REJECT,6,2
0035,2026-09-10,992,1,PASS,4,4
0035,2026-09-10,992,1,REJECT,7,2
0035,2026-09-11,1,1,PASS,19,16
0035,2026-09-11,213,1,PASS,1,1
0035,2026-09-11,213,1,REJECT,4,2
0035,2026-09-11,220,1,PASS,15,2
0035,2026-09-11,220,1,REJECT,27,3
0035,2026-09-11,223,1,REJECT,4,1
0035,2026-09-11,258,1,REJECT,1,1
0035,2026-09-11,264,1,PASS,1,1
0035,2026-09-11,264,1,REJECT,4,1
0035,2026-09-11,265,1,PASS,5,2
0035,2026-09-11,265,1,REJECT,3,1
0035,2026-09-11,375,1,PASS,2,2
0035,2026-09-11,375,1,REJECT,4,3
0035,2026-09-11,386,1,REJECT,1,1
0035,2026-09-11,63,1,REJECT,1,1
0035,2026-09-11,86,1,PASS,1,1
0035,2026-09-11,92,1,PASS,2,2
0035,2026-09-11,92,1,REJECT,4,2
0035,2026-09-11,95,1,REJECT,1,1
0035,2026-09-11,992,1,PASS,2,1
0035,2026-09-11,992,1,REJECT,1,1
0035,2026-09-12,1,1,PASS,16,16
0035,2026-09-12,213,1,PASS,1,1
0035,2026-09-12,213,1,REJECT,1,1
0035,2026-09-12,220,1,REJECT,5,3
0035,2026-09-12,223,1,PASS,1,1
0035,2026-09-12,223,1,REJECT,1,1
0035,2026-09-12,264,1,PASS,2,1
0035,2026-09-12,265,1,PASS,3,2
0035,2026-09-12,265,1,REJECT,3,2
0035,2026-09-12,33,1,PASS,1,1
0035,2026-09-12,386,1,PASS,1,1
0035,2026-09-12,7,1,PASS,1,1
0035,2026-09-12,7,1,REJECT,1,1
0035,2026-09-12,86,1,PASS,2,2
0035,2026-09-12,92,1,REJECT,3,3
0035,2026-09-12,992,1,PASS,3,2
0035,2026-09-12,992,1,REJECT,1,1
0035,2026-09-13,1,1,PASS,12,10
0035,2026-09-13,213,1,PASS,3,2
0035,2026-09-13,213,1,REJECT,8,1
0035,2026-09-13,220,1,PASS,6,1
0035,2026-09-13,220,1,REJECT,1,1
0035,2026-09-13,264,1,PASS,8,3
0035,2026-09-13,264,1,REJECT,7,2
0035,2026-09-13,265,1,PASS,2,1
0035,2026-09-13,375,1,PASS,2,2
0035,2026-09-13,375,1,REJECT,10,5
0035,2026-09-13,386,1,PASS,3,3
0035,2026-09-13,386,1,REJECT,5,1
0035,2026-09-13,7,1,PASS,1,1
0035,2026-09-13,7,1,REJECT,1,1
0035,2026-09-13,92,1,PASS,4,2
0035,2026-09-13,92,1,REJECT,6,3
0035,2026-09-13,992,1,PASS,4,3
0035,2026-09-13,992,1,REJECT,5,2
0035,2026-09-14,1,1,PASS,10,8
0035,2026-09-14,213,1,PASS,4,2
0035,2026-09-14,264,1,PASS,1,1
0035,2026-09-14,265,1,PASS,2,2
0035,2026-09-14,265,1,REJECT,3,2
0035,2026-09-14,375,1,PASS,1,1
0035,2026-09-14,375,1,REJECT,2,1
0035,2026-09-14,386,1,PASS,2,1
0035,2026-09-14,60,1,PASS,1,1
0035,2026-09-14,7,1,PASS,2,1
0035,2026-09-14,7,1,REJECT,1,1
0035,2026-09-14,92,1,PASS,3,2
0035,2026-09-14,92,1,REJECT,7,3
0035,2026-09-14,992,1,PASS,1,1
0035,2026-09-14,992,1,REJECT,2,1
0035,2026-09-15,1,1,PASS,17,17
0035,2026-09-15,213,1,PASS,3,3
0035,2026-09-15,213,1,REJECT,4,2
0035,2026-09-15,220,1,PASS,7,1
0035,2026-09-15,220,1,REJECT,1,1
0035,2026-09-15,251,1,PASS,2,1
0035,2026-09-15,264,1,PASS,2,2
0035,2026-09-15,264,1,REJECT,17,5
0035,2026-09-15,265,1,PASS,4,2
0035,2026-09-15,265,1,REJECT,11,4
0035,2026-09-15,375,1,PASS,3,3
0035,2026-09-15,375,1,REJECT,19,4
0035,2026-09-15,386,1,PASS,3,2
0035,2026-09-15,7,1,PASS,2,2
0035,2026-09-15,7,1,REJECT,2,1
0035,2026-09-15,92,1,PASS,1,1
0035,2026-09-15,95,1,PASS,1,1
0035,2026-09-15,992,1,PASS,3,2
0035,2026-09-15,992,1,REJECT,5,4
0035,2026-09-16,1,1,PASS,24,20
0035,2026-09-16,213,1,PASS,1,1
0035,2026-09-16,213,1,REJECT,1,1
0035,2026-09-16,220,1,REJECT,3,1
0035,2026-09-16,223,1,PASS,3,1
0035,2026-09-16,223,1,REJECT,2,1
0035,2026-09-16,244,1,PASS,1,1
0035,2026-09-16,264,1,PASS,2,2
0035,2026-09-16,264,1,REJECT,4,4
0035,2026-09-16,265,1,PASS,1,1
0035,2026-09-16,265,1,REJECT,2,1
0035,2026-09-16,375,1,PASS,3,3
0035,2026-09-16,375,1,REJECT,7,3
0035,2026-09-16,386,1,PASS,4,4
0035,2026-09-16,386,1,REJECT,3,2
0035,2026-09-16,7,1,PASS,1,1
0035,2026-09-16,86,1,PASS,1,1
0035,2026-09-16,92,1,PASS,2,2
0035,2026-09-16,92,1,REJECT,1,1
0035,2026-09-16,992,1,PASS,3,2
0035,2026-09-16,992,1,REJECT,1,1
0035,2026-09-17,1,1,PASS,23,22
0035,2026-09-17,220,1,PASS,7,1
0035,2026-09-17,220,1,REJECT,8,2
0035,2026-09-17,233,1,PASS,1,1
0035,2026-09-17,264,1,PASS,7,3
0035,2026-09-17,264,1,REJECT,1,1
0035,2026-09-17,265,1,PASS,2,2
0035,2026-09-17,265,1,REJECT,7,4
0035,2026-09-17,31,1,PASS,3,3
0035,2026-09-17,31,1,REJECT,1,1
0035,2026-09-17,375,1,PASS,1,1
0035,2026-09-17,375,1,REJECT,3,2
0035,2026-09-17,386,1,REJECT,4,2
0035,2026-09-17,7,1,PASS,1,1
0035,2026-09-17,86,1,PASS,1,1
0035,2026-09-17,92,1,PASS,2,2
0035,2026-09-17,992,1,PASS,2,2
0035,2026-09-17,992,1,REJECT,1,1
0035,2026-09-18,1,1,PASS,23,22
0035,2026-09-18,213,1,PASS,1,1
0035,2026-09-18,213,1,REJECT,5,2
0035,2026-09-18,220,1,PASS,10,2
0035,2026-09-18,220,1,REJECT,10,2
0035,2026-09-18,254,1,REJECT,1,1
0035,2026-09-18,264,1,PASS,6,2
0035,2026-09-18,264,1,REJECT,9,3
0035,2026-09-18,265,1,PASS,2,2
0035,2026-09-18,265,1,REJECT,10,2
0035,2026-09-18,375,1,PASS,2,2
0035,2026-09-18,375,1,REJECT,2,1
0035,2026-09-18,386,1,PASS,5,3
0035,2026-09-18,386,1,REJECT,9,2
0035,2026-09-18,7,1,PASS,1,1
0035,2026-09-18,7,1,REJECT,3,3
0035,2026-09-18,92,1,PASS,3,3
0035,2026-09-18,92,1,REJECT,6,3
0035,2026-09-19,1,1,PASS,17,13
0035,2026-09-19,213,1,PASS,7,2
0035,2026-09-19,213,1,REJECT,4,2
0035,2026-09-19,220,1,PASS,1,1
0035,2026-09-19,220,1,REJECT,5,2
0035,2026-09-19,233,1,PASS,2,1
0035,2026-09-19,233,1,REJECT,1,1
0035,2026-09-19,254,1,REJECT,1,1
0035,2026-09-19,264,1,PASS,3,3
0035,2026-09-19,264,1,REJECT,14,2
0035,2026-09-19,265,1,PASS,4,2
0035,2026-09-19,265,1,REJECT,6,5
0035,2026-09-19,375,1,PASS,5,4
0035,2026-09-19,375,1,REJECT,15,5
0035,2026-09-19,386,1,PASS,3,2
0035,2026-09-19,386,1,REJECT,7,2
0035,2026-09-19,60,1,REJECT,1,1
0035,2026-09-19,852,1,PASS,1,1
0035,2026-09-19,92,1,REJECT,6,2
0035,2026-09-19,992,1,REJECT,1,1
0035,2026-09-19,998,1,PASS,1,1
0035,2026-09-20,1,1,PASS,11,8
0035,2026-09-20,213,1,PASS,2,2
0035,2026-09-20,213,1,REJECT,4,3
0035,2026-09-20,220,1,PASS,1,1
0035,2026-09-20,220,1,REJECT,4,1
0035,2026-09-20,221,1,PASS,1,1
0035,2026-09-20,264,1,PASS,1,1
0035,2026-09-20,264,1,REJECT,5,3
0035,2026-09-20,265,1,PASS,1,1
0035,2026-09-20,31,1,REJECT,6,1
0035,2026-09-20,375,1,PASS,6,6
0035,2026-09-20,375,1,REJECT,5,4
0035,2026-09-20,386,1,PASS,2,2
0035,2026-09-20,386,1,REJECT,6,5
0035,2026-09-20,86,1,PASS,1,1
0035,2026-09-20,92,1,PASS,2,2
0035,2026-09-20,92,1,REJECT,3,2
0035,2026-09-20,992,1,PASS,2,1
0035,2026-09-20,992,1,REJECT,1,1
0035,2026-09-21,1,1,PASS,29,22
0035,2026-09-21,1,1,REVIEW,1,1
0035,2026-09-21,213,1,PASS,1,1
0035,2026-09-21,264,1,PASS,2,1
0035,2026-09-21,265,1,REJECT,6,2
0035,2026-09-21,375,1,PASS,2,1
0035,2026-09-21,375,1,REJECT,3,2
0035,2026-09-21,386,1,PASS,2,1
0035,2026-09-21,386,1,REJECT,6,3
0035,2026-09-21,60,1,PASS,1,1
0035,2026-09-21,7,1,PASS,2,2
0035,2026-09-21,856,1,PASS,1,1
0035,2026-09-21,856,1,REJECT,1,1
0035,2026-09-21,92,1,PASS,2,2
0035,2026-09-21,92,1,REJECT,11,2
0035,2026-09-22,1,1,PASS,20,16
0035,2026-09-22,213,1,PASS,3,2
0035,2026-09-22,213,1,REJECT,1,1
0035,2026-09-22,251,1,REJECT,1,1
0035,2026-09-22,264,1,PASS,2,2
0035,2026-09-22,264,1,REJECT,3,2
0035,2026-09-22,265,1,PASS,1,1
0035,2026-09-22,375,1,PASS,2,1
0035,2026-09-22,375,1,REJECT,4,3
0035,2026-09-22,380,1,PASS,1,1
0035,2026-09-22,380,1,REJECT,1,1
0035,2026-09-22,386,1,PASS,2,1
0035,2026-09-22,386,1,REJECT,10,3
0035,2026-09-22,60,1,PASS,1,1
0035,2026-09-22,60,1,REJECT,2,2
0035,2026-09-22,7,1,PASS,1,1
0035,2026-09-22,7,1,REJECT,1,1
0035,2026-09-22,856,1,PASS,2,2
0035,2026-09-22,856,1,REJECT,3,2
0035,2026-09-22,92,1,PASS,3,3
0035,2026-09-22,92,1,REJECT,13,7
0035,2026-09-23,1,1,PASS,17,17
0035,2026-09-23,213,1,PASS,2,2
0035,2026-09-23,213,1,REJECT,2,1
0035,2026-09-23,223,1,PASS,2,1
0035,2026-09-23,264,1,PASS,2,2
0035,2026-09-23,265,1,PASS,1,1
0035,2026-09-23,265,1,REJECT,1,1
0035,2026-09-23,375,1,PASS,2,2
0035,2026-09-23,375,1,REJECT,1,1
0035,2026-09-23,386,1,REJECT,4,2
0035,2026-09-23,60,1,PASS,10,1
0035,2026-09-23,60,1,REJECT,9,1
0035,2026-09-23,856,1,REJECT,1,1
0035,2026-09-23,86,1,PASS,1,1
0035,2026-09-23,92,1,PASS,3,3
0035,2026-09-23,92,1,REJECT,6,3
0035,2026-09-24,1,1,PASS,23,19
0035,2026-09-24,213,1,REJECT,5,2
0035,2026-09-24,31,1,PASS,2,1
0035,2026-09-24,386,1,REJECT,1,1
0035,2026-09-24,60,1,PASS,2,1
0035,2026-09-24,60,1,REJECT,11,1
0035,2026-09-24,60,1,REVIEW,1,1
0035,2026-09-24,856,1,REJECT,2,2
0035,2026-09-24,86,1,PASS,1,1
0035,2026-09-24,92,1,PASS,8,2
0035,2026-09-24,92,1,REJECT,5,4
0035,2026-09-25,1,0,PASS,1,1
0035,2026-09-25,1,1,PASS,22,14
0035,2026-09-25,375,1,REJECT,2,2
0035,2026-09-25,386,1,REJECT,2,2
0035,2026-09-25,60,1,REJECT,1,1
0035,2026-09-25,856,1,REJECT,1,1
0035,2026-09-25,92,1,REJECT,2,1
0035,2026-09-26,1,1,PASS,4,4
0035,2026-09-26,213,1,REJECT,1,1
0035,2026-09-26,220,1,REJECT,2,1
0035,2026-09-26,386,1,REJECT,4,1
0035,2026-09-26,60,1,PASS,4,2
0035,2026-09-26,60,1,REJECT,2,1
0035,2026-09-26,60,1,REVIEW,1,1
0035,2026-09-26,62,1,REJECT,3,1
0035,2026-09-26,65,1,PASS,1,1
0035,2026-09-26,7,1,REJECT,1,1
0035,2026-09-26,92,1,PASS,2,2
0035,2026-09-26,92,1,REJECT,3,1
