id,scene_type,async,open,online,tenant,deleted,create_emp,create_name,create_time,modify_emp,modify_name,modify_time
1,1001,0,1,1,LKUS,0,<已屏蔽:操作人>,<已屏蔽:操作人>,2025-05-29T12:24:39,<已屏蔽:操作人>,<已屏蔽:操作人>,2025-05-29T12:24:39
2,1002,0,1,1,LKUS,0,<已屏蔽:操作人>,<已屏蔽:操作人>,2025-05-29T12:25:00,<已屏蔽:操作人>,<已屏蔽:操作人>,2025-05-29T12:25:00
3,2003,0,1,1,LKUS,0,<已屏蔽:操作人>,<已屏蔽:操作人>,2025-05-29T12:25:34,<已屏蔽:操作人>,<已屏蔽:操作人>,2025-05-29T12:25:34
4,3001,0,1,1,LKUS,0,<已屏蔽:操作人>,<已屏蔽:操作人>,2025-05-29T12:26:16,<已屏蔽:操作人>,<已屏蔽:操作人>,2025-05-29T12:26:16
5,3002,0,1,1,LKUS,0,<已屏蔽:操作人>,<已屏蔽:操作人>,2025-05-29T12:26:33,<已屏蔽:操作人>,<已屏蔽:操作人>,2025-05-29T12:26:33
6,3003,0,1,1,LKUS,0,<已屏蔽:操作人>,<已屏蔽:操作人>,2025-05-29T12:26:44,<已屏蔽:操作人>,<已屏蔽:操作人>,2025-05-29T12:26:44
7,4001,0,1,1,LKUS,0,<已屏蔽:操作人>,<已屏蔽:操作人>,2025-05-29T12:26:50,<已屏蔽:操作人>,<已屏蔽:操作人>,2025-05-29T12:26:50
8,4002,0,1,1,LKUS,0,<已屏蔽:操作人>,<已屏蔽:操作人>,2025-05-29T12:27:01,<已屏蔽:操作人>,<已屏蔽:操作人>,2025-05-29T12:27:01
9,4003,0,1,1,LKUS,0,<已屏蔽:操作人>,<已屏蔽:操作人>,2025-05-29T12:27:12,<已屏蔽:操作人>,<已屏蔽:操作人>,2025-05-29T12:27:12
10,5001,0,1,1,LKUS,0,<已屏蔽:操作人>,<已屏蔽:操作人>,2025-05-29T12:27:23,<已屏蔽:操作人>,<已屏蔽:操作人>,2025-05-29T12:27:23
11,5002,0,1,1,LKUS,0,<已屏蔽:操作人>,<已屏蔽:操作人>,2025-05-29T12:27:29,<已屏蔽:操作人>,<已屏蔽:操作人>,2025-05-29T12:27:29
12,6001,0,1,1,LKUS,0,<已屏蔽:操作人>,<已屏蔽:操作人>,2025-05-29T12:27:43,<已屏蔽:操作人>,<已屏蔽:操作人>,2025-05-29T12:27:43
13,6002,0,1,1,LKUS,0,<已屏蔽:操作人>,<已屏蔽:操作人>,2025-05-29T12:27:51,<已屏蔽:操作人>,<已屏蔽:操作人>,2025-05-29T12:27:51
14,7001,0,1,1,LKUS,0,<已屏蔽:操作人>,<已屏蔽:操作人>,2025-05-29T12:28:00,<已屏蔽:操作人>,<已屏蔽:操作人>,2025-05-29T12:28:00
15,10001,0,1,1,LKUS,0,<已屏蔽:操作人>,<已屏蔽:操作人>,2025-05-29T12:28:18,<已屏蔽:操作人>,<已屏蔽:操作人>,2025-05-29T12:28:18
16,1001,0,1,1,IQA2,0,<已屏蔽:操作人>,<已屏蔽:操作人>,2025-06-12T01:44:13,<已屏蔽:操作人>,<已屏蔽:操作人>,2025-06-12T01:44:13
17,1002,0,1,1,IQA2,0,<已屏蔽:操作人>,<已屏蔽:操作人>,2025-06-12T01:44:23,<已屏蔽:操作人>,<已屏蔽:操作人>,2025-06-12T01:44:23
18,2003,0,1,1,IQA2,0,<已屏蔽:操作人>,<已屏蔽:操作人>,2025-06-12T01:44:34,<已屏蔽:操作人>,<已屏蔽:操作人>,2025-06-12T01:44:34
19,3001,0,1,1,IQA2,0,<已屏蔽:操作人>,<已屏蔽:操作人>,2025-06-12T01:44:42,<已屏蔽:操作人>,<已屏蔽:操作人>,2025-06-12T01:44:42
20,3002,0,1,1,IQA2,0,<已屏蔽:操作人>,<已屏蔽:操作人>,2025-06-12T01:44:54,<已屏蔽:操作人>,<已屏蔽:操作人>,2025-06-12T01:44:54
21,3003,0,1,1,IQA2,0,<已屏蔽:操作人>,<已屏蔽:操作人>,2025-06-12T01:45:07,<已屏蔽:操作人>,<已屏蔽:操作人>,2025-06-12T01:45:07
22,4001,0,1,1,IQA2,0,<已屏蔽:操作人>,<已屏蔽:操作人>,2025-06-12T01:45:25,<已屏蔽:操作人>,<已屏蔽:操作人>,2025-06-12T01:45:25
23,4002,0,1,1,IQA2,0,<已屏蔽:操作人>,<已屏蔽:操作人>,2025-06-12T01:46:06,<已屏蔽:操作人>,<已屏蔽:操作人>,2025-06-12T01:46:06
24,4003,0,1,1,IQA2,0,<已屏蔽:操作人>,<已屏蔽:操作人>,2025-06-12T01:46:34,<已屏蔽:操作人>,<已屏蔽:操作人>,2025-06-12T01:46:34
25,5001,0,1,1,IQA2,0,<已屏蔽:操作人>,<已屏蔽:操作人>,2025-06-12T01:46:47,<已屏蔽:操作人>,<已屏蔽:操作人>,2025-06-12T01:46:47
26,5002,0,1,1,IQA2,0,<已屏蔽:操作人>,<已屏蔽:操作人>,2025-06-12T01:46:59,<已屏蔽:操作人>,<已屏蔽:操作人>,2025-06-12T01:46:59
27,6001,0,1,1,IQA2,0,<已屏蔽:操作人>,<已屏蔽:操作人>,2025-06-12T01:47:09,<已屏蔽:操作人>,<已屏蔽:操作人>,2025-06-12T01:47:09
28,6002,0,1,1,IQA2,0,<已屏蔽:操作人>,<已屏蔽:操作人>,2025-06-12T01:47:16,<已屏蔽:操作人>,<已屏蔽:操作人>,2025-06-12T01:47:16
29,7001,0,1,1,IQA2,0,<已屏蔽:操作人>,<已屏蔽:操作人>,2025-06-12T01:47:21,<已屏蔽:操作人>,<已屏蔽:操作人>,2025-06-12T01:47:21
30,10001,0,1,1,IQA2,0,<已屏蔽:操作人>,<已屏蔽:操作人>,2025-06-12T01:47:33,<已屏蔽:操作人>,<已屏蔽:操作人>,2025-06-12T01:47:33
31,2004,0,1,1,LKUS,0,<已屏蔽:操作人>,<已屏蔽:操作人>,2026-07-28T07:08:09,<已屏蔽:操作人>,<已屏蔽:操作人>,2026-07-28T07:08:09
32,2004,0,1,1,IQA2,0,<已屏蔽:操作人>,<已屏蔽:操作人>,2026-07-28T08:15:29,<已屏蔽:操作人>,<已屏蔽:操作人>,2026-07-28T08:15:29
