cid,review_repeat,engine_result,final_result,rows,distinct_phones,basis
105,false,PASS,PASS,6458,3614,"SMS rule (email empty), LKUS_push, NY 2026-09-20..2026-09-26"
105,false,REJECT,REJECT,11251,4179,"SMS rule (email empty), LKUS_push, NY 2026-09-20..2026-09-26"
105,,PASS,PASS,677,405,"SMS rule (email empty), LKUS_push, NY 2026-09-20..2026-09-26"
105,,REJECT,REJECT,1167,369,"SMS rule (email empty), LKUS_push, NY 2026-09-20..2026-09-26"
106,false,PASS,PASS,5366,4839,"SMS rule (email empty), LKUS_push, NY 2026-09-20..2026-09-26"
106,false,REJECT,REJECT,24,11,"SMS rule (email empty), LKUS_push, NY 2026-09-20..2026-09-26"
106,,PASS,PASS,116,113,"SMS rule (email empty), LKUS_push, NY 2026-09-20..2026-09-26"
108,false,PASS,PASS,889,777,"SMS rule (email empty), LKUS_push, NY 2026-09-20..2026-09-26"
108,false,REJECT,REJECT,226,37,"SMS rule (email empty), LKUS_push, NY 2026-09-20..2026-09-26"
108,false,REVIEW,PASS,55,29,"SMS rule (email empty), LKUS_push, NY 2026-09-20..2026-09-26"
108,false,REVIEW,REVIEW,68,55,"SMS rule (email empty), LKUS_push, NY 2026-09-20..2026-09-26"
108,true,REJECT,REJECT,29,23,"SMS rule (email empty), LKUS_push, NY 2026-09-20..2026-09-26"
108,true,REVIEW,PASS,41,39,"SMS rule (email empty), LKUS_push, NY 2026-09-20..2026-09-26"
108,true,REVIEW,REVIEW,4,4,"SMS rule (email empty), LKUS_push, NY 2026-09-20..2026-09-26"
702,,PASS,PASS,477,413,"SMS rule (email empty), LKUS_push, NY 2026-09-20..2026-09-26"
