shard,utc_hour,list,strategy_id,hit_status,final_result,pv,uv_phones
0042,2026-09-22 16:00,preonline,strategy_43NaEzJmiQFk,PREONLINE,PASS,4,2
0042,2026-09-22 16:00,preonline,strategy_43NaEzJmiQFk,PREONLINE,REJECT,1,1
0042,2026-09-22 17:00,preonline,strategy_43NaEzJmiQFk,PREONLINE,PASS,1,1
0042,2026-09-22 18:00,preonline,strategy_43NaEzJmiQFk,PREONLINE,PASS,1,1
0042,2026-09-22 23:00,preonline,strategy_43NaEzJmiQFk,PREONLINE,PASS,1,1
0042,2026-09-22 23:00,preonline,strategy_43NaEzJmiQFk,PREONLINE,REJECT,2,1
0042,2026-09-23 00:00,preonline,strategy_43NaEzJmiQFk,PREONLINE,PASS,1,1
0042,2026-09-23 01:00,preonline,strategy_43NaEzJmiQFk,PREONLINE,PASS,3,3
0042,2026-09-23 01:00,preonline,strategy_43NaEzJmiQFk,PREONLINE,REJECT,1,1
0042,2026-09-23 02:00,preonline,strategy_43NaEzJmiQFk,PREONLINE,PASS,1,1
0042,2026-09-23 03:00,preonline,strategy_43NaEzJmiQFk,PREONLINE,PASS,1,1
0042,2026-09-23 04:00,preonline,strategy_43NaEzJmiQFk,PREONLINE,PASS,3,1
0042,2026-09-23 05:00,preonline,strategy_43NaEzJmiQFk,PREONLINE,PASS,1,1
0042,2026-09-23 07:00,preonline,strategy_43NaEzJmiQFk,PREONLINE,PASS,1,1
0042,2026-09-23 08:00,preonline,strategy_43NaEzJmiQFk,PREONLINE,REJECT,1,1
0042,2026-09-23 10:00,preonline,strategy_43NaEzJmiQFk,PREONLINE,REJECT,9,1
0042,2026-09-23 11:00,preonline,strategy_43NaEzJmiQFk,PREONLINE,PASS,1,1
0042,2026-09-23 11:00,preonline,strategy_43NaEzJmiQFk,PREONLINE,REJECT,1,1
0042,2026-09-23 12:00,preonline,strategy_43NaEzJmiQFk,PREONLINE,REJECT,2,1
0042,2026-09-23 14:00,preonline,strategy_43NaEzJmiQFk,PREONLINE,PASS,4,3
0042,2026-09-23 14:00,preonline,strategy_43NaEzJmiQFk,PREONLINE,REJECT,1,1
0042,2026-09-23 17:00,online,strategy_43NaEzJmiQFk,ONLINE,REJECT,1,1
0042,2026-09-23 18:00,online,strategy_43NaEzJmiQFk,ONLINE,REJECT,1,1
0042,2026-09-23 23:00,online,strategy_43NaEzJmiQFk,ONLINE,REJECT,5,2
0042,2026-09-24 01:00,online,strategy_43NaEzJmiQFk,ONLINE,REJECT,1,1
0042,2026-09-24 06:00,online,strategy_43NaEzJmiQFk,ONLINE,REJECT,1,1
0042,2026-09-25 07:00,online,strategy_43NaEzJmiQFk,ONLINE,REJECT,1,1
0042,2026-09-25 08:00,online,strategy_43NaEzJmiQFk,ONLINE,REJECT,1,1
0042,2026-09-25 11:00,online,strategy_43NaEzJmiQFk,ONLINE,REJECT,1,1
0042,2026-09-25 13:00,online,strategy_43NaEzJmiQFk,ONLINE,REJECT,3,1
0042,2026-09-25 15:00,online,strategy_43NaEzJmiQFk,ONLINE,REJECT,1,1
0042,2026-09-26 04:00,online,strategy_43NaEzJmiQFk,ONLINE,REJECT,2,1
0042,2026-09-26 17:00,online,strategy_43NaEzJmiQFk,ONLINE,REJECT,1,1
