shard,window_start_utc,rows_no_cc_filter,rows_cc_filter,pass_cc_filter,reject_cc_filter,review_cc_filter
0040,2026-08-21 20:09:00,20,20.0,20.0,0.0,0.0
0040,2026-08-22 20:09:00,24,24.0,24.0,0.0,0.0
0040,2026-08-23 20:09:00,13,13.0,11.0,2.0,0.0
0040,2026-08-24 20:09:00,15,15.0,9.0,6.0,0.0
0040,2026-08-25 20:09:00,17,17.0,17.0,0.0,0.0
0040,2026-08-26 20:09:00,11,11.0,11.0,0.0,0.0
0040,2026-08-27 20:09:00,21,21.0,21.0,0.0,0.0
0040,2026-08-28 20:09:00,35,35.0,33.0,1.0,1.0
0040,2026-08-29 20:09:00,27,27.0,27.0,0.0,0.0
0040,2026-08-30 20:09:00,28,28.0,24.0,4.0,0.0
0040,2026-08-31 20:09:00,25,25.0,23.0,2.0,0.0
0040,2026-09-01 20:09:00,14,14.0,14.0,0.0,0.0
0040,2026-09-02 20:09:00,40,40.0,36.0,4.0,0.0
0040,2026-09-03 20:09:00,43,43.0,35.0,8.0,0.0
0040,2026-09-04 20:09:00,76,76.0,50.0,26.0,0.0
0040,2026-09-05 20:09:00,147,147.0,54.0,93.0,0.0
0040,2026-09-06 20:09:00,137,137.0,67.0,70.0,0.0
0040,2026-09-07 20:09:00,128,128.0,64.0,64.0,0.0
0040,2026-09-08 20:09:00,105,105.0,63.0,42.0,0.0
0040,2026-09-09 20:09:00,92,92.0,56.0,36.0,0.0
