statistic_date,cc,project,sent_num,filled_num,n_stat_rows
2026-08-25,1,isalescrmservice,980.0,939.0,2
2026-08-25,213,isalescrmservice,13.0,0.0,1
2026-08-25,254,isalescrmservice,3.0,0.0,1
2026-08-25,31,isalescrmservice,2.0,2.0,1
2026-08-25,33,isalescrmservice,1.0,1.0,1
2026-08-25,34,isalescrmservice,3.0,3.0,1
2026-08-25,386,isalescrmservice,6.0,0.0,1
2026-08-25,60,isalescrmservice,4.0,3.0,1
2026-08-25,65,isalescrmservice,8.0,8.0,1
2026-08-25,7,isalescrmservice,1.0,1.0,1
2026-08-25,852,isalescrmservice,3.0,3.0,1
2026-08-25,855,isalescrmservice,1.0,0.0,1
2026-08-25,86,isalescrmservice,36.0,35.0,2
2026-08-25,91,isalescrmservice,1.0,1.0,1
2026-08-26,1,isalescrmservice,886.0,844.0,2
2026-08-26,213,isalescrmservice,18.0,0.0,1
2026-08-26,254,isalescrmservice,7.0,0.0,1
2026-08-26,33,isalescrmservice,2.0,2.0,1
2026-08-26,34,isalescrmservice,1.0,1.0,1
2026-08-26,375,isalescrmservice,11.0,0.0,1
2026-08-26,386,isalescrmservice,5.0,0.0,1
2026-08-26,49,isalescrmservice,1.0,1.0,1
2026-08-26,57,isalescrmservice,1.0,1.0,1
2026-08-26,65,isalescrmservice,3.0,3.0,1
2026-08-26,855,isalescrmservice,1.0,0.0,1
2026-08-26,86,isalescrmservice,27.0,25.0,2
2026-08-26,92,isalescrmservice,3.0,0.0,1
2026-08-26,992,isalescrmservice,7.0,0.0,1
2026-08-27,1,isalescrmservice,763.0,739.0,2
2026-08-27,213,isalescrmservice,5.0,0.0,1
2026-08-27,31,isalescrmservice,1.0,1.0,1
2026-08-27,33,isalescrmservice,3.0,2.0,1
2026-08-27,375,isalescrmservice,2.0,0.0,1
2026-08-27,386,isalescrmservice,4.0,0.0,1
2026-08-27,44,isalescrmservice,4.0,2.0,1
2026-08-27,52,isalescrmservice,1.0,0.0,1
2026-08-27,65,isalescrmservice,1.0,1.0,1
2026-08-27,852,isalescrmservice,2.0,2.0,1
2026-08-27,86,isalescrmservice,15.0,14.0,2
2026-08-27,92,isalescrmservice,3.0,0.0,1
2026-08-27,992,isalescrmservice,4.0,0.0,1
2026-08-28,1,isalescrmservice,991.0,953.0,2
2026-08-28,213,isalescrmservice,21.0,0.0,1
2026-08-28,237,isalescrmservice,1.0,0.0,1
2026-08-28,31,isalescrmservice,2.0,2.0,1
2026-08-28,375,isalescrmservice,9.0,0.0,1
2026-08-28,386,isalescrmservice,2.0,0.0,1
2026-08-28,45,isalescrmservice,1.0,1.0,1
2026-08-28,52,isalescrmservice,1.0,1.0,1
2026-08-28,65,isalescrmservice,10.0,10.0,1
2026-08-28,82,isalescrmservice,1.0,1.0,1
2026-08-28,852,isalescrmservice,2.0,2.0,1
2026-08-28,86,isalescrmservice,17.0,17.0,2
2026-08-28,886,isalescrmservice,3.0,3.0,1
2026-08-28,92,isalescrmservice,7.0,0.0,1
2026-08-28,972,isalescrmservice,1.0,1.0,1
2026-08-28,992,isalescrmservice,11.0,0.0,1
2026-08-29,1,isalescrmservice,1076.0,1035.0,2
2026-08-29,213,isalescrmservice,3.0,0.0,1
2026-08-29,375,isalescrmservice,6.0,0.0,1
2026-08-29,386,isalescrmservice,5.0,1.0,1
2026-08-29,39,isalescrmservice,3.0,3.0,1
2026-08-29,44,isalescrmservice,1.0,1.0,1
2026-08-29,506,isalescrmservice,1.0,1.0,1
2026-08-29,60,isalescrmservice,2.0,2.0,1
2026-08-29,63,isalescrmservice,1.0,1.0,1
2026-08-29,65,isalescrmservice,9.0,9.0,1
2026-08-29,7,isalescrmservice,1.0,1.0,1
2026-08-29,82,isalescrmservice,2.0,1.0,1
2026-08-29,852,isalescrmservice,1.0,1.0,1
2026-08-29,86,isalescrmservice,9.0,6.0,1
2026-08-29,91,isalescrmservice,4.0,2.0,1
2026-08-29,92,isalescrmservice,8.0,0.0,1
2026-08-29,992,isalescrmservice,5.0,0.0,1
2026-08-30,1,isalescrmservice,1014.0,972.0,2
2026-08-30,213,isalescrmservice,20.0,0.0,1
2026-08-30,220,isalescrmservice,3.0,0.0,1
2026-08-30,264,isalescrmservice,17.0,0.0,1
2026-08-30,33,isalescrmservice,3.0,1.0,1
2026-08-30,34,isalescrmservice,1.0,1.0,1
2026-08-30,375,isalescrmservice,3.0,0.0,1
2026-08-30,386,isalescrmservice,4.0,0.0,1
2026-08-30,39,isalescrmservice,1.0,1.0,1
2026-08-30,44,isalescrmservice,1.0,1.0,1
2026-08-30,60,isalescrmservice,2.0,2.0,1
2026-08-30,65,isalescrmservice,4.0,3.0,1
2026-08-30,7,isalescrmservice,1.0,1.0,1
2026-08-30,852,isalescrmservice,1.0,1.0,1
2026-08-30,86,isalescrmservice,11.0,10.0,1
2026-08-30,92,isalescrmservice,8.0,0.0,1
2026-08-30,965,isalescrmservice,1.0,1.0,1
2026-08-30,992,isalescrmservice,4.0,0.0,1
2026-08-31,1,isalescrmservice,980.0,959.0,2
2026-08-31,220,isalescrmservice,3.0,0.0,1
2026-08-31,254,isalescrmservice,5.0,2.0,1
2026-08-31,258,isalescrmservice,2.0,0.0,1
2026-08-31,264,isalescrmservice,12.0,0.0,1
2026-08-31,265,isalescrmservice,9.0,0.0,1
2026-08-31,375,isalescrmservice,5.0,0.0,1
2026-08-31,386,isalescrmservice,8.0,0.0,1
2026-08-31,60,isalescrmservice,3.0,2.0,1
2026-08-31,65,isalescrmservice,2.0,2.0,1
2026-08-31,81,isalescrmservice,1.0,0.0,1
2026-08-31,852,isalescrmservice,2.0,2.0,1
2026-08-31,86,isalescrmservice,31.0,30.0,2
2026-08-31,92,isalescrmservice,6.0,0.0,1
2026-08-31,971,isalescrmservice,2.0,0.0,1
2026-08-31,992,isalescrmservice,6.0,0.0,1
2026-09-01,1,isalescrmservice,963.0,905.0,2
2026-09-01,213,isalescrmservice,17.0,0.0,1
2026-09-01,254,isalescrmservice,5.0,0.0,1
2026-09-01,264,isalescrmservice,5.0,0.0,1
2026-09-01,265,isalescrmservice,6.0,0.0,1
2026-09-01,34,isalescrmservice,4.0,3.0,1
2026-09-01,375,isalescrmservice,10.0,0.0,1
2026-09-01,40,isalescrmservice,1.0,1.0,1
2026-09-01,43,isalescrmservice,1.0,1.0,1
2026-09-01,44,isalescrmservice,1.0,1.0,1
2026-09-01,49,isalescrmservice,1.0,0.0,1
2026-09-01,54,isalescrmservice,1.0,1.0,1
2026-09-01,60,isalescrmservice,1.0,1.0,1
2026-09-01,65,isalescrmservice,8.0,7.0,1
2026-09-01,7,isalescrmservice,1.0,1.0,1
2026-09-01,852,isalescrmservice,8.0,7.0,1
2026-09-01,86,isalescrmservice,8.0,8.0,1
2026-09-01,91,isalescrmservice,2.0,2.0,1
2026-09-01,965,isalescrmservice,1.0,1.0,1
2026-09-01,992,isalescrmservice,7.0,0.0,1
2026-09-02,1,isalescrmservice,1119.0,1074.0,2
2026-09-02,213,isalescrmservice,12.0,0.0,1
2026-09-02,254,isalescrmservice,7.0,0.0,1
2026-09-02,264,isalescrmservice,13.0,0.0,1
2026-09-02,265,isalescrmservice,10.0,0.0,1
2026-09-02,31,isalescrmservice,1.0,1.0,1
2026-09-02,33,isalescrmservice,1.0,1.0,1
2026-09-02,34,isalescrmservice,2.0,1.0,1
2026-09-02,353,isalescrmservice,1.0,1.0,1
2026-09-02,36,isalescrmservice,1.0,1.0,1
2026-09-02,375,isalescrmservice,8.0,0.0,1
2026-09-02,386,isalescrmservice,8.0,0.0,1
2026-09-02,46,isalescrmservice,1.0,1.0,1
2026-09-02,507,isalescrmservice,1.0,1.0,1
2026-09-02,60,isalescrmservice,2.0,1.0,1
2026-09-02,65,isalescrmservice,8.0,7.0,1
2026-09-02,7,isalescrmservice,1.0,1.0,1
2026-09-02,86,isalescrmservice,18.0,17.0,1
2026-09-02,91,isalescrmservice,2.0,2.0,1
2026-09-02,92,isalescrmservice,3.0,0.0,1
2026-09-02,965,isalescrmservice,1.0,1.0,1
2026-09-02,992,isalescrmservice,3.0,0.0,1
2026-09-03,1,isalescrmservice,1170.0,1113.0,2
2026-09-03,213,isalescrmservice,6.0,0.0,1
2026-09-03,254,isalescrmservice,19.0,0.0,1
2026-09-03,264,isalescrmservice,9.0,0.0,1
2026-09-03,265,isalescrmservice,40.0,0.0,1
2026-09-03,31,isalescrmservice,1.0,1.0,1
2026-09-03,34,isalescrmservice,1.0,1.0,1
2026-09-03,375,isalescrmservice,28.0,0.0,1
2026-09-03,386,isalescrmservice,25.0,0.0,1
2026-09-03,39,isalescrmservice,1.0,0.0,1
2026-09-03,40,isalescrmservice,1.0,0.0,1
2026-09-03,44,isalescrmservice,3.0,2.0,1
2026-09-03,49,isalescrmservice,2.0,1.0,1
2026-09-03,52,isalescrmservice,2.0,2.0,1
2026-09-03,57,isalescrmservice,2.0,1.0,1
2026-09-03,60,isalescrmservice,9.0,3.0,1
2026-09-03,65,isalescrmservice,7.0,6.0,1
2026-09-03,7,isalescrmservice,1.0,1.0,1
2026-09-03,81,isalescrmservice,2.0,2.0,1
2026-09-03,852,isalescrmservice,1.0,1.0,1
2026-09-03,86,isalescrmservice,31.0,24.0,2
2026-09-03,880,isalescrmservice,1.0,0.0,1
2026-09-03,91,isalescrmservice,2.0,1.0,1
2026-09-03,92,isalescrmservice,44.0,0.0,1
2026-09-03,976,isalescrmservice,15.0,0.0,1
2026-09-03,992,isalescrmservice,51.0,0.0,1
2026-09-04,1,isalescrmservice,1080.0,1038.0,2
2026-09-04,20,isalescrmservice,1.0,0.0,1
2026-09-04,213,isalescrmservice,88.0,0.0,1
2026-09-04,254,isalescrmservice,4.0,0.0,1
2026-09-04,264,isalescrmservice,48.0,0.0,1
2026-09-04,265,isalescrmservice,240.0,0.0,1
2026-09-04,31,isalescrmservice,1.0,1.0,1
2026-09-04,33,isalescrmservice,4.0,3.0,1
2026-09-04,351,isalescrmservice,1.0,1.0,1
2026-09-04,352,isalescrmservice,1.0,1.0,1
2026-09-04,375,isalescrmservice,111.0,0.0,1
2026-09-04,386,isalescrmservice,90.0,0.0,1
2026-09-04,40,isalescrmservice,1.0,1.0,1
2026-09-04,44,isalescrmservice,2.0,2.0,1
2026-09-04,52,isalescrmservice,3.0,3.0,1
2026-09-04,60,isalescrmservice,22.0,4.0,1
2026-09-04,61,isalescrmservice,1.0,1.0,1
2026-09-04,65,isalescrmservice,4.0,4.0,1
2026-09-04,7,isalescrmservice,1.0,0.0,1
2026-09-04,852,isalescrmservice,1.0,1.0,1
2026-09-04,855,isalescrmservice,2.0,0.0,1
2026-09-04,86,isalescrmservice,12.0,12.0,1
2026-09-04,880,isalescrmservice,2.0,0.0,1
2026-09-04,92,isalescrmservice,251.0,0.0,1
2026-09-04,965,isalescrmservice,1.0,1.0,1
2026-09-04,976,isalescrmservice,74.0,0.0,1
2026-09-04,992,isalescrmservice,257.0,0.0,1
2026-09-05,1,isalescrmservice,1215.0,1173.0,2
2026-09-05,213,isalescrmservice,190.0,0.0,1
2026-09-05,216,isalescrmservice,1.0,0.0,1
2026-09-05,223,isalescrmservice,3.0,0.0,1
2026-09-05,229,isalescrmservice,11.0,0.0,1
2026-09-05,233,isalescrmservice,4.0,0.0,1
2026-09-05,254,isalescrmservice,3.0,0.0,1
2026-09-05,258,isalescrmservice,96.0,0.0,1
2026-09-05,264,isalescrmservice,156.0,0.0,1
2026-09-05,265,isalescrmservice,199.0,0.0,1
2026-09-05,266,isalescrmservice,1.0,0.0,1
2026-09-05,33,isalescrmservice,2.0,0.0,1
2026-09-05,375,isalescrmservice,203.0,0.0,1
2026-09-05,386,isalescrmservice,145.0,0.0,1
2026-09-05,39,isalescrmservice,4.0,4.0,1
2026-09-05,421,isalescrmservice,1.0,1.0,1
2026-09-05,49,isalescrmservice,1.0,1.0,1
2026-09-05,52,isalescrmservice,1.0,1.0,1
2026-09-05,55,isalescrmservice,1.0,1.0,1
2026-09-05,60,isalescrmservice,12.0,5.0,1
2026-09-05,65,isalescrmservice,9.0,9.0,1
2026-09-05,82,isalescrmservice,1.0,1.0,1
2026-09-05,852,isalescrmservice,4.0,4.0,1
2026-09-05,86,isalescrmservice,13.0,13.0,1
2026-09-05,880,isalescrmservice,1.0,0.0,1
2026-09-05,90,isalescrmservice,1.0,1.0,1
2026-09-05,92,isalescrmservice,138.0,0.0,1
2026-09-05,976,isalescrmservice,157.0,0.0,1
2026-09-05,992,isalescrmservice,303.0,0.0,1
2026-09-06,1,isalescrmservice,1102.0,1068.0,2
2026-09-06,213,isalescrmservice,156.0,0.0,1
2026-09-06,254,isalescrmservice,5.0,0.0,1
2026-09-06,258,isalescrmservice,215.0,0.0,1
2026-09-06,264,isalescrmservice,191.0,0.0,1
2026-09-06,265,isalescrmservice,206.0,0.0,1
2026-09-06,33,isalescrmservice,1.0,1.0,1
2026-09-06,34,isalescrmservice,3.0,3.0,1
2026-09-06,375,isalescrmservice,188.0,0.0,1
2026-09-06,386,isalescrmservice,171.0,0.0,1
2026-09-06,43,isalescrmservice,1.0,1.0,1
2026-09-06,44,isalescrmservice,1.0,1.0,1
2026-09-06,49,isalescrmservice,1.0,0.0,1
2026-09-06,504,isalescrmservice,1.0,0.0,1
2026-09-06,52,isalescrmservice,1.0,1.0,1
2026-09-06,60,isalescrmservice,15.0,12.0,1
2026-09-06,64,isalescrmservice,1.0,0.0,1
2026-09-06,65,isalescrmservice,12.0,11.0,1
2026-09-06,7,isalescrmservice,1.0,1.0,1
2026-09-06,81,isalescrmservice,2.0,0.0,1
2026-09-06,82,isalescrmservice,1.0,1.0,1
2026-09-06,852,isalescrmservice,3.0,3.0,1
2026-09-06,86,isalescrmservice,19.0,18.0,1
2026-09-06,92,isalescrmservice,186.0,0.0,1
2026-09-06,972,isalescrmservice,1.0,1.0,1
2026-09-06,976,isalescrmservice,208.0,0.0,1
2026-09-06,992,isalescrmservice,284.0,0.0,1
2026-09-07,1,isalescrmservice,910.0,870.0,2
2026-09-07,20,isalescrmservice,1.0,0.0,1
2026-09-07,213,isalescrmservice,229.0,0.0,1
2026-09-07,220,isalescrmservice,20.0,0.0,1
2026-09-07,254,isalescrmservice,2.0,0.0,1
2026-09-07,258,isalescrmservice,106.0,0.0,1
2026-09-07,264,isalescrmservice,214.0,0.0,1
2026-09-07,265,isalescrmservice,196.0,0.0,1
2026-09-07,33,isalescrmservice,1.0,1.0,1
2026-09-07,34,isalescrmservice,3.0,3.0,1
2026-09-07,352,isalescrmservice,1.0,1.0,1
2026-09-07,374,isalescrmservice,1.0,0.0,1
2026-09-07,375,isalescrmservice,266.0,0.0,1
2026-09-07,386,isalescrmservice,219.0,0.0,1
2026-09-07,39,isalescrmservice,1.0,1.0,1
2026-09-07,44,isalescrmservice,2.0,2.0,1
2026-09-07,49,isalescrmservice,2.0,1.0,1
2026-09-07,60,isalescrmservice,4.0,0.0,1
2026-09-07,63,isalescrmservice,1.0,0.0,1
2026-09-07,65,isalescrmservice,8.0,7.0,1
2026-09-07,673,isalescrmservice,1.0,1.0,1
2026-09-07,7,isalescrmservice,2.0,0.0,1
2026-09-07,852,isalescrmservice,2.0,2.0,1
2026-09-07,86,isalescrmservice,17.0,16.0,1
2026-09-07,91,isalescrmservice,1.0,1.0,1
2026-09-07,92,isalescrmservice,190.0,0.0,1
2026-09-07,961,isalescrmservice,2.0,0.0,1
2026-09-07,976,isalescrmservice,132.0,0.0,1
2026-09-07,992,isalescrmservice,285.0,0.0,1
2026-09-08,1,isalescrmservice,1335.0,1291.0,2
2026-09-08,20,isalescrmservice,3.0,0.0,1
2026-09-08,213,isalescrmservice,165.0,0.0,1
2026-09-08,220,isalescrmservice,268.0,0.0,1
2026-09-08,223,isalescrmservice,95.0,0.0,1
2026-09-08,233,isalescrmservice,103.0,0.0,1
2026-09-08,258,isalescrmservice,2.0,0.0,1
2026-09-08,264,isalescrmservice,239.0,0.0,1
2026-09-08,265,isalescrmservice,214.0,0.0,1
2026-09-08,31,isalescrmservice,1.0,1.0,1
2026-09-08,33,isalescrmservice,2.0,1.0,1
2026-09-08,34,isalescrmservice,2.0,2.0,1
2026-09-08,375,isalescrmservice,181.0,0.0,1
2026-09-08,386,isalescrmservice,190.0,0.0,1
2026-09-08,40,isalescrmservice,1.0,1.0,1
2026-09-08,44,isalescrmservice,3.0,3.0,1
2026-09-08,49,isalescrmservice,1.0,1.0,1
2026-09-08,504,isalescrmservice,75.0,0.0,1
2026-09-08,52,isalescrmservice,29.0,1.0,1
2026-09-08,598,isalescrmservice,1.0,1.0,1
2026-09-08,60,isalescrmservice,47.0,13.0,1
2026-09-08,65,isalescrmservice,7.0,7.0,1
2026-09-08,7,isalescrmservice,1.0,1.0,1
2026-09-08,82,isalescrmservice,1.0,0.0,1
2026-09-08,852,isalescrmservice,1.0,1.0,1
2026-09-08,86,isalescrmservice,20.0,18.0,2
2026-09-08,91,isalescrmservice,1.0,1.0,1
2026-09-08,92,isalescrmservice,195.0,0.0,1
2026-09-08,972,isalescrmservice,2.0,0.0,1
2026-09-08,992,isalescrmservice,246.0,0.0,1
2026-09-09,1,isalescrmservice,1363.0,1295.0,2
2026-09-09,20,isalescrmservice,1.0,0.0,1
2026-09-09,213,isalescrmservice,163.0,0.0,1
2026-09-09,220,isalescrmservice,276.0,0.0,1
2026-09-09,223,isalescrmservice,253.0,0.0,1
2026-09-09,233,isalescrmservice,257.0,0.0,1
2026-09-09,258,isalescrmservice,28.0,0.0,1
2026-09-09,264,isalescrmservice,178.0,0.0,1
2026-09-09,265,isalescrmservice,167.0,0.0,1
2026-09-09,31,isalescrmservice,1.0,1.0,1
2026-09-09,32,isalescrmservice,1.0,1.0,1
2026-09-09,372,isalescrmservice,1.0,1.0,1
2026-09-09,374,isalescrmservice,47.0,0.0,1
2026-09-09,375,isalescrmservice,205.0,0.0,1
2026-09-09,386,isalescrmservice,157.0,0.0,1
2026-09-09,41,isalescrmservice,1.0,0.0,1
2026-09-09,44,isalescrmservice,2.0,2.0,1
2026-09-09,504,isalescrmservice,92.0,0.0,1
2026-09-09,52,isalescrmservice,27.0,0.0,1
2026-09-09,60,isalescrmservice,20.0,1.0,1
2026-09-09,65,isalescrmservice,5.0,5.0,1
2026-09-09,7,isalescrmservice,6.0,0.0,1
2026-09-09,852,isalescrmservice,3.0,3.0,1
2026-09-09,86,isalescrmservice,22.0,21.0,2
2026-09-09,886,isalescrmservice,1.0,0.0,1
2026-09-09,92,isalescrmservice,176.0,0.0,1
2026-09-09,972,isalescrmservice,5.0,0.0,1
2026-09-09,992,isalescrmservice,263.0,0.0,1
2026-09-09,995,isalescrmservice,1.0,1.0,1
2026-09-10,1,isalescrmservice,1324.0,1273.0,2
2026-09-10,213,isalescrmservice,115.0,0.0,1
2026-09-10,220,isalescrmservice,233.0,0.0,1
2026-09-10,223,isalescrmservice,143.0,0.0,1
2026-09-10,233,isalescrmservice,228.0,0.0,1
2026-09-10,258,isalescrmservice,136.0,0.0,1
2026-09-10,264,isalescrmservice,168.0,0.0,1
2026-09-10,265,isalescrmservice,202.0,0.0,1
2026-09-10,266,isalescrmservice,4.0,0.0,1
2026-09-10,31,isalescrmservice,2.0,2.0,1
2026-09-10,34,isalescrmservice,1.0,1.0,1
2026-09-10,375,isalescrmservice,170.0,0.0,1
2026-09-10,386,isalescrmservice,194.0,0.0,1
2026-09-10,49,isalescrmservice,1.0,1.0,1
2026-09-10,504,isalescrmservice,14.0,0.0,1
2026-09-10,52,isalescrmservice,3.0,0.0,1
2026-09-10,57,isalescrmservice,1.0,1.0,1
2026-09-10,60,isalescrmservice,51.0,3.0,1
2026-09-10,63,isalescrmservice,3.0,0.0,1
2026-09-10,65,isalescrmservice,9.0,9.0,1
2026-09-10,7,isalescrmservice,11.0,0.0,1
2026-09-10,852,isalescrmservice,1.0,1.0,1
2026-09-10,86,isalescrmservice,15.0,14.0,2
2026-09-10,880,isalescrmservice,1.0,0.0,1
2026-09-10,886,isalescrmservice,2.0,0.0,1
2026-09-10,92,isalescrmservice,168.0,0.0,1
2026-09-10,965,isalescrmservice,1.0,1.0,1
2026-09-10,972,isalescrmservice,1.0,1.0,1
2026-09-10,976,isalescrmservice,6.0,0.0,1
2026-09-10,992,isalescrmservice,170.0,0.0,1
2026-09-10,995,isalescrmservice,7.0,0.0,1
2026-09-11,1,isalescrmservice,1153.0,1086.0,2
2026-09-11,20,isalescrmservice,4.0,0.0,1
2026-09-11,213,isalescrmservice,104.0,0.0,1
2026-09-11,220,isalescrmservice,216.0,0.0,1
2026-09-11,223,isalescrmservice,133.0,0.0,1
2026-09-11,233,isalescrmservice,69.0,0.0,1
2026-09-11,264,isalescrmservice,127.0,0.0,1
2026-09-11,265,isalescrmservice,107.0,0.0,1
2026-09-11,31,isalescrmservice,1.0,1.0,1
2026-09-11,34,isalescrmservice,2.0,2.0,1
2026-09-11,358,isalescrmservice,1.0,1.0,1
2026-09-11,375,isalescrmservice,66.0,0.0,1
2026-09-11,386,isalescrmservice,111.0,0.0,1
2026-09-11,40,isalescrmservice,2.0,2.0,1
2026-09-11,44,isalescrmservice,3.0,1.0,1
2026-09-11,52,isalescrmservice,2.0,1.0,1
2026-09-11,54,isalescrmservice,1.0,1.0,1
2026-09-11,60,isalescrmservice,8.0,2.0,1
2026-09-11,63,isalescrmservice,2.0,0.0,1
2026-09-11,65,isalescrmservice,5.0,5.0,1
2026-09-11,7,isalescrmservice,62.0,0.0,1
2026-09-11,82,isalescrmservice,1.0,1.0,1
2026-09-11,852,isalescrmservice,2.0,2.0,1
2026-09-11,86,isalescrmservice,16.0,16.0,1
2026-09-11,880,isalescrmservice,1.0,0.0,1
2026-09-11,91,isalescrmservice,2.0,2.0,1
2026-09-11,92,isalescrmservice,113.0,0.0,1
2026-09-11,966,isalescrmservice,1.0,1.0,1
2026-09-11,972,isalescrmservice,1.0,1.0,1
2026-09-11,992,isalescrmservice,28.0,0.0,1
2026-09-12,1,isalescrmservice,1297.0,1252.0,2
2026-09-12,20,isalescrmservice,5.0,1.0,1
2026-09-12,213,isalescrmservice,78.0,0.0,1
2026-09-12,220,isalescrmservice,302.0,0.0,1
2026-09-12,223,isalescrmservice,24.0,0.0,1
2026-09-12,233,isalescrmservice,59.0,0.0,1
2026-09-12,264,isalescrmservice,107.0,0.0,1
2026-09-12,265,isalescrmservice,208.0,0.0,1
2026-09-12,33,isalescrmservice,2.0,1.0,1
2026-09-12,36,isalescrmservice,1.0,1.0,1
2026-09-12,375,isalescrmservice,116.0,0.0,1
2026-09-12,386,isalescrmservice,138.0,1.0,1
2026-09-12,39,isalescrmservice,2.0,2.0,1
2026-09-12,44,isalescrmservice,4.0,4.0,1
2026-09-12,60,isalescrmservice,2.0,1.0,1
2026-09-12,63,isalescrmservice,1.0,1.0,1
2026-09-12,65,isalescrmservice,4.0,4.0,1
2026-09-12,7,isalescrmservice,49.0,1.0,1
2026-09-12,852,isalescrmservice,1.0,1.0,1
2026-09-12,853,isalescrmservice,1.0,1.0,1
2026-09-12,86,isalescrmservice,14.0,14.0,1
2026-09-12,92,isalescrmservice,130.0,0.0,1
2026-09-12,992,isalescrmservice,54.0,0.0,1
2026-09-13,1,isalescrmservice,858.0,828.0,2
2026-09-13,213,isalescrmservice,86.0,0.0,1
2026-09-13,220,isalescrmservice,168.0,0.0,1
2026-09-13,223,isalescrmservice,28.0,0.0,1
2026-09-13,233,isalescrmservice,27.0,0.0,1
2026-09-13,264,isalescrmservice,192.0,0.0,1
2026-09-13,265,isalescrmservice,178.0,0.0,1
2026-09-13,353,isalescrmservice,1.0,0.0,1
2026-09-13,372,isalescrmservice,1.0,1.0,1
2026-09-13,375,isalescrmservice,154.0,0.0,1
2026-09-13,386,isalescrmservice,116.0,0.0,1
2026-09-13,39,isalescrmservice,1.0,0.0,1
2026-09-13,41,isalescrmservice,1.0,1.0,1
2026-09-13,44,isalescrmservice,1.0,0.0,1
2026-09-13,47,isalescrmservice,2.0,0.0,1
2026-09-13,52,isalescrmservice,1.0,1.0,1
2026-09-13,55,isalescrmservice,1.0,1.0,1
2026-09-13,60,isalescrmservice,28.0,0.0,1
2026-09-13,65,isalescrmservice,6.0,5.0,1
2026-09-13,7,isalescrmservice,69.0,0.0,1
2026-09-13,84,isalescrmservice,1.0,0.0,1
2026-09-13,852,isalescrmservice,1.0,1.0,1
2026-09-13,86,isalescrmservice,14.0,13.0,1
2026-09-13,91,isalescrmservice,1.0,1.0,1
2026-09-13,92,isalescrmservice,196.0,0.0,1
2026-09-13,992,isalescrmservice,60.0,0.0,1
2026-09-14,1,isalescrmservice,1038.0,991.0,2
2026-09-14,20,isalescrmservice,2.0,0.0,1
2026-09-14,213,isalescrmservice,58.0,0.0,1
2026-09-14,220,isalescrmservice,72.0,0.0,1
2026-09-14,223,isalescrmservice,23.0,0.0,1
2026-09-14,233,isalescrmservice,12.0,0.0,1
2026-09-14,264,isalescrmservice,107.0,0.0,1
2026-09-14,265,isalescrmservice,174.0,0.0,1
2026-09-14,31,isalescrmservice,1.0,1.0,1
2026-09-14,33,isalescrmservice,2.0,1.0,1
2026-09-14,372,isalescrmservice,1.0,1.0,1
2026-09-14,375,isalescrmservice,135.0,0.0,1
2026-09-14,386,isalescrmservice,153.0,0.0,1
2026-09-14,41,isalescrmservice,1.0,1.0,1
2026-09-14,44,isalescrmservice,2.0,2.0,1
2026-09-14,52,isalescrmservice,1.0,0.0,1
2026-09-14,60,isalescrmservice,12.0,3.0,1
2026-09-14,65,isalescrmservice,9.0,6.0,1
2026-09-14,7,isalescrmservice,74.0,0.0,1
2026-09-14,82,isalescrmservice,1.0,1.0,1
2026-09-14,852,isalescrmservice,2.0,2.0,1
2026-09-14,86,isalescrmservice,18.0,17.0,1
2026-09-14,92,isalescrmservice,104.0,0.0,1
2026-09-14,972,isalescrmservice,1.0,1.0,1
2026-09-14,992,isalescrmservice,47.0,0.0,1
2026-09-15,1,isalescrmservice,1301.0,1253.0,2
2026-09-15,213,isalescrmservice,71.0,0.0,1
2026-09-15,220,isalescrmservice,208.0,0.0,1
2026-09-15,223,isalescrmservice,39.0,0.0,1
2026-09-15,233,isalescrmservice,17.0,0.0,1
2026-09-15,264,isalescrmservice,161.0,0.0,1
2026-09-15,265,isalescrmservice,171.0,0.0,1
2026-09-15,31,isalescrmservice,1.0,1.0,1
2026-09-15,34,isalescrmservice,2.0,2.0,1
2026-09-15,375,isalescrmservice,158.0,0.0,1
2026-09-15,386,isalescrmservice,161.0,0.0,1
2026-09-15,44,isalescrmservice,2.0,2.0,1
2026-09-15,48,isalescrmservice,1.0,1.0,1
2026-09-15,49,isalescrmservice,1.0,1.0,1
2026-09-15,52,isalescrmservice,3.0,0.0,1
2026-09-15,56,isalescrmservice,1.0,1.0,1
2026-09-15,60,isalescrmservice,5.0,1.0,1
2026-09-15,65,isalescrmservice,4.0,4.0,1
2026-09-15,7,isalescrmservice,105.0,0.0,1
2026-09-15,852,isalescrmservice,1.0,1.0,1
2026-09-15,86,isalescrmservice,9.0,9.0,2
2026-09-15,880,isalescrmservice,2.0,1.0,1
2026-09-15,886,isalescrmservice,1.0,1.0,1
2026-09-15,91,isalescrmservice,2.0,2.0,1
2026-09-15,92,isalescrmservice,147.0,1.0,1
2026-09-15,965,isalescrmservice,1.0,1.0,1
2026-09-15,992,isalescrmservice,73.0,0.0,1
2026-09-16,1,isalescrmservice,1141.0,1093.0,2
2026-09-16,213,isalescrmservice,58.0,0.0,1
2026-09-16,220,isalescrmservice,111.0,0.0,1
2026-09-16,223,isalescrmservice,114.0,0.0,1
2026-09-16,233,isalescrmservice,54.0,0.0,1
2026-09-16,237,isalescrmservice,1.0,0.0,1
2026-09-16,264,isalescrmservice,101.0,0.0,1
2026-09-16,265,isalescrmservice,139.0,0.0,1
2026-09-16,31,isalescrmservice,2.0,2.0,1
2026-09-16,33,isalescrmservice,5.0,4.0,1
2026-09-16,375,isalescrmservice,146.0,0.0,1
2026-09-16,386,isalescrmservice,150.0,0.0,1
2026-09-16,44,isalescrmservice,3.0,3.0,1
2026-09-16,49,isalescrmservice,1.0,0.0,1
2026-09-16,60,isalescrmservice,5.0,2.0,1
2026-09-16,65,isalescrmservice,4.0,4.0,1
2026-09-16,7,isalescrmservice,136.0,2.0,1
2026-09-16,82,isalescrmservice,1.0,1.0,1
2026-09-16,852,isalescrmservice,1.0,1.0,1
2026-09-16,86,isalescrmservice,15.0,14.0,2
2026-09-16,92,isalescrmservice,157.0,0.0,1
2026-09-16,966,isalescrmservice,1.0,1.0,1
2026-09-16,992,isalescrmservice,91.0,0.0,1
2026-09-17,1,isalescrmservice,1145.0,1097.0,2
2026-09-17,20,isalescrmservice,4.0,0.0,1
2026-09-17,213,isalescrmservice,94.0,0.0,1
2026-09-17,220,isalescrmservice,111.0,0.0,1
2026-09-17,223,isalescrmservice,125.0,0.0,1
2026-09-17,233,isalescrmservice,67.0,0.0,1
2026-09-17,254,isalescrmservice,7.0,0.0,1
2026-09-17,264,isalescrmservice,140.0,0.0,1
2026-09-17,265,isalescrmservice,186.0,0.0,1
2026-09-17,31,isalescrmservice,1.0,1.0,1
2026-09-17,34,isalescrmservice,4.0,3.0,1
2026-09-17,375,isalescrmservice,171.0,0.0,1
2026-09-17,386,isalescrmservice,93.0,0.0,1
2026-09-17,40,isalescrmservice,2.0,2.0,1
2026-09-17,44,isalescrmservice,1.0,1.0,1
2026-09-17,509,isalescrmservice,47.0,0.0,1
2026-09-17,52,isalescrmservice,1.0,1.0,1
2026-09-17,54,isalescrmservice,1.0,1.0,1
2026-09-17,57,isalescrmservice,1.0,1.0,1
2026-09-17,60,isalescrmservice,29.0,7.0,1
2026-09-17,65,isalescrmservice,8.0,7.0,1
2026-09-17,7,isalescrmservice,135.0,1.0,1
2026-09-17,852,isalescrmservice,2.0,2.0,1
2026-09-17,86,isalescrmservice,15.0,13.0,2
2026-09-17,880,isalescrmservice,1.0,1.0,1
2026-09-17,92,isalescrmservice,133.0,0.0,1
2026-09-17,965,isalescrmservice,1.0,1.0,1
2026-09-17,992,isalescrmservice,72.0,0.0,1
2026-09-18,1,isalescrmservice,1120.0,1058.0,2
2026-09-18,213,isalescrmservice,62.0,0.0,1
2026-09-18,220,isalescrmservice,63.0,0.0,1
2026-09-18,223,isalescrmservice,113.0,0.0,1
2026-09-18,233,isalescrmservice,31.0,0.0,1
2026-09-18,254,isalescrmservice,49.0,0.0,1
2026-09-18,264,isalescrmservice,101.0,0.0,1
2026-09-18,265,isalescrmservice,122.0,0.0,1
2026-09-18,31,isalescrmservice,10.0,1.0,1
2026-09-18,33,isalescrmservice,3.0,3.0,1
2026-09-18,375,isalescrmservice,86.0,0.0,1
2026-09-18,386,isalescrmservice,123.0,0.0,1
2026-09-18,41,isalescrmservice,1.0,1.0,1
2026-09-18,44,isalescrmservice,1.0,1.0,1
2026-09-18,57,isalescrmservice,1.0,1.0,1
2026-09-18,60,isalescrmservice,21.0,3.0,1
2026-09-18,65,isalescrmservice,3.0,3.0,1
2026-09-18,7,isalescrmservice,75.0,0.0,1
2026-09-18,82,isalescrmservice,2.0,2.0,1
2026-09-18,852,isalescrmservice,1.0,1.0,1
2026-09-18,86,isalescrmservice,14.0,12.0,2
2026-09-18,92,isalescrmservice,136.0,0.0,1
2026-09-18,992,isalescrmservice,22.0,0.0,1
2026-09-19,1,isalescrmservice,1014.0,985.0,2
2026-09-19,213,isalescrmservice,91.0,0.0,1
2026-09-19,220,isalescrmservice,34.0,0.0,1
2026-09-19,223,isalescrmservice,72.0,0.0,1
2026-09-19,233,isalescrmservice,29.0,0.0,1
2026-09-19,237,isalescrmservice,5.0,0.0,1
2026-09-19,254,isalescrmservice,65.0,0.0,1
2026-09-19,264,isalescrmservice,131.0,0.0,1
2026-09-19,265,isalescrmservice,160.0,0.0,1
2026-09-19,31,isalescrmservice,59.0,1.0,1
2026-09-19,33,isalescrmservice,1.0,1.0,1
2026-09-19,375,isalescrmservice,181.0,0.0,1
2026-09-19,386,isalescrmservice,119.0,1.0,1
2026-09-19,44,isalescrmservice,1.0,1.0,1
2026-09-19,509,isalescrmservice,12.0,0.0,1
2026-09-19,60,isalescrmservice,34.0,3.0,1
2026-09-19,65,isalescrmservice,8.0,7.0,1
2026-09-19,7,isalescrmservice,55.0,1.0,1
2026-09-19,852,isalescrmservice,4.0,4.0,1
2026-09-19,853,isalescrmservice,1.0,1.0,1
2026-09-19,86,isalescrmservice,9.0,7.0,1
2026-09-19,90,isalescrmservice,2.0,2.0,1
2026-09-19,92,isalescrmservice,190.0,4.0,1
2026-09-19,992,isalescrmservice,46.0,0.0,1
2026-09-20,1,isalescrmservice,685.0,653.0,2
2026-09-20,213,isalescrmservice,56.0,0.0,1
2026-09-20,220,isalescrmservice,45.0,0.0,1
2026-09-20,223,isalescrmservice,88.0,0.0,1
2026-09-20,233,isalescrmservice,18.0,0.0,1
2026-09-20,254,isalescrmservice,42.0,0.0,1
2026-09-20,264,isalescrmservice,94.0,0.0,1
2026-09-20,265,isalescrmservice,157.0,0.0,1
2026-09-20,31,isalescrmservice,37.0,0.0,1
2026-09-20,375,isalescrmservice,202.0,0.0,1
2026-09-20,386,isalescrmservice,97.0,0.0,1
2026-09-20,39,isalescrmservice,4.0,0.0,1
2026-09-20,44,isalescrmservice,4.0,4.0,1
2026-09-20,60,isalescrmservice,8.0,5.0,1
2026-09-20,65,isalescrmservice,7.0,6.0,1
2026-09-20,7,isalescrmservice,14.0,0.0,1
2026-09-20,86,isalescrmservice,10.0,10.0,2
2026-09-20,91,isalescrmservice,1.0,1.0,1
2026-09-20,92,isalescrmservice,136.0,0.0,1
2026-09-20,972,isalescrmservice,6.0,0.0,1
2026-09-20,992,isalescrmservice,36.0,0.0,1
2026-09-21,1,isalescrmservice,784.0,730.0,3
2026-09-21,20,isalescrmservice,2.0,0.0,1
2026-09-21,213,isalescrmservice,68.0,0.0,1
2026-09-21,223,isalescrmservice,17.0,0.0,1
2026-09-21,254,isalescrmservice,9.0,0.0,1
2026-09-21,264,isalescrmservice,139.0,0.0,1
2026-09-21,265,isalescrmservice,146.0,0.0,1
2026-09-21,31,isalescrmservice,8.0,4.0,1
2026-09-21,33,isalescrmservice,1.0,1.0,1
2026-09-21,375,isalescrmservice,146.0,0.0,1
2026-09-21,386,isalescrmservice,114.0,0.0,1
2026-09-21,420,isalescrmservice,1.0,1.0,1
2026-09-21,48,isalescrmservice,1.0,1.0,1
2026-09-21,509,isalescrmservice,5.0,0.0,1
2026-09-21,55,isalescrmservice,1.0,0.0,1
2026-09-21,60,isalescrmservice,22.0,4.0,1
2026-09-21,65,isalescrmservice,3.0,3.0,1
2026-09-21,7,isalescrmservice,47.0,0.0,1
2026-09-21,852,isalescrmservice,3.0,2.0,1
2026-09-21,856,isalescrmservice,39.0,0.0,1
2026-09-21,86,isalescrmservice,34.0,31.0,2
2026-09-21,92,isalescrmservice,113.0,0.0,1
2026-09-22,1,isalescrmservice,73.0,69.0,1
2026-09-22,86,isalescrmservice,10.0,10.0,2
2026-09-23,1,isalescrmservice,94.0,91.0,1
2026-09-23,86,isalescrmservice,17.0,16.0,2
2026-09-24,1,isalescrmservice,87.0,83.0,1
2026-09-24,86,isalescrmservice,18.0,17.0,1
2026-09-25,1,isalescrmservice,81.0,78.0,1
2026-09-25,86,isalescrmservice,9.0,9.0,2
