strategy_id,cc,extra_recall_pv,cc_fill_rate_base,est_filled_if_same_rate
strategy_3Xdk1yVksTLu,1,57,0.9591,54.7
strategy_3Xdk1yVksTLu,60,24,0.2283,5.5
strategy_3Xdk1yVksTLu,33,4,0.697,2.8
strategy_3Xdk1yVksTLu,44,4,0.8571,3.4
strategy_3Xdk1yVksTLu,92,4,0.0018,0.0
strategy_3Xdk1yVksTLu,82,3,0.8182,2.5
strategy_3Xdk1yVksTLu,34,2,0.8966,1.8
strategy_3Xdk1yVksTLu,55,2,1.0,2.0
strategy_3Xdk1yVksTLu,81,2,0.4,0.8
strategy_3Xdk1yVksTLu,852,2,0.98,2.0
strategy_3Xdk1yVksTLu,31,1,0.1613,0.2
strategy_3Xdk1yVksTLu,370,1,,
strategy_3Xdk1yVksTLu,47,1,0.0,0.0
strategy_3Xdk1yVksTLu,48,1,1.0,1.0
strategy_3Xdk1yVksTLu,65,1,0.9244,0.9
strategy_3Xdk1yVksTLu,86,1,0.9297,0.9
strategy_3Xdk1yVksTLu,90,1,1.0,1.0
strategy_3Xdk1yVksTLu,91,1,0.8421,0.8
strategy_3Xdk1yVksTLu,966,1,1.0,1.0
strategy_43NaEzJmiQFk,265,187,0.0,0.0
strategy_43NaEzJmiQFk,375,185,0.0,0.0
strategy_43NaEzJmiQFk,856,125,,
strategy_43NaEzJmiQFk,213,121,0.0,0.0
strategy_43NaEzJmiQFk,92,118,0.0018,0.2
strategy_43NaEzJmiQFk,386,104,0.0012,0.1
strategy_43NaEzJmiQFk,223,84,0.0,0.0
strategy_43NaEzJmiQFk,264,75,0.0,0.0
strategy_43NaEzJmiQFk,992,53,0.0,0.0
strategy_43NaEzJmiQFk,254,39,0.009,0.4
strategy_43NaEzJmiQFk,60,34,0.2283,7.8
strategy_43NaEzJmiQFk,7,31,0.0162,0.5
strategy_43NaEzJmiQFk,220,26,0.0,0.0
strategy_43NaEzJmiQFk,251,25,,
strategy_43NaEzJmiQFk,855,8,0.0,0.0
strategy_43NaEzJmiQFk,998,6,,
strategy_43NaEzJmiQFk,380,4,,
strategy_43NaEzJmiQFk,44,4,0.8571,3.4
strategy_43NaEzJmiQFk,501,1,,
strategy_43NaEzJmiQFk,62,1,,
strategy_6iDqO9WDcLqy,1,47,0.9591,45.1
strategy_6wZBKzdb8SKf,265,69,0.0,0.0
strategy_6wZBKzdb8SKf,375,60,0.0,0.0
strategy_6wZBKzdb8SKf,213,52,0.0,0.0
strategy_6wZBKzdb8SKf,60,44,0.2283,10.0
strategy_6wZBKzdb8SKf,856,43,,
strategy_6wZBKzdb8SKf,992,43,0.0,0.0
strategy_6wZBKzdb8SKf,386,35,0.0012,0.0
strategy_6wZBKzdb8SKf,264,30,0.0,0.0
strategy_6wZBKzdb8SKf,223,24,0.0,0.0
strategy_6wZBKzdb8SKf,254,20,0.009,0.2
strategy_6wZBKzdb8SKf,92,18,0.0018,0.0
strategy_6wZBKzdb8SKf,380,11,,
strategy_6wZBKzdb8SKf,233,8,0.0,0.0
strategy_6wZBKzdb8SKf,220,7,0.0,0.0
strategy_6wZBKzdb8SKf,31,7,0.1613,1.1
strategy_6wZBKzdb8SKf,7,7,0.0162,0.1
strategy_6wZBKzdb8SKf,62,5,,
strategy_6wZBKzdb8SKf,998,5,,
strategy_6wZBKzdb8SKf,251,3,,
strategy_6wZBKzdb8SKf,95,2,,
strategy_6wZBKzdb8SKf,221,1,,
strategy_6wZBKzdb8SKf,257,1,,
strategy_6wZBKzdb8SKf,52,1,0.1579,0.2
strategy_6wZBKzdb8SKf,63,1,0.25,0.2
strategy_6wZBKzdb8SKf,86,1,0.9297,0.9
strategy_6wZBKzdb8SKf,972,1,0.2778,0.3
strategy_AxAlIdejVA8m,92,271,0.0018,0.5
strategy_AxAlIdejVA8m,375,218,0.0,0.0
strategy_AxAlIdejVA8m,386,204,0.0012,0.2
strategy_AxAlIdejVA8m,265,185,0.0,0.0
strategy_AxAlIdejVA8m,264,136,0.0,0.0
strategy_AxAlIdejVA8m,213,129,0.0,0.0
strategy_AxAlIdejVA8m,856,73,,
strategy_AxAlIdejVA8m,60,47,0.2283,10.7
strategy_AxAlIdejVA8m,223,32,0.0,0.0
strategy_AxAlIdejVA8m,992,22,0.0,0.0
strategy_AxAlIdejVA8m,233,21,0.0,0.0
strategy_AxAlIdejVA8m,7,21,0.0162,0.3
strategy_AxAlIdejVA8m,220,9,0.0,0.0
strategy_AxAlIdejVA8m,254,5,0.009,0.0
strategy_AxAlIdejVA8m,44,5,0.8571,4.3
strategy_Jg5GX6N06y9A,1,19,0.9591,18.2
strategy_Jg5GX6N06y9A,370,1,,
strategy_Jg5GX6N06y9A,86,1,0.9297,0.9
strategy_MGj5bfGOijOi,92,1127,0.0018,2.0
strategy_MGj5bfGOijOi,375,1074,0.0,0.0
strategy_MGj5bfGOijOi,386,820,0.0012,1.0
strategy_MGj5bfGOijOi,60,343,0.2283,78.3
strategy_MGj5bfGOijOi,223,232,0.0,0.0
strategy_MGj5bfGOijOi,7,195,0.0162,3.2
strategy_MGj5bfGOijOi,220,101,0.0,0.0
strategy_MGj5bfGOijOi,254,52,0.009,0.5
strategy_MGj5bfGOijOi,992,46,0.0,0.0
strategy_MGj5bfGOijOi,31,32,0.1613,5.2
strategy_NkRpGFInAJnE,1,4,0.9591,3.8
strategy_NrsClIxvGxWc,60,15,0.2283,3.4
strategy_NrsClIxvGxWc,92,9,0.0018,0.0
strategy_QgstgoGXTYmD,375,11,0.0,0.0
strategy_QgstgoGXTYmD,856,7,,
strategy_QgstgoGXTYmD,264,6,0.0,0.0
strategy_QgstgoGXTYmD,265,5,0.0,0.0
strategy_QgstgoGXTYmD,7,5,0.0162,0.1
strategy_QgstgoGXTYmD,92,3,0.0018,0.0
strategy_QgstgoGXTYmD,213,2,0.0,0.0
strategy_QgstgoGXTYmD,221,2,,
strategy_QgstgoGXTYmD,380,1,,
strategy_QgstgoGXTYmD,386,1,0.0012,0.0
strategy_QgstgoGXTYmD,44,1,0.8571,0.9
strategy_QgstgoGXTYmD,60,1,0.2283,0.2
strategy_XJefRbJPjhpx,1,9,0.9591,8.6
strategy_aEw2XWL4QIYx,1,59,0.9591,56.6
strategy_aEw2XWL4QIYx,86,1,0.9297,0.9
strategy_aMgzQ6DeG4ea,1,6,0.9591,5.8
strategy_bTCEWBZggaAP,375,140,0.0,0.0
strategy_bTCEWBZggaAP,92,117,0.0018,0.2
strategy_bTCEWBZggaAP,265,103,0.0,0.0
strategy_bTCEWBZggaAP,264,71,0.0,0.0
strategy_bTCEWBZggaAP,386,48,0.0012,0.1
strategy_bTCEWBZggaAP,213,39,0.0,0.0
strategy_bTCEWBZggaAP,856,39,,
strategy_bTCEWBZggaAP,60,23,0.2283,5.3
strategy_bTCEWBZggaAP,998,5,,
strategy_bTCEWBZggaAP,7,4,0.0162,0.1
strategy_bTCEWBZggaAP,233,3,0.0,0.0
strategy_rBx7NsDRhbcW,375,349,0.0,0.0
strategy_rBx7NsDRhbcW,265,306,0.0,0.0
strategy_rBx7NsDRhbcW,92,233,0.0018,0.4
strategy_rBx7NsDRhbcW,264,179,0.0,0.0
strategy_rBx7NsDRhbcW,386,143,0.0012,0.2
strategy_rBx7NsDRhbcW,856,142,,
strategy_rBx7NsDRhbcW,213,98,0.0,0.0
strategy_rBx7NsDRhbcW,7,34,0.0162,0.6
strategy_rBx7NsDRhbcW,998,7,,
strategy_rBx7NsDRhbcW,233,5,0.0,0.0
strategy_rBx7NsDRhbcW,223,4,0.0,0.0
strategy_rBx7NsDRhbcW,31,3,0.1613,0.5
strategy_rBx7NsDRhbcW,33,3,0.697,2.1
strategy_rBx7NsDRhbcW,44,3,0.8571,2.6
strategy_rBx7NsDRhbcW,82,3,0.8182,2.5
strategy_rBx7NsDRhbcW,220,2,0.0,0.0
strategy_rBx7NsDRhbcW,34,2,0.8966,1.8
strategy_rBx7NsDRhbcW,48,2,1.0,2.0
strategy_rBx7NsDRhbcW,62,2,,
strategy_rBx7NsDRhbcW,852,2,0.98,2.0
strategy_rBx7NsDRhbcW,254,1,0.009,0.0
strategy_rBx7NsDRhbcW,370,1,,
strategy_rBx7NsDRhbcW,380,1,,
strategy_rBx7NsDRhbcW,47,1,0.0,0.0
strategy_rBx7NsDRhbcW,501,1,,
strategy_rBx7NsDRhbcW,55,1,1.0,1.0
strategy_rBx7NsDRhbcW,81,1,0.4,0.4
strategy_rBx7NsDRhbcW,853,1,1.0,1.0
strategy_rBx7NsDRhbcW,86,1,0.9297,0.9
strategy_rBx7NsDRhbcW,90,1,1.0,1.0
strategy_tO7DZkJ1g0C2,213,42,0.0,0.0
strategy_tO7DZkJ1g0C2,265,38,0.0,0.0
strategy_tO7DZkJ1g0C2,992,28,0.0,0.0
strategy_tO7DZkJ1g0C2,386,27,0.0012,0.0
strategy_tO7DZkJ1g0C2,254,26,0.009,0.2
strategy_tO7DZkJ1g0C2,31,26,0.1613,4.2
strategy_tO7DZkJ1g0C2,264,25,0.0,0.0
strategy_tO7DZkJ1g0C2,220,23,0.0,0.0
strategy_tO7DZkJ1g0C2,223,22,0.0,0.0
strategy_tO7DZkJ1g0C2,375,13,0.0,0.0
strategy_tO7DZkJ1g0C2,92,11,0.0018,0.0
strategy_tO7DZkJ1g0C2,509,6,0.0,0.0
strategy_tO7DZkJ1g0C2,233,5,0.0,0.0
strategy_tO7DZkJ1g0C2,60,5,0.2283,1.1
strategy_tO7DZkJ1g0C2,998,5,,
strategy_tO7DZkJ1g0C2,972,3,0.2778,0.8
strategy_tO7DZkJ1g0C2,251,2,,
strategy_tO7DZkJ1g0C2,255,2,,
strategy_tO7DZkJ1g0C2,380,2,,
strategy_tO7DZkJ1g0C2,7,2,0.0162,0.0
strategy_tO7DZkJ1g0C2,63,1,0.25,0.2
strategy_uST7u6mubWyD,60,53,0.2283,12.1
strategy_uST7u6mubWyD,86,16,0.9297,14.9
strategy_uST7u6mubWyD,92,9,0.0018,0.0
strategy_uST7u6mubWyD,33,5,0.697,3.5
strategy_uST7u6mubWyD,44,4,0.8571,3.4
strategy_uST7u6mubWyD,34,3,0.8966,2.7
strategy_uST7u6mubWyD,39,3,0.6471,1.9
strategy_uST7u6mubWyD,82,3,0.8182,2.5
strategy_uST7u6mubWyD,852,3,0.98,2.9
strategy_uST7u6mubWyD,370,2,,
strategy_uST7u6mubWyD,55,2,1.0,2.0
strategy_uST7u6mubWyD,81,2,0.4,0.8
strategy_uST7u6mubWyD,31,1,0.1613,0.2
strategy_uST7u6mubWyD,47,1,0.0,0.0
strategy_uST7u6mubWyD,48,1,1.0,1.0
strategy_uST7u6mubWyD,63,1,0.25,0.2
strategy_uST7u6mubWyD,65,1,0.9244,0.9
strategy_uST7u6mubWyD,90,1,1.0,1.0
strategy_uST7u6mubWyD,91,1,0.8421,0.8
strategy_uST7u6mubWyD,966,1,1.0,1.0
strategy_x37TInaHsvPQ,265,937,0.0,0.0
strategy_x37TInaHsvPQ,264,606,0.0,0.0
strategy_x37TInaHsvPQ,213,549,0.0,0.0
strategy_x37TInaHsvPQ,856,481,,
strategy_yfvTZgkTp9Xi,1,19,0.9591,18.2
