strategy_id,extra_recall_pv,pv_with_rate,est_filled_if_same_rate,est_filled_share,basis
strategy_MGj5bfGOijOi,4022,4022,90.2,0.0224,"SMS rule (email empty), LKUS_push, NY 2026-09-19..2026-09-25; extra recall = pre-online non-PASS strategy hit with final PASS; fill rate per cc from upush stats base UTC 2026-08-25..2026-09-20 (UTC days); DERIVED: assumes hits fill like all sends of that cc"
strategy_x37TInaHsvPQ,2573,2092,0.0,0.0,"SMS rule (email empty), LKUS_push, NY 2026-09-19..2026-09-25; extra recall = pre-online non-PASS strategy hit with final PASS; fill rate per cc from upush stats base UTC 2026-08-25..2026-09-20 (UTC days); DERIVED: assumes hits fill like all sends of that cc"
strategy_rBx7NsDRhbcW,1532,1378,19.0,0.0138,"SMS rule (email empty), LKUS_push, NY 2026-09-19..2026-09-25; extra recall = pre-online non-PASS strategy hit with final PASS; fill rate per cc from upush stats base UTC 2026-08-25..2026-09-20 (UTC days); DERIVED: assumes hits fill like all sends of that cc"
strategy_AxAlIdejVA8m,1378,1305,16.0,0.0123,"SMS rule (email empty), LKUS_push, NY 2026-09-19..2026-09-25; extra recall = pre-online non-PASS strategy hit with final PASS; fill rate per cc from upush stats base UTC 2026-08-25..2026-09-20 (UTC days); DERIVED: assumes hits fill like all sends of that cc"
strategy_43NaEzJmiQFk,1231,1069,12.4,0.0116,"SMS rule (email empty), LKUS_push, NY 2026-09-19..2026-09-25; extra recall = pre-online non-PASS strategy hit with final PASS; fill rate per cc from upush stats base UTC 2026-08-25..2026-09-20 (UTC days); DERIVED: assumes hits fill like all sends of that cc"
strategy_bTCEWBZggaAP,592,548,5.699999999999999,0.0104,"SMS rule (email empty), LKUS_push, NY 2026-09-19..2026-09-25; extra recall = pre-online non-PASS strategy hit with final PASS; fill rate per cc from upush stats base UTC 2026-08-25..2026-09-20 (UTC days); DERIVED: assumes hits fill like all sends of that cc"
strategy_6wZBKzdb8SKf,499,428,13.0,0.0304,"SMS rule (email empty), LKUS_push, NY 2026-09-19..2026-09-25; extra recall = pre-online non-PASS strategy hit with final PASS; fill rate per cc from upush stats base UTC 2026-08-25..2026-09-20 (UTC days); DERIVED: assumes hits fill like all sends of that cc"
strategy_tO7DZkJ1g0C2,314,303,6.5,0.0215,"SMS rule (email empty), LKUS_push, NY 2026-09-19..2026-09-25; extra recall = pre-online non-PASS strategy hit with final PASS; fill rate per cc from upush stats base UTC 2026-08-25..2026-09-20 (UTC days); DERIVED: assumes hits fill like all sends of that cc"
strategy_3Xdk1yVksTLu,113,112,81.3,0.7259,"SMS rule (email empty), LKUS_push, NY 2026-09-19..2026-09-25; extra recall = pre-online non-PASS strategy hit with final PASS; fill rate per cc from upush stats base UTC 2026-08-25..2026-09-20 (UTC days); DERIVED: assumes hits fill like all sends of that cc"
strategy_uST7u6mubWyD,113,111,51.800000000000004,0.4667,"SMS rule (email empty), LKUS_push, NY 2026-09-19..2026-09-25; extra recall = pre-online non-PASS strategy hit with final PASS; fill rate per cc from upush stats base UTC 2026-08-25..2026-09-20 (UTC days); DERIVED: assumes hits fill like all sends of that cc"
strategy_aEw2XWL4QIYx,60,60,57.5,0.9583,"SMS rule (email empty), LKUS_push, NY 2026-09-19..2026-09-25; extra recall = pre-online non-PASS strategy hit with final PASS; fill rate per cc from upush stats base UTC 2026-08-25..2026-09-20 (UTC days); DERIVED: assumes hits fill like all sends of that cc"
strategy_6iDqO9WDcLqy,47,47,45.1,0.9596,"SMS rule (email empty), LKUS_push, NY 2026-09-19..2026-09-25; extra recall = pre-online non-PASS strategy hit with final PASS; fill rate per cc from upush stats base UTC 2026-08-25..2026-09-20 (UTC days); DERIVED: assumes hits fill like all sends of that cc"
strategy_QgstgoGXTYmD,45,35,1.2,0.0343,"SMS rule (email empty), LKUS_push, NY 2026-09-19..2026-09-25; extra recall = pre-online non-PASS strategy hit with final PASS; fill rate per cc from upush stats base UTC 2026-08-25..2026-09-20 (UTC days); DERIVED: assumes hits fill like all sends of that cc"
strategy_NrsClIxvGxWc,24,24,3.4,0.1417,"SMS rule (email empty), LKUS_push, NY 2026-09-19..2026-09-25; extra recall = pre-online non-PASS strategy hit with final PASS; fill rate per cc from upush stats base UTC 2026-08-25..2026-09-20 (UTC days); DERIVED: assumes hits fill like all sends of that cc"
strategy_Jg5GX6N06y9A,21,20,19.099999999999998,0.955,"SMS rule (email empty), LKUS_push, NY 2026-09-19..2026-09-25; extra recall = pre-online non-PASS strategy hit with final PASS; fill rate per cc from upush stats base UTC 2026-08-25..2026-09-20 (UTC days); DERIVED: assumes hits fill like all sends of that cc"
strategy_yfvTZgkTp9Xi,19,19,18.2,0.9579,"SMS rule (email empty), LKUS_push, NY 2026-09-19..2026-09-25; extra recall = pre-online non-PASS strategy hit with final PASS; fill rate per cc from upush stats base UTC 2026-08-25..2026-09-20 (UTC days); DERIVED: assumes hits fill like all sends of that cc"
strategy_XJefRbJPjhpx,9,9,8.6,0.9556,"SMS rule (email empty), LKUS_push, NY 2026-09-19..2026-09-25; extra recall = pre-online non-PASS strategy hit with final PASS; fill rate per cc from upush stats base UTC 2026-08-25..2026-09-20 (UTC days); DERIVED: assumes hits fill like all sends of that cc"
strategy_aMgzQ6DeG4ea,6,6,5.8,0.9667,"SMS rule (email empty), LKUS_push, NY 2026-09-19..2026-09-25; extra recall = pre-online non-PASS strategy hit with final PASS; fill rate per cc from upush stats base UTC 2026-08-25..2026-09-20 (UTC days); DERIVED: assumes hits fill like all sends of that cc"
strategy_NkRpGFInAJnE,4,4,3.8,0.95,"SMS rule (email empty), LKUS_push, NY 2026-09-19..2026-09-25; extra recall = pre-online non-PASS strategy hit with final PASS; fill rate per cc from upush stats base UTC 2026-08-25..2026-09-20 (UTC days); DERIVED: assumes hits fill like all sends of that cc"
