ny_date,sms_requests,plus1_requests,plus1_pass,plus1_pass_distinct_phones,plus1_reject,non_plus1_plus86_requests,non_plus1_pass,plus86_requests,attack_flag_k3,attack_flag_k5
2026-06-01,1379,1246,1240,1126,0,111,49,22,0,0
2026-06-02,1609,1503,1498,1338,0,103,22,3,0,0
2026-06-03,1652,1532,1526,1346,0,107,40,13,0,0
2026-06-04,1780,1648,1635,1442,0,117,36,15,0,0
2026-06-05,1604,1442,1436,1299,0,144,56,18,0,0
2026-06-06,1914,1728,1716,1556,0,171,43,15,0,0
2026-06-07,1841,1652,1645,1505,0,178,38,11,0,0
2026-06-08,1340,1210,1206,1082,0,110,55,20,0,0
2026-06-09,1552,1459,1454,1287,0,71,49,22,0,0
2026-06-10,1512,1398,1393,1232,0,99,34,15,0,0
2026-06-11,1467,1330,1324,1169,0,113,64,24,0,0
2026-06-12,1441,1245,1235,1097,0,181,52,15,0,0
2026-06-13,1681,1535,1531,1403,0,139,45,7,0,0
2026-06-14,1814,1598,1589,1434,0,200,54,16,0,0
2026-06-15,1349,1195,1184,1033,0,140,38,14,0,0
2026-06-16,1516,1270,1262,1104,0,214,55,32,0,0
2026-06-17,1546,1309,1299,1139,0,197,71,40,0,0
2026-06-18,1591,1439,1429,1268,0,139,50,13,0,0
2026-06-19,1646,1438,1428,1280,0,200,45,8,0,0
2026-06-20,1229,1134,1132,1004,0,82,27,13,0,0
2026-06-21,1067,975,968,859,0,81,35,11,0,0
2026-06-22,724,654,651,562,0,63,23,7,0,0
2026-06-23,839,767,763,686,0,58,32,14,0,0
2026-06-24,1248,1117,1113,995,0,115,51,16,0,0
2026-06-25,1102,1009,1004,873,0,77,32,16,0,0
2026-06-26,1012,917,914,802,0,79,44,16,0,0
2026-06-27,999,897,896,791,0,87,42,15,0,0
2026-06-28,1279,1162,1160,1054,0,111,37,6,0,0
2026-06-29,948,867,861,753,0,72,37,9,0,0
2026-06-30,1224,1105,1097,971,0,106,38,13,0,0
2026-07-01,1210,1108,1103,985,0,75,50,27,0,0
2026-07-02,1035,875,872,761,0,142,48,18,0,0
2026-07-03,970,852,846,746,0,108,38,10,0,0
2026-07-04,889,810,808,710,0,73,20,6,0,0
2026-07-05,1089,916,909,779,0,164,29,9,0,0
2026-07-06,748,648,642,537,0,86,37,14,0,0
2026-07-07,1139,1012,1006,850,0,110,47,17,0,0
2026-07-08,1504,1322,1316,1107,0,166,46,16,0,0
2026-07-09,1165,1052,1046,891,0,92,44,21,0,0
2026-07-10,1255,1072,1065,930,0,163,52,20,0,0
2026-07-11,1165,1065,1059,929,0,85,43,15,0,0
2026-07-12,1179,1025,1019,906,0,143,38,11,0,0
2026-07-13,1113,955,951,786,0,137,43,21,0,0
2026-07-14,1194,1090,1084,928,0,68,58,36,0,0
2026-07-15,1253,1121,1114,971,0,115,43,17,0,0
2026-07-16,1552,1378,1367,1206,0,147,57,27,0,0
2026-07-17,1271,1141,1137,976,0,116,56,14,0,0
2026-07-18,790,693,687,607,0,88,42,9,0,0
2026-07-19,928,852,841,758,0,65,25,11,0,0
2026-07-20,1197,1036,1034,922,0,132,52,29,0,0
2026-07-21,1056,955,951,831,0,87,33,14,0,0
2026-07-22,1458,1304,1295,1121,0,138,42,16,0,0
2026-07-23,1527,1370,1362,1151,0,139,61,18,0,0
2026-07-24,1395,1189,1178,1024,0,156,77,50,0,0
2026-07-25,1262,1168,1163,1051,0,80,49,14,0,0
2026-07-26,1227,1116,1105,969,0,95,51,16,0,0
2026-07-27,1194,1041,1032,897,0,129,51,24,0,0
2026-07-28,1410,1138,1123,947,7,166,118,106,0,0
2026-07-29,1325,1155,1154,1021,1,101,77,69,0,0
2026-07-30,1180,1051,1045,895,0,112,55,17,0,0
2026-07-31,1389,1178,1169,988,0,194,70,17,0,0
2026-08-01,1475,1253,1250,1090,0,211,37,11,0,0
2026-08-02,1281,1087,1081,959,0,175,52,19,0,0
2026-08-03,976,740,734,636,0,220,57,16,0,0
2026-08-04,1382,1153,1136,958,4,180,89,49,0,0
2026-08-05,1233,1102,1097,983,0,111,35,20,0,0
2026-08-06,1420,1140,1134,1003,0,135,102,145,0,0
2026-08-07,1223,985,980,847,0,222,52,16,0,0
2026-08-08,1331,1209,1205,1031,0,115,41,7,0,0
2026-08-09,1231,1055,1055,900,0,163,61,13,0,0
2026-08-10,1187,1022,1019,870,0,140,64,25,0,0
2026-08-11,1325,1176,1176,1025,0,125,74,24,0,0
2026-08-12,1347,1160,1160,989,0,168,78,19,0,0
2026-08-13,1344,1143,1142,990,0,189,73,12,0,0
2026-08-14,1213,1104,1102,939,0,90,69,19,0,0
2026-08-15,1305,1158,1157,1017,0,137,84,10,0,0
2026-08-16,1134,981,979,877,0,135,99,18,0,0
2026-08-17,1107,965,965,846,0,129,89,13,0,0
2026-08-18,1406,1230,1230,1058,0,162,73,14,0,0
2026-08-19,1357,1151,1149,971,0,183,93,23,0,0
2026-08-20,1281,990,989,852,0,172,106,119,0,0
2026-08-21,1281,1088,1088,949,0,165,112,28,0,0
2026-08-22,1365,1139,1138,1001,0,202,115,24,0,0
2026-08-23,1277,1086,1086,923,0,181,96,10,0,0
2026-08-24,1088,950,947,823,0,127,79,11,0,0
2026-08-25,1235,1046,1046,911,0,141,107,48,0,0
2026-08-26,1186,944,943,832,0,219,94,23,0,0
2026-08-27,1019,848,848,736,0,143,62,28,0,0
2026-08-28,1243,1066,1066,933,0,164,106,13,0,0
2026-08-29,1294,1155,1155,1003,0,113,85,26,0,0
2026-08-30,1308,1112,1110,954,0,186,115,10,0,0
2026-08-31,1364,1071,1070,945,0,272,117,21,1,0
2026-09-01,1281,1062,1062,914,0,208,96,11,0,0
2026-09-02,1497,1206,1206,1041,0,245,172,46,0,0
2026-09-03,1959,1249,1248,1068,0,691,423,19,1,1
2026-09-04,4188,1192,1191,1027,0,2979,1729,17,1,1
2026-09-05,7244,1277,1275,1128,0,5950,2250,17,1,1
2026-09-06,8158,1192,1191,1044,0,6948,2655,18,1,1
2026-09-07,7203,1108,1106,935,0,6077,2591,18,1,1
2026-09-08,7656,1432,1430,1256,0,6210,3062,14,1,1
2026-09-09,7775,1486,1469,1281,17,6269,2869,20,1,1
2026-09-10,6856,1414,1404,1232,10,5427,2204,15,1,1
2026-09-11,5686,1271,1271,1073,0,4398,1480,17,1,1
2026-09-12,5505,1413,1411,1226,0,4075,1471,17,1,1
2026-09-13,4918,950,948,829,0,3951,1554,17,1,1
2026-09-14,4545,1108,1108,961,0,3419,1330,18,1,1
2026-09-15,5483,1408,1406,1226,0,4063,1737,12,1,1
2026-09-16,5266,1237,1235,1071,0,4011,1589,18,1,1
2026-09-17,5575,1224,1224,1077,0,4340,1666,11,1,1
2026-09-18,5091,1215,1215,1035,0,3862,1358,14,1,1
2026-09-19,5391,1069,1068,973,0,4314,1605,8,1,1
2026-09-20,3551,757,757,651,0,2775,1035,19,1,1
2026-09-21,4735,1155,1154,980,0,3546,1256,34,1,1
2026-09-22,5139,1139,1138,999,0,3989,1707,11,1,1
2026-09-23,4689,1215,1215,1060,0,3457,1252,17,1,1
2026-09-24,3211,1138,1136,962,0,2055,582,18,1,1
2026-09-25,2734,1068,1068,940,0,1653,451,13,1,1
