shard,ny_date,scene_id,n,sk_empty,sk_eq_cc_col_phone_col,sk_eq_bare_cc_phone_col,sk_eq_phone_col,sk_eq_user_no_col,sk_eq_para_cc_phone,has_fullPhoneNo,sk_eq_fullPhoneNo,has_phoneNo,sk_eq_phoneNo,has_uid,sk_eq_uid,has_userNo,sk_eq_userNo,has_realIp,sk_eq_realIp,has_orderNo,sk_eq_orderNo,has_phoneNoEncryption,sk_eq_phoneNoEncryption,has_maskPhoneNo,sk_eq_maskPhoneNo,has_shopId,sk_eq_shopId,has_sceneId,sk_eq_sceneId,has_tenant,sk_eq_tenant,has_shumeiDevId,sk_eq_shumeiDevId,has_tongdunBlackBox,sk_eq_tongdunBlackBox,has_shumengDevId,sk_eq_shumengDevId,has_invitationCode,sk_eq_invitationCode,sk_starts_plus,sk_all_digits,sk_len_min,sk_len_max
0000,2026-09-22,LKUS_push,48,0.0,48.0,0.0,0.0,,48.0,48.0,48.0,48.0,0.0,48.0,0.0,0.0,,48.0,0.0,0.0,,0.0,,0.0,,0.0,,0.0,,48.0,0.0,0.0,,0.0,,0.0,,0.0,,48.0,0.0,12,14
0000,2026-09-22,LKUS_physical_order_create,99,0.0,0.0,0.0,0.0,99.0,0.0,87.0,0.0,87.0,0.0,99.0,0.0,99.0,99.0,99.0,0.0,0.0,,0.0,,0.0,,99.0,0.0,0.0,,99.0,0.0,12.0,0.0,12.0,0.0,12.0,0.0,0.0,,0.0,99.0,13,13
0000,2026-09-22,LKUS_payment,98,0.0,0.0,0.0,0.0,98.0,0.0,84.0,0.0,84.0,0.0,98.0,0.0,98.0,98.0,98.0,0.0,98.0,0.0,0.0,,0.0,,98.0,0.0,0.0,,98.0,0.0,0.0,,0.0,,0.0,,0.0,,0.0,98.0,13,13
0000,2026-09-22,LKUS_physical_order_cancel,3,0.0,0.0,0.0,0.0,3.0,0.0,3.0,0.0,3.0,0.0,3.0,0.0,3.0,3.0,3.0,0.0,3.0,0.0,0.0,,0.0,,3.0,0.0,0.0,,3.0,0.0,0.0,,0.0,,0.0,,0.0,,0.0,3.0,13,13
0000,2026-09-22,LKUS_login,13,0.0,0.0,0.0,0.0,13.0,0.0,13.0,0.0,13.0,0.0,13.0,0.0,13.0,13.0,13.0,0.0,0.0,,0.0,,0.0,,0.0,,0.0,,13.0,0.0,0.0,,0.0,,0.0,,0.0,,0.0,13.0,13,13
0000,2026-09-22,LKUS_grant_new_user_coupon,7,0.0,0.0,0.0,0.0,7.0,0.0,7.0,0.0,7.0,0.0,7.0,0.0,7.0,7.0,7.0,0.0,0.0,,7.0,0.0,7.0,0.0,0.0,,7.0,0.0,7.0,0.0,0.0,,0.0,,0.0,,7.0,0.0,0.0,7.0,13,13
0000,2026-09-22,LKUS_register,9,0.0,9.0,0.0,0.0,,9.0,9.0,9.0,9.0,0.0,9.0,0.0,0.0,,9.0,0.0,0.0,,0.0,,0.0,,0.0,,0.0,,9.0,0.0,0.0,,0.0,,0.0,,0.0,,9.0,0.0,12,12
0001,2026-09-22,LKUS_push,73,0.0,73.0,0.0,0.0,0.0,73.0,73.0,73.0,73.0,0.0,73.0,0.0,1.0,0.0,73.0,0.0,0.0,,0.0,,0.0,,0.0,,0.0,,73.0,0.0,0.0,,0.0,,0.0,,0.0,,73.0,0.0,12,14
0001,2026-09-22,LKUS_physical_order_create,116,0.0,0.0,0.0,0.0,116.0,0.0,93.0,0.0,93.0,0.0,116.0,0.0,116.0,116.0,116.0,0.0,0.0,,0.0,,0.0,,116.0,0.0,0.0,,116.0,0.0,21.0,0.0,21.0,0.0,21.0,0.0,0.0,,0.0,116.0,13,13
0001,2026-09-22,LKUS_payment,112,0.0,0.0,0.0,0.0,112.0,0.0,89.0,0.0,89.0,0.0,112.0,0.0,112.0,112.0,112.0,0.0,112.0,0.0,0.0,,0.0,,112.0,0.0,0.0,,112.0,0.0,0.0,,0.0,,0.0,,0.0,,0.0,112.0,13,13
0001,2026-09-22,LKUS_login,14,0.0,0.0,0.0,0.0,14.0,0.0,14.0,0.0,14.0,0.0,14.0,0.0,14.0,14.0,14.0,0.0,0.0,,0.0,,0.0,,0.0,,0.0,,14.0,0.0,0.0,,0.0,,0.0,,0.0,,0.0,14.0,13,13
0001,2026-09-22,LKUS_grant_new_user_coupon,7,0.0,0.0,0.0,0.0,7.0,0.0,7.0,0.0,7.0,0.0,7.0,0.0,7.0,7.0,7.0,0.0,0.0,,7.0,0.0,7.0,0.0,0.0,,7.0,0.0,7.0,0.0,0.0,,0.0,,0.0,,7.0,0.0,0.0,7.0,13,13
0001,2026-09-22,LKUS_physical_order_cancel,3,0.0,0.0,0.0,0.0,3.0,0.0,3.0,0.0,3.0,0.0,3.0,0.0,3.0,3.0,3.0,0.0,3.0,0.0,0.0,,0.0,,3.0,0.0,0.0,,3.0,0.0,0.0,,0.0,,0.0,,0.0,,0.0,3.0,13,13
0001,2026-09-22,LKUS_register,10,0.0,10.0,0.0,0.0,,10.0,10.0,10.0,10.0,0.0,10.0,0.0,0.0,,10.0,0.0,0.0,,0.0,,0.0,,0.0,,0.0,,10.0,0.0,0.0,,0.0,,0.0,,0.0,,10.0,0.0,12,12
0002,2026-09-22,LKUS_push,82,0.0,82.0,0.0,0.0,0.0,82.0,82.0,82.0,82.0,0.0,82.0,0.0,2.0,0.0,82.0,0.0,0.0,,0.0,,0.0,,0.0,,0.0,,82.0,0.0,0.0,,0.0,,0.0,,0.0,,82.0,0.0,12,14
0002,2026-09-22,LKUS_login,16,0.0,0.0,0.0,0.0,16.0,0.0,16.0,0.0,16.0,0.0,16.0,0.0,16.0,16.0,16.0,0.0,0.0,,0.0,,0.0,,0.0,,0.0,,16.0,0.0,0.0,,0.0,,0.0,,0.0,,0.0,16.0,13,13
0002,2026-09-22,LKUS_grant_new_user_coupon,8,0.0,0.0,0.0,0.0,8.0,0.0,8.0,0.0,8.0,0.0,8.0,0.0,8.0,8.0,8.0,0.0,0.0,,8.0,0.0,8.0,0.0,0.0,,8.0,0.0,8.0,0.0,0.0,,0.0,,0.0,,8.0,0.0,0.0,8.0,13,13
0002,2026-09-22,LKUS_physical_order_create,88,0.0,0.0,0.0,0.0,88.0,0.0,79.0,0.0,79.0,0.0,88.0,0.0,88.0,88.0,88.0,0.0,0.0,,0.0,,0.0,,88.0,0.0,0.0,,88.0,0.0,9.0,0.0,9.0,0.0,9.0,0.0,0.0,,0.0,88.0,13,13
0002,2026-09-22,LKUS_payment,90,0.0,0.0,0.0,0.0,90.0,0.0,81.0,0.0,81.0,0.0,90.0,0.0,90.0,90.0,90.0,0.0,90.0,0.0,0.0,,0.0,,90.0,0.0,0.0,,90.0,0.0,0.0,,0.0,,0.0,,0.0,,0.0,90.0,13,13
0002,2026-09-22,LKUS_register,9,0.0,9.0,0.0,0.0,,9.0,9.0,9.0,9.0,0.0,9.0,0.0,0.0,,9.0,0.0,0.0,,0.0,,0.0,,0.0,,0.0,,9.0,0.0,0.0,,0.0,,0.0,,0.0,,9.0,0.0,12,12
0003,2026-09-22,LKUS_push,97,0.0,97.0,0.0,0.0,0.0,97.0,97.0,97.0,97.0,0.0,97.0,0.0,3.0,0.0,97.0,0.0,0.0,,0.0,,0.0,,0.0,,0.0,,97.0,0.0,0.0,,0.0,,0.0,,0.0,,97.0,0.0,11,14
0003,2026-09-22,LKUS_login,11,0.0,0.0,0.0,0.0,11.0,0.0,11.0,0.0,11.0,0.0,11.0,0.0,11.0,11.0,11.0,0.0,0.0,,0.0,,0.0,,0.0,,0.0,,11.0,0.0,0.0,,0.0,,0.0,,0.0,,0.0,11.0,13,13
0003,2026-09-22,LKUS_grant_new_user_coupon,6,0.0,0.0,0.0,0.0,6.0,0.0,6.0,0.0,6.0,0.0,6.0,0.0,6.0,6.0,6.0,0.0,0.0,,6.0,0.0,6.0,0.0,0.0,,6.0,0.0,6.0,0.0,0.0,,0.0,,0.0,,6.0,0.0,0.0,6.0,13,13
0003,2026-09-22,LKUS_physical_order_create,94,0.0,0.0,0.0,0.0,94.0,0.0,84.0,0.0,84.0,0.0,94.0,0.0,94.0,94.0,94.0,0.0,0.0,,0.0,,0.0,,94.0,0.0,0.0,,94.0,0.0,11.0,0.0,11.0,0.0,11.0,0.0,0.0,,0.0,94.0,13,13
0003,2026-09-22,LKUS_payment,93,0.0,0.0,0.0,0.0,93.0,0.0,83.0,0.0,83.0,0.0,93.0,0.0,93.0,93.0,93.0,0.0,93.0,0.0,0.0,,0.0,,93.0,0.0,0.0,,93.0,0.0,0.0,,0.0,,0.0,,0.0,,0.0,93.0,13,13
0003,2026-09-22,LKUS_register,13,0.0,13.0,0.0,0.0,,13.0,13.0,13.0,13.0,0.0,13.0,0.0,0.0,,13.0,0.0,0.0,,0.0,,0.0,,0.0,,0.0,,13.0,0.0,0.0,,0.0,,0.0,,0.0,,13.0,0.0,12,12
0003,2026-09-22,LKUS_physical_order_cancel,1,0.0,0.0,0.0,0.0,1.0,0.0,1.0,0.0,1.0,0.0,1.0,0.0,1.0,1.0,1.0,0.0,1.0,0.0,0.0,,0.0,,1.0,0.0,0.0,,1.0,0.0,0.0,,0.0,,0.0,,0.0,,0.0,1.0,13,13
0004,2026-09-22,LKUS_push,78,0.0,78.0,0.0,0.0,,78.0,78.0,78.0,78.0,0.0,78.0,0.0,0.0,,78.0,0.0,0.0,,0.0,,0.0,,0.0,,0.0,,78.0,0.0,0.0,,0.0,,0.0,,0.0,,78.0,0.0,12,14
0004,2026-09-22,IQA2_login,1,0.0,0.0,0.0,0.0,1.0,0.0,1.0,0.0,1.0,0.0,1.0,0.0,1.0,1.0,1.0,0.0,0.0,,0.0,,0.0,,0.0,,0.0,,1.0,0.0,0.0,,0.0,,0.0,,0.0,,0.0,1.0,13,13
0004,2026-09-22,IQA2_physical_order_create,1,0.0,0.0,0.0,0.0,1.0,0.0,1.0,0.0,1.0,0.0,1.0,0.0,1.0,1.0,1.0,0.0,0.0,,0.0,,0.0,,1.0,0.0,0.0,,1.0,0.0,1.0,0.0,1.0,0.0,1.0,0.0,0.0,,0.0,1.0,13,13
0004,2026-09-22,IQA2_payment,1,0.0,0.0,0.0,0.0,1.0,0.0,1.0,0.0,1.0,0.0,1.0,0.0,1.0,1.0,1.0,0.0,1.0,0.0,0.0,,0.0,,1.0,0.0,0.0,,1.0,0.0,0.0,,0.0,,0.0,,0.0,,0.0,1.0,13,13
0004,2026-09-22,LKUS_physical_order_create,104,0.0,0.0,0.0,0.0,104.0,0.0,90.0,0.0,90.0,0.0,104.0,0.0,104.0,104.0,104.0,0.0,0.0,,0.0,,0.0,,104.0,0.0,0.0,,104.0,0.0,13.0,0.0,13.0,0.0,13.0,0.0,0.0,,0.0,104.0,13,13
0004,2026-09-22,LKUS_payment,108,0.0,0.0,0.0,0.0,108.0,0.0,94.0,0.0,94.0,0.0,108.0,0.0,108.0,108.0,108.0,0.0,108.0,0.0,0.0,,0.0,,108.0,0.0,0.0,,108.0,0.0,0.0,,0.0,,0.0,,0.0,,0.0,108.0,13,13
0004,2026-09-22,LKUS_register,7,0.0,7.0,0.0,0.0,,7.0,7.0,7.0,7.0,0.0,7.0,0.0,0.0,,7.0,0.0,0.0,,0.0,,0.0,,0.0,,0.0,,7.0,0.0,0.0,,0.0,,0.0,,0.0,,7.0,0.0,12,12
0004,2026-09-22,LKUS_login,12,0.0,0.0,0.0,0.0,12.0,0.0,12.0,0.0,12.0,0.0,12.0,0.0,12.0,12.0,12.0,0.0,0.0,,0.0,,0.0,,0.0,,0.0,,12.0,0.0,0.0,,0.0,,0.0,,0.0,,0.0,12.0,13,13
0004,2026-09-22,LKUS_grant_new_user_coupon,5,0.0,0.0,0.0,0.0,5.0,0.0,5.0,0.0,5.0,0.0,5.0,0.0,5.0,5.0,5.0,0.0,0.0,,5.0,0.0,5.0,0.0,0.0,,5.0,0.0,5.0,0.0,0.0,,0.0,,0.0,,5.0,0.0,0.0,5.0,13,13
0005,2026-09-22,LKUS_push,90,0.0,90.0,0.0,0.0,0.0,90.0,90.0,90.0,90.0,0.0,90.0,0.0,3.0,0.0,90.0,0.0,0.0,,0.0,,0.0,,0.0,,0.0,,90.0,0.0,0.0,,0.0,,0.0,,0.0,,90.0,0.0,12,14
0005,2026-09-22,LKUS_login,16,0.0,0.0,0.0,0.0,16.0,0.0,16.0,0.0,16.0,0.0,16.0,0.0,16.0,16.0,16.0,0.0,0.0,,0.0,,0.0,,0.0,,0.0,,16.0,0.0,0.0,,0.0,,0.0,,0.0,,0.0,16.0,13,13
0005,2026-09-22,LKUS_grant_new_user_coupon,8,0.0,0.0,0.0,0.0,8.0,0.0,8.0,0.0,8.0,0.0,8.0,0.0,8.0,8.0,8.0,0.0,0.0,,8.0,0.0,8.0,0.0,0.0,,8.0,0.0,8.0,0.0,0.0,,0.0,,0.0,,8.0,0.0,0.0,8.0,13,13
0005,2026-09-22,LKUS_physical_order_create,106,0.0,0.0,0.0,0.0,106.0,0.0,87.0,0.0,87.0,0.0,106.0,0.0,106.0,106.0,106.0,0.0,0.0,,0.0,,0.0,,106.0,0.0,0.0,,106.0,0.0,20.0,0.0,20.0,0.0,20.0,0.0,0.0,,0.0,106.0,13,13
0005,2026-09-22,LKUS_payment,107,0.0,0.0,0.0,0.0,107.0,0.0,87.0,0.0,87.0,0.0,107.0,0.0,107.0,107.0,107.0,0.0,107.0,0.0,0.0,,0.0,,107.0,0.0,0.0,,107.0,0.0,0.0,,0.0,,0.0,,0.0,,0.0,107.0,13,13
0005,2026-09-22,LKUS_register,11,0.0,11.0,0.0,0.0,,11.0,11.0,11.0,11.0,0.0,11.0,0.0,0.0,,11.0,0.0,0.0,,0.0,,0.0,,0.0,,0.0,,11.0,0.0,0.0,,0.0,,0.0,,0.0,,11.0,0.0,12,12
0006,2026-09-22,LKUS_push,69,0.0,69.0,0.0,0.0,0.0,69.0,69.0,69.0,69.0,0.0,69.0,0.0,1.0,0.0,69.0,0.0,0.0,,0.0,,0.0,,0.0,,0.0,,69.0,0.0,0.0,,0.0,,0.0,,0.0,,69.0,0.0,12,14
0006,2026-09-22,LKUS_physical_order_create,105,0.0,0.0,0.0,0.0,105.0,0.0,89.0,0.0,89.0,0.0,105.0,0.0,105.0,105.0,105.0,0.0,0.0,,0.0,,0.0,,105.0,0.0,0.0,,105.0,0.0,19.0,0.0,19.0,0.0,19.0,0.0,0.0,,0.0,105.0,13,13
0006,2026-09-22,LKUS_payment,104,0.0,0.0,0.0,0.0,104.0,0.0,88.0,0.0,88.0,0.0,104.0,0.0,104.0,104.0,104.0,0.0,104.0,0.0,0.0,,0.0,,104.0,0.0,0.0,,104.0,0.0,0.0,,0.0,,0.0,,0.0,,0.0,104.0,13,13
0006,2026-09-22,LKUS_login,20,0.0,0.0,0.0,0.0,20.0,0.0,20.0,0.0,20.0,0.0,20.0,0.0,20.0,20.0,20.0,0.0,0.0,,0.0,,0.0,,0.0,,0.0,,20.0,0.0,0.0,,0.0,,0.0,,0.0,,0.0,20.0,13,13
0006,2026-09-22,LKUS_grant_new_user_coupon,9,0.0,0.0,0.0,0.0,9.0,0.0,9.0,0.0,9.0,0.0,9.0,0.0,9.0,9.0,9.0,0.0,0.0,,9.0,0.0,9.0,0.0,0.0,,9.0,0.0,9.0,0.0,0.0,,0.0,,0.0,,9.0,0.0,0.0,9.0,13,13
0006,2026-09-22,LKUS_register,8,0.0,8.0,0.0,0.0,,8.0,8.0,8.0,8.0,0.0,8.0,0.0,0.0,,8.0,0.0,0.0,,0.0,,0.0,,0.0,,0.0,,8.0,0.0,0.0,,0.0,,0.0,,0.0,,8.0,0.0,12,12
0006,2026-09-22,LKUS_physical_order_cancel,2,0.0,0.0,0.0,0.0,2.0,0.0,2.0,0.0,2.0,0.0,2.0,0.0,2.0,2.0,2.0,0.0,2.0,0.0,0.0,,0.0,,2.0,0.0,0.0,,2.0,0.0,0.0,,0.0,,0.0,,0.0,,0.0,2.0,13,13
0007,2026-09-22,LKUS_push,64,0.0,64.0,0.0,0.0,,64.0,64.0,64.0,64.0,0.0,64.0,0.0,0.0,,64.0,0.0,0.0,,0.0,,0.0,,0.0,,0.0,,64.0,0.0,0.0,,0.0,,0.0,,0.0,,64.0,0.0,12,14
0007,2026-09-22,LKUS_login,19,0.0,0.0,0.0,0.0,19.0,0.0,19.0,0.0,19.0,0.0,19.0,0.0,19.0,19.0,19.0,0.0,0.0,,0.0,,0.0,,0.0,,0.0,,19.0,0.0,0.0,,0.0,,0.0,,0.0,,0.0,19.0,13,13
0007,2026-09-22,LKUS_physical_order_create,106,0.0,0.0,0.0,0.0,106.0,0.0,97.0,0.0,97.0,0.0,106.0,0.0,106.0,106.0,106.0,0.0,0.0,,0.0,,0.0,,106.0,0.0,0.0,,106.0,0.0,9.0,0.0,9.0,0.0,9.0,0.0,0.0,,0.0,106.0,13,13
0007,2026-09-22,LKUS_payment,110,0.0,0.0,0.0,0.0,110.0,0.0,101.0,0.0,101.0,0.0,110.0,0.0,110.0,110.0,110.0,0.0,110.0,0.0,0.0,,0.0,,110.0,0.0,0.0,,110.0,0.0,0.0,,0.0,,0.0,,0.0,,0.0,110.0,13,13
0007,2026-09-22,LKUS_grant_new_user_coupon,9,0.0,0.0,0.0,0.0,9.0,0.0,9.0,0.0,9.0,0.0,9.0,0.0,9.0,9.0,9.0,0.0,0.0,,9.0,0.0,9.0,0.0,0.0,,9.0,0.0,9.0,0.0,0.0,,0.0,,0.0,,9.0,0.0,0.0,9.0,13,13
0007,2026-09-22,LKUS_register,3,0.0,3.0,0.0,0.0,,3.0,3.0,3.0,3.0,0.0,3.0,0.0,0.0,,3.0,0.0,0.0,,0.0,,0.0,,0.0,,0.0,,3.0,0.0,0.0,,0.0,,0.0,,0.0,,3.0,0.0,12,12
0008,2026-09-22,LKUS_push,59,0.0,59.0,0.0,0.0,,59.0,59.0,59.0,59.0,0.0,59.0,0.0,0.0,,59.0,0.0,0.0,,0.0,,0.0,,0.0,,0.0,,59.0,0.0,0.0,,0.0,,0.0,,0.0,,59.0,0.0,12,14
0008,2026-09-22,LKUS_register,7,0.0,7.0,0.0,0.0,,7.0,7.0,7.0,7.0,0.0,7.0,0.0,0.0,,7.0,0.0,0.0,,0.0,,0.0,,0.0,,0.0,,7.0,0.0,0.0,,0.0,,0.0,,0.0,,7.0,0.0,12,12
0008,2026-09-22,LKUS_grant_new_user_coupon,6,0.0,0.0,0.0,0.0,6.0,0.0,6.0,0.0,6.0,0.0,6.0,0.0,6.0,6.0,6.0,0.0,0.0,,6.0,0.0,6.0,0.0,0.0,,6.0,0.0,6.0,0.0,0.0,,0.0,,0.0,,6.0,0.0,0.0,6.0,13,13
0008,2026-09-22,LKUS_login,15,0.0,0.0,0.0,0.0,15.0,0.0,15.0,0.0,15.0,0.0,15.0,0.0,15.0,15.0,15.0,0.0,0.0,,0.0,,0.0,,0.0,,0.0,,15.0,0.0,0.0,,0.0,,0.0,,0.0,,0.0,15.0,13,13
0008,2026-09-22,LKUS_physical_order_create,102,0.0,0.0,0.0,0.0,102.0,0.0,88.0,0.0,88.0,0.0,102.0,0.0,102.0,102.0,102.0,0.0,0.0,,0.0,,0.0,,102.0,0.0,0.0,,102.0,0.0,14.0,0.0,14.0,0.0,14.0,0.0,0.0,,0.0,102.0,13,13
0008,2026-09-22,LKUS_payment,103,0.0,0.0,0.0,0.0,103.0,0.0,88.0,0.0,88.0,0.0,103.0,0.0,103.0,103.0,103.0,0.0,103.0,0.0,0.0,,0.0,,103.0,0.0,0.0,,103.0,0.0,0.0,,0.0,,0.0,,0.0,,0.0,103.0,13,13
0008,2026-09-22,LKUS_physical_order_cancel,2,0.0,0.0,0.0,0.0,2.0,0.0,2.0,0.0,2.0,0.0,2.0,0.0,2.0,2.0,2.0,0.0,2.0,0.0,0.0,,0.0,,2.0,0.0,0.0,,2.0,0.0,0.0,,0.0,,0.0,,0.0,,0.0,2.0,13,13
0009,2026-09-22,LKUS_push,39,0.0,39.0,0.0,0.0,,39.0,39.0,39.0,39.0,0.0,39.0,0.0,0.0,,39.0,0.0,0.0,,0.0,,0.0,,0.0,,0.0,,39.0,0.0,0.0,,0.0,,0.0,,0.0,,39.0,0.0,12,14
0009,2026-09-22,LKUS_physical_order_create,98,0.0,0.0,0.0,0.0,98.0,0.0,83.0,0.0,83.0,0.0,98.0,0.0,98.0,98.0,98.0,0.0,0.0,,0.0,,0.0,,98.0,0.0,0.0,,98.0,0.0,14.0,0.0,14.0,0.0,14.0,0.0,0.0,,0.0,98.0,13,13
0009,2026-09-22,LKUS_payment,98,0.0,0.0,0.0,0.0,98.0,0.0,81.0,0.0,81.0,0.0,98.0,0.0,98.0,98.0,98.0,0.0,98.0,0.0,0.0,,0.0,,98.0,0.0,0.0,,98.0,0.0,0.0,,0.0,,0.0,,0.0,,0.0,98.0,13,13
0009,2026-09-22,LKUS_grant_new_user_coupon,7,0.0,0.0,0.0,0.0,7.0,0.0,7.0,0.0,7.0,0.0,7.0,0.0,7.0,7.0,7.0,0.0,0.0,,7.0,0.0,7.0,0.0,0.0,,7.0,0.0,7.0,0.0,0.0,,0.0,,0.0,,7.0,0.0,0.0,7.0,13,13
0009,2026-09-22,LKUS_login,14,0.0,0.0,0.0,0.0,14.0,0.0,14.0,0.0,14.0,0.0,14.0,0.0,14.0,14.0,14.0,0.0,0.0,,0.0,,0.0,,0.0,,0.0,,14.0,0.0,0.0,,0.0,,0.0,,0.0,,0.0,14.0,13,13
0009,2026-09-22,LKUS_register,5,0.0,5.0,0.0,0.0,,5.0,5.0,5.0,5.0,0.0,5.0,0.0,0.0,,5.0,0.0,0.0,,0.0,,0.0,,0.0,,0.0,,5.0,0.0,0.0,,0.0,,0.0,,0.0,,5.0,0.0,12,12
0009,2026-09-22,LKUS_physical_order_cancel,1,0.0,0.0,0.0,0.0,1.0,0.0,1.0,0.0,1.0,0.0,1.0,0.0,1.0,1.0,1.0,0.0,1.0,0.0,0.0,,0.0,,1.0,0.0,0.0,,1.0,0.0,0.0,,0.0,,0.0,,0.0,,0.0,1.0,13,13
0010,2026-09-22,LKUS_login,26,0.0,0.0,0.0,0.0,26.0,0.0,26.0,0.0,26.0,0.0,26.0,0.0,26.0,26.0,26.0,0.0,0.0,,0.0,,0.0,,0.0,,0.0,,26.0,0.0,0.0,,0.0,,0.0,,0.0,,0.0,26.0,13,13
0010,2026-09-22,LKUS_grant_new_user_coupon,17,0.0,0.0,0.0,0.0,17.0,0.0,17.0,0.0,17.0,0.0,17.0,0.0,17.0,17.0,17.0,0.0,0.0,,17.0,0.0,17.0,0.0,0.0,,17.0,0.0,17.0,0.0,0.0,,0.0,,0.0,,17.0,0.0,0.0,17.0,13,13
0010,2026-09-22,LKUS_push,77,0.0,77.0,0.0,0.0,,77.0,77.0,77.0,77.0,0.0,77.0,0.0,0.0,,77.0,0.0,0.0,,0.0,,0.0,,0.0,,0.0,,77.0,0.0,0.0,,0.0,,0.0,,0.0,,77.0,0.0,11,14
0010,2026-09-22,LKUS_physical_order_create,112,0.0,0.0,0.0,0.0,112.0,0.0,93.0,0.0,93.0,0.0,112.0,0.0,112.0,112.0,112.0,0.0,0.0,,0.0,,0.0,,112.0,0.0,0.0,,112.0,0.0,18.0,0.0,18.0,0.0,18.0,0.0,0.0,,0.0,112.0,13,13
0010,2026-09-22,LKUS_payment,117,0.0,0.0,0.0,0.0,117.0,0.0,96.0,0.0,96.0,0.0,117.0,0.0,117.0,117.0,117.0,0.0,117.0,0.0,0.0,,0.0,,117.0,0.0,0.0,,117.0,0.0,0.0,,0.0,,0.0,,0.0,,0.0,117.0,13,13
0010,2026-09-22,LKUS_register,5,0.0,5.0,0.0,0.0,,5.0,5.0,5.0,5.0,0.0,5.0,0.0,0.0,,5.0,0.0,0.0,,0.0,,0.0,,0.0,,0.0,,5.0,0.0,0.0,,0.0,,0.0,,0.0,,5.0,0.0,11,12
0011,2026-09-22,LKUS_push,55,0.0,55.0,0.0,0.0,0.0,55.0,55.0,55.0,55.0,0.0,55.0,0.0,1.0,0.0,55.0,0.0,0.0,,0.0,,0.0,,0.0,,0.0,,55.0,0.0,0.0,,0.0,,0.0,,0.0,,55.0,0.0,12,13
0011,2026-09-22,LKUS_physical_order_create,129,0.0,0.0,0.0,0.0,129.0,0.0,109.0,0.0,109.0,0.0,129.0,0.0,129.0,129.0,129.0,0.0,0.0,,0.0,,0.0,,129.0,0.0,0.0,,129.0,0.0,18.0,0.0,18.0,0.0,18.0,0.0,0.0,,0.0,129.0,13,13
0011,2026-09-22,LKUS_payment,126,0.0,0.0,0.0,0.0,126.0,0.0,107.0,0.0,107.0,0.0,126.0,0.0,126.0,126.0,126.0,0.0,126.0,0.0,0.0,,0.0,,126.0,0.0,0.0,,126.0,0.0,0.0,,0.0,,0.0,,0.0,,0.0,126.0,13,13
0011,2026-09-22,LKUS_login,20,0.0,0.0,0.0,0.0,20.0,0.0,20.0,0.0,20.0,0.0,20.0,0.0,20.0,20.0,20.0,0.0,0.0,,0.0,,0.0,,0.0,,0.0,,20.0,0.0,0.0,,0.0,,0.0,,0.0,,0.0,20.0,13,13
0011,2026-09-22,LKUS_grant_new_user_coupon,12,0.0,0.0,0.0,0.0,12.0,0.0,12.0,0.0,12.0,0.0,12.0,0.0,12.0,12.0,12.0,0.0,0.0,,12.0,0.0,12.0,0.0,0.0,,12.0,0.0,12.0,0.0,0.0,,0.0,,0.0,,12.0,0.0,0.0,12.0,13,13
0011,2026-09-22,LKUS_register,9,0.0,9.0,0.0,0.0,,9.0,9.0,9.0,9.0,0.0,9.0,0.0,0.0,,9.0,0.0,0.0,,0.0,,0.0,,0.0,,0.0,,9.0,0.0,0.0,,0.0,,0.0,,0.0,,9.0,0.0,12,12
0011,2026-09-22,LKUS_physical_order_cancel,3,0.0,0.0,0.0,0.0,3.0,0.0,3.0,0.0,3.0,0.0,3.0,0.0,3.0,3.0,3.0,0.0,3.0,0.0,0.0,,0.0,,3.0,0.0,0.0,,3.0,0.0,0.0,,0.0,,0.0,,0.0,,0.0,3.0,13,13
0012,2026-09-22,LKUS_push,77,0.0,77.0,0.0,0.0,0.0,77.0,77.0,77.0,77.0,0.0,77.0,0.0,1.0,0.0,77.0,0.0,0.0,,0.0,,0.0,,0.0,,0.0,,77.0,0.0,0.0,,0.0,,0.0,,0.0,,77.0,0.0,11,14
0012,2026-09-22,LKUS_register,9,0.0,9.0,0.0,0.0,,9.0,9.0,9.0,9.0,0.0,9.0,0.0,0.0,,9.0,0.0,0.0,,0.0,,0.0,,0.0,,0.0,,9.0,0.0,0.0,,0.0,,0.0,,0.0,,9.0,0.0,11,12
0012,2026-09-22,LKUS_physical_order_create,84,0.0,0.0,0.0,0.0,84.0,0.0,73.0,0.0,73.0,0.0,84.0,0.0,84.0,84.0,84.0,0.0,0.0,,0.0,,0.0,,84.0,0.0,0.0,,84.0,0.0,10.0,0.0,10.0,0.0,10.0,0.0,0.0,,0.0,84.0,13,13
0012,2026-09-22,LKUS_payment,91,0.0,0.0,0.0,0.0,91.0,0.0,80.0,0.0,80.0,0.0,91.0,0.0,91.0,91.0,91.0,0.0,91.0,0.0,0.0,,0.0,,91.0,0.0,0.0,,91.0,0.0,0.0,,0.0,,0.0,,0.0,,0.0,91.0,13,13
0012,2026-09-22,LKUS_login,15,0.0,0.0,0.0,0.0,15.0,0.0,15.0,0.0,15.0,0.0,15.0,0.0,15.0,15.0,15.0,0.0,0.0,,0.0,,0.0,,0.0,,0.0,,15.0,0.0,0.0,,0.0,,0.0,,0.0,,0.0,15.0,13,13
0012,2026-09-22,LKUS_grant_new_user_coupon,8,0.0,0.0,0.0,0.0,8.0,0.0,8.0,0.0,8.0,0.0,8.0,0.0,8.0,8.0,8.0,0.0,0.0,,8.0,0.0,8.0,0.0,0.0,,8.0,0.0,8.0,0.0,0.0,,0.0,,0.0,,8.0,0.0,0.0,8.0,13,13
0012,2026-09-22,LKUS_physical_order_cancel,2,0.0,0.0,0.0,0.0,2.0,0.0,2.0,0.0,2.0,0.0,2.0,0.0,2.0,2.0,2.0,0.0,2.0,0.0,0.0,,0.0,,2.0,0.0,0.0,,2.0,0.0,0.0,,0.0,,0.0,,0.0,,0.0,2.0,13,13
0013,2026-09-22,LKUS_push,77,0.0,77.0,0.0,0.0,0.0,77.0,77.0,77.0,77.0,0.0,77.0,0.0,2.0,0.0,77.0,0.0,0.0,,0.0,,0.0,,0.0,,0.0,,77.0,0.0,0.0,,0.0,,0.0,,0.0,,77.0,0.0,11,14
0013,2026-09-22,IQA2_physical_order_create,1,0.0,0.0,0.0,0.0,1.0,0.0,1.0,0.0,1.0,0.0,1.0,0.0,1.0,1.0,1.0,0.0,0.0,,0.0,,0.0,,1.0,0.0,0.0,,1.0,0.0,0.0,,0.0,,0.0,,0.0,,0.0,1.0,13,13
0013,2026-09-22,IQA2_payment,1,0.0,0.0,0.0,0.0,1.0,0.0,1.0,0.0,1.0,0.0,1.0,0.0,1.0,1.0,1.0,0.0,1.0,0.0,0.0,,0.0,,1.0,0.0,0.0,,1.0,0.0,0.0,,0.0,,0.0,,0.0,,0.0,1.0,13,13
0013,2026-09-22,IQA2_physical_order_cancel,1,0.0,0.0,0.0,0.0,1.0,0.0,1.0,0.0,1.0,0.0,1.0,0.0,1.0,1.0,1.0,0.0,1.0,0.0,0.0,,0.0,,1.0,0.0,0.0,,1.0,0.0,0.0,,0.0,,0.0,,0.0,,0.0,1.0,13,13
0013,2026-09-22,LKUS_physical_order_create,98,0.0,0.0,0.0,0.0,98.0,0.0,85.0,0.0,85.0,0.0,98.0,0.0,98.0,98.0,98.0,0.0,0.0,,0.0,,0.0,,98.0,0.0,0.0,,98.0,0.0,12.0,0.0,12.0,0.0,12.0,0.0,0.0,,0.0,98.0,13,13
0013,2026-09-22,LKUS_payment,100,0.0,0.0,0.0,0.0,100.0,0.0,87.0,0.0,87.0,0.0,100.0,0.0,100.0,100.0,100.0,0.0,100.0,0.0,0.0,,0.0,,100.0,0.0,0.0,,100.0,0.0,0.0,,0.0,,0.0,,0.0,,0.0,100.0,13,13
0013,2026-09-22,LKUS_login,9,0.0,0.0,0.0,0.0,9.0,0.0,9.0,0.0,9.0,0.0,9.0,0.0,9.0,9.0,9.0,0.0,0.0,,0.0,,0.0,,0.0,,0.0,,9.0,0.0,0.0,,0.0,,0.0,,0.0,,0.0,9.0,13,13
0013,2026-09-22,LKUS_grant_new_user_coupon,5,0.0,0.0,0.0,0.0,5.0,0.0,5.0,0.0,5.0,0.0,5.0,0.0,5.0,5.0,5.0,0.0,0.0,,5.0,0.0,5.0,0.0,0.0,,5.0,0.0,5.0,0.0,0.0,,0.0,,0.0,,5.0,0.0,0.0,5.0,13,13
0013,2026-09-22,LKUS_register,4,0.0,4.0,0.0,0.0,,4.0,4.0,4.0,4.0,0.0,4.0,0.0,0.0,,4.0,0.0,0.0,,0.0,,0.0,,0.0,,0.0,,4.0,0.0,0.0,,0.0,,0.0,,0.0,,4.0,0.0,12,12
0013,2026-09-22,LKUS_physical_order_cancel,1,0.0,0.0,0.0,0.0,1.0,0.0,1.0,0.0,1.0,0.0,1.0,0.0,1.0,1.0,1.0,0.0,1.0,0.0,0.0,,0.0,,1.0,0.0,0.0,,1.0,0.0,0.0,,0.0,,0.0,,0.0,,0.0,1.0,13,13
0014,2026-09-22,LKUS_push,64,0.0,64.0,0.0,0.0,0.0,64.0,64.0,64.0,64.0,0.0,64.0,0.0,2.0,0.0,64.0,0.0,0.0,,0.0,,0.0,,0.0,,0.0,,64.0,0.0,0.0,,0.0,,0.0,,0.0,,64.0,0.0,11,14
0014,2026-09-22,LKUS_register,11,0.0,11.0,0.0,0.0,,11.0,11.0,11.0,11.0,0.0,11.0,0.0,0.0,,11.0,0.0,0.0,,0.0,,0.0,,0.0,,0.0,,11.0,0.0,0.0,,0.0,,0.0,,0.0,,11.0,0.0,11,14
0014,2026-09-22,LKUS_login,22,0.0,0.0,0.0,0.0,22.0,0.0,22.0,0.0,22.0,0.0,22.0,0.0,22.0,22.0,22.0,0.0,0.0,,0.0,,0.0,,0.0,,0.0,,22.0,0.0,0.0,,0.0,,0.0,,0.0,,0.0,22.0,13,13
0014,2026-09-22,LKUS_grant_new_user_coupon,10,0.0,0.0,0.0,0.0,10.0,0.0,10.0,0.0,10.0,0.0,10.0,0.0,10.0,10.0,10.0,0.0,0.0,,10.0,0.0,10.0,0.0,0.0,,10.0,0.0,10.0,0.0,0.0,,0.0,,0.0,,10.0,0.0,0.0,10.0,13,13
0014,2026-09-22,LKUS_payment,108,0.0,0.0,0.0,0.0,108.0,0.0,91.0,0.0,91.0,0.0,108.0,0.0,108.0,108.0,108.0,0.0,108.0,0.0,0.0,,0.0,,108.0,0.0,0.0,,108.0,0.0,0.0,,0.0,,0.0,,0.0,,0.0,108.0,13,13
0014,2026-09-22,LKUS_physical_order_create,107,0.0,0.0,0.0,0.0,107.0,0.0,92.0,0.0,92.0,0.0,107.0,0.0,107.0,107.0,107.0,0.0,0.0,,0.0,,0.0,,107.0,0.0,0.0,,107.0,0.0,16.0,0.0,16.0,0.0,16.0,0.0,0.0,,0.0,107.0,13,13
0014,2026-09-22,LKUS_physical_order_cancel,1,0.0,0.0,0.0,0.0,1.0,0.0,1.0,0.0,1.0,0.0,1.0,0.0,1.0,1.0,1.0,0.0,1.0,0.0,0.0,,0.0,,1.0,0.0,0.0,,1.0,0.0,0.0,,0.0,,0.0,,0.0,,0.0,1.0,13,13
0015,2026-09-22,LKUS_push,89,0.0,89.0,0.0,0.0,0.0,89.0,89.0,89.0,89.0,0.0,89.0,0.0,1.0,0.0,89.0,0.0,0.0,,0.0,,0.0,,0.0,,0.0,,89.0,0.0,0.0,,0.0,,0.0,,0.0,,89.0,0.0,12,14
0015,2026-09-22,LKUS_physical_order_create,109,0.0,0.0,0.0,0.0,109.0,0.0,89.0,0.0,89.0,0.0,109.0,0.0,109.0,109.0,109.0,0.0,0.0,,0.0,,0.0,,109.0,0.0,0.0,,109.0,0.0,19.0,0.0,19.0,0.0,19.0,0.0,0.0,,0.0,109.0,13,13
0015,2026-09-22,LKUS_payment,105,0.0,0.0,0.0,0.0,105.0,0.0,84.0,0.0,84.0,0.0,105.0,0.0,105.0,105.0,105.0,0.0,105.0,0.0,0.0,,0.0,,105.0,0.0,0.0,,105.0,0.0,0.0,,0.0,,0.0,,0.0,,0.0,105.0,13,13
0015,2026-09-22,LKUS_login,15,0.0,0.0,0.0,0.0,15.0,0.0,15.0,0.0,15.0,0.0,15.0,0.0,15.0,15.0,15.0,0.0,0.0,,0.0,,0.0,,0.0,,0.0,,15.0,0.0,0.0,,0.0,,0.0,,0.0,,0.0,15.0,13,13
0015,2026-09-22,LKUS_grant_new_user_coupon,7,0.0,0.0,0.0,0.0,7.0,0.0,7.0,0.0,7.0,0.0,7.0,0.0,7.0,7.0,7.0,0.0,0.0,,7.0,0.0,7.0,0.0,0.0,,7.0,0.0,7.0,0.0,0.0,,0.0,,0.0,,7.0,0.0,0.0,7.0,13,13
0015,2026-09-22,LKUS_register,11,0.0,11.0,0.0,0.0,,11.0,11.0,11.0,11.0,0.0,11.0,0.0,0.0,,11.0,0.0,0.0,,0.0,,0.0,,0.0,,0.0,,11.0,0.0,0.0,,0.0,,0.0,,0.0,,11.0,0.0,12,12
0015,2026-09-22,LKUS_physical_order_cancel,3,0.0,0.0,0.0,0.0,3.0,0.0,3.0,0.0,3.0,0.0,3.0,0.0,3.0,3.0,3.0,0.0,3.0,0.0,0.0,,0.0,,3.0,0.0,0.0,,3.0,0.0,0.0,,0.0,,0.0,,0.0,,0.0,3.0,13,13
0016,2026-09-22,LKUS_push,89,0.0,89.0,0.0,0.0,0.0,89.0,89.0,89.0,89.0,0.0,89.0,0.0,3.0,0.0,89.0,0.0,0.0,,0.0,,0.0,,0.0,,0.0,,89.0,0.0,0.0,,0.0,,0.0,,0.0,,89.0,0.0,12,14
0016,2026-09-22,LKUS_physical_order_create,83,0.0,0.0,0.0,0.0,83.0,0.0,71.0,0.0,71.0,0.0,83.0,0.0,83.0,83.0,83.0,0.0,0.0,,0.0,,0.0,,83.0,0.0,0.0,,83.0,0.0,12.0,0.0,12.0,0.0,12.0,0.0,0.0,,0.0,83.0,13,13
0016,2026-09-22,LKUS_payment,82,0.0,0.0,0.0,0.0,82.0,0.0,70.0,0.0,70.0,0.0,82.0,0.0,82.0,82.0,82.0,0.0,82.0,0.0,0.0,,0.0,,82.0,0.0,0.0,,82.0,0.0,0.0,,0.0,,0.0,,0.0,,0.0,82.0,13,13
0016,2026-09-22,LKUS_physical_order_cancel,2,0.0,0.0,0.0,0.0,2.0,0.0,2.0,0.0,2.0,0.0,2.0,0.0,2.0,2.0,2.0,0.0,2.0,0.0,0.0,,0.0,,2.0,0.0,0.0,,2.0,0.0,0.0,,0.0,,0.0,,0.0,,0.0,2.0,13,13
0016,2026-09-22,LKUS_login,11,0.0,0.0,0.0,0.0,11.0,0.0,11.0,0.0,11.0,0.0,11.0,0.0,11.0,11.0,11.0,0.0,0.0,,0.0,,0.0,,0.0,,0.0,,11.0,0.0,0.0,,0.0,,0.0,,0.0,,0.0,11.0,13,13
0016,2026-09-22,LKUS_register,11,0.0,11.0,0.0,0.0,,11.0,11.0,11.0,11.0,0.0,11.0,0.0,0.0,,11.0,0.0,0.0,,0.0,,0.0,,0.0,,0.0,,11.0,0.0,0.0,,0.0,,0.0,,0.0,,11.0,0.0,12,12
0016,2026-09-22,LKUS_captcha,1,0.0,1.0,0.0,0.0,,1.0,1.0,1.0,1.0,0.0,1.0,0.0,0.0,,1.0,0.0,0.0,,0.0,,0.0,,0.0,,0.0,,1.0,0.0,0.0,,0.0,,0.0,,0.0,,1.0,0.0,13,13
0016,2026-09-22,LKUS_grant_new_user_coupon,6,0.0,0.0,0.0,0.0,6.0,0.0,6.0,0.0,6.0,0.0,6.0,0.0,6.0,6.0,6.0,0.0,0.0,,6.0,0.0,6.0,0.0,0.0,,6.0,0.0,6.0,0.0,0.0,,0.0,,0.0,,6.0,0.0,0.0,6.0,13,13
0017,2026-09-22,LKUS_push,97,0.0,97.0,0.0,0.0,0.0,97.0,97.0,97.0,97.0,0.0,97.0,0.0,3.0,0.0,97.0,0.0,0.0,,0.0,,0.0,,0.0,,0.0,,97.0,0.0,0.0,,0.0,,0.0,,0.0,,97.0,0.0,12,14
0017,2026-09-22,LKUS_physical_order_create,90,0.0,0.0,0.0,0.0,90.0,0.0,79.0,0.0,79.0,0.0,90.0,0.0,90.0,90.0,90.0,0.0,0.0,,0.0,,0.0,,90.0,0.0,0.0,,90.0,0.0,10.0,0.0,10.0,0.0,10.0,0.0,0.0,,0.0,90.0,13,13
0017,2026-09-22,LKUS_payment,91,0.0,0.0,0.0,0.0,91.0,0.0,79.0,0.0,79.0,0.0,91.0,0.0,91.0,91.0,91.0,0.0,91.0,0.0,0.0,,0.0,,91.0,0.0,0.0,,91.0,0.0,0.0,,0.0,,0.0,,0.0,,0.0,91.0,13,13
0017,2026-09-22,LKUS_register,9,0.0,9.0,0.0,0.0,,9.0,9.0,9.0,9.0,0.0,9.0,0.0,0.0,,9.0,0.0,0.0,,0.0,,0.0,,0.0,,0.0,,9.0,0.0,0.0,,0.0,,0.0,,0.0,,9.0,0.0,12,12
0017,2026-09-22,LKUS_login,15,0.0,0.0,0.0,0.0,15.0,0.0,15.0,0.0,15.0,0.0,15.0,0.0,15.0,15.0,15.0,0.0,0.0,,0.0,,0.0,,0.0,,0.0,,15.0,0.0,0.0,,0.0,,0.0,,0.0,,0.0,15.0,13,13
0017,2026-09-22,LKUS_grant_new_user_coupon,6,0.0,0.0,0.0,0.0,6.0,0.0,6.0,0.0,6.0,0.0,6.0,0.0,6.0,6.0,6.0,0.0,0.0,,6.0,0.0,6.0,0.0,0.0,,6.0,0.0,6.0,0.0,0.0,,0.0,,0.0,,6.0,0.0,0.0,6.0,13,13
0017,2026-09-22,IQA2_push,1,0.0,1.0,0.0,0.0,,1.0,1.0,1.0,1.0,0.0,1.0,0.0,0.0,,1.0,0.0,0.0,,0.0,,0.0,,0.0,,0.0,,1.0,0.0,0.0,,0.0,,0.0,,0.0,,1.0,0.0,14,14
0018,2026-09-22,LKUS_push,88,0.0,88.0,0.0,0.0,0.0,88.0,88.0,88.0,88.0,0.0,88.0,0.0,2.0,0.0,88.0,0.0,0.0,,0.0,,0.0,,0.0,,0.0,,88.0,0.0,0.0,,0.0,,0.0,,0.0,,88.0,0.0,12,14
0018,2026-09-22,LKUS_register,6,0.0,6.0,0.0,0.0,,6.0,6.0,6.0,6.0,0.0,6.0,0.0,0.0,,6.0,0.0,0.0,,0.0,,0.0,,0.0,,0.0,,6.0,0.0,0.0,,0.0,,0.0,,0.0,,6.0,0.0,12,14
0018,2026-09-22,LKUS_physical_order_create,117,0.0,0.0,0.0,0.0,117.0,0.0,106.0,0.0,106.0,0.0,117.0,0.0,117.0,117.0,117.0,0.0,0.0,,0.0,,0.0,,117.0,0.0,0.0,,117.0,0.0,12.0,0.0,12.0,0.0,12.0,0.0,0.0,,0.0,117.0,13,13
0018,2026-09-22,LKUS_payment,114,0.0,0.0,0.0,0.0,114.0,0.0,103.0,0.0,103.0,0.0,114.0,0.0,114.0,114.0,114.0,0.0,114.0,0.0,0.0,,0.0,,114.0,0.0,0.0,,114.0,0.0,0.0,,0.0,,0.0,,0.0,,0.0,114.0,13,13
0018,2026-09-22,LKUS_grant_new_user_coupon,11,0.0,0.0,0.0,0.0,11.0,0.0,11.0,0.0,11.0,0.0,11.0,0.0,11.0,11.0,11.0,0.0,0.0,,11.0,0.0,11.0,0.0,0.0,,11.0,0.0,11.0,0.0,0.0,,0.0,,0.0,,11.0,0.0,0.0,11.0,13,13
0018,2026-09-22,LKUS_login,18,0.0,0.0,0.0,0.0,18.0,0.0,18.0,0.0,18.0,0.0,18.0,0.0,18.0,18.0,18.0,0.0,0.0,,0.0,,0.0,,0.0,,0.0,,18.0,0.0,0.0,,0.0,,0.0,,0.0,,0.0,18.0,13,13
0018,2026-09-22,LKUS_physical_order_cancel,4,0.0,0.0,0.0,0.0,4.0,0.0,4.0,0.0,4.0,0.0,4.0,0.0,4.0,4.0,4.0,0.0,4.0,0.0,0.0,,0.0,,4.0,0.0,0.0,,4.0,0.0,0.0,,0.0,,0.0,,0.0,,0.0,4.0,13,13
0018,2026-09-22,LKUS_captcha,1,0.0,1.0,0.0,0.0,,1.0,1.0,1.0,1.0,0.0,1.0,0.0,0.0,,1.0,0.0,0.0,,0.0,,0.0,,0.0,,0.0,,1.0,0.0,0.0,,0.0,,0.0,,0.0,,1.0,0.0,13,13
0019,2026-09-22,LKUS_push,90,0.0,90.0,0.0,0.0,0.0,90.0,90.0,90.0,90.0,0.0,90.0,0.0,2.0,0.0,90.0,0.0,0.0,,0.0,,0.0,,0.0,,0.0,,90.0,0.0,0.0,,0.0,,0.0,,0.0,,90.0,0.0,11,14
0019,2026-09-22,LKUS_login,15,0.0,0.0,0.0,0.0,15.0,0.0,15.0,0.0,15.0,0.0,15.0,0.0,15.0,15.0,15.0,0.0,0.0,,0.0,,0.0,,0.0,,0.0,,15.0,0.0,0.0,,0.0,,0.0,,0.0,,0.0,15.0,13,13
0019,2026-09-22,LKUS_physical_order_create,103,0.0,0.0,0.0,0.0,103.0,0.0,93.0,0.0,93.0,0.0,103.0,0.0,103.0,103.0,103.0,0.0,0.0,,0.0,,0.0,,103.0,0.0,0.0,,103.0,0.0,10.0,0.0,10.0,0.0,10.0,0.0,0.0,,0.0,103.0,13,13
0019,2026-09-22,LKUS_payment,103,0.0,0.0,0.0,0.0,103.0,0.0,93.0,0.0,93.0,0.0,103.0,0.0,103.0,103.0,103.0,0.0,103.0,0.0,0.0,,0.0,,103.0,0.0,0.0,,103.0,0.0,0.0,,0.0,,0.0,,0.0,,0.0,103.0,13,13
0019,2026-09-22,LKUS_register,13,0.0,13.0,0.0,0.0,,13.0,13.0,13.0,13.0,0.0,13.0,0.0,0.0,,13.0,0.0,0.0,,0.0,,0.0,,0.0,,0.0,,13.0,0.0,0.0,,0.0,,0.0,,0.0,,13.0,0.0,12,12
0019,2026-09-22,LKUS_physical_order_cancel,1,0.0,0.0,0.0,0.0,1.0,0.0,1.0,0.0,1.0,0.0,1.0,0.0,1.0,1.0,1.0,0.0,1.0,0.0,0.0,,0.0,,1.0,0.0,0.0,,1.0,0.0,0.0,,0.0,,0.0,,0.0,,0.0,1.0,13,13
0019,2026-09-22,LKUS_grant_new_user_coupon,5,0.0,0.0,0.0,0.0,5.0,0.0,5.0,0.0,5.0,0.0,5.0,0.0,5.0,5.0,5.0,0.0,0.0,,5.0,0.0,5.0,0.0,0.0,,5.0,0.0,5.0,0.0,0.0,,0.0,,0.0,,5.0,0.0,0.0,5.0,13,13
0019,2026-09-22,IQA2_login,1,0.0,0.0,0.0,0.0,1.0,0.0,1.0,0.0,1.0,0.0,1.0,0.0,1.0,1.0,1.0,0.0,0.0,,0.0,,0.0,,0.0,,0.0,,1.0,0.0,0.0,,0.0,,0.0,,0.0,,0.0,1.0,13,13
0019,2026-09-22,IQA2_physical_order_create,1,0.0,0.0,0.0,0.0,1.0,0.0,1.0,0.0,1.0,0.0,1.0,0.0,1.0,1.0,1.0,0.0,0.0,,0.0,,0.0,,1.0,0.0,0.0,,1.0,0.0,0.0,,0.0,,0.0,,0.0,,0.0,1.0,13,13
0020,2026-09-22,LKUS_push,103,0.0,103.0,0.0,0.0,0.0,103.0,103.0,103.0,103.0,0.0,103.0,0.0,2.0,0.0,103.0,0.0,0.0,,0.0,,0.0,,0.0,,0.0,,103.0,0.0,0.0,,0.0,,0.0,,0.0,,103.0,0.0,11,14
0020,2026-09-22,LKUS_physical_order_create,112,0.0,0.0,0.0,0.0,112.0,0.0,95.0,0.0,95.0,0.0,112.0,0.0,112.0,112.0,112.0,0.0,0.0,,0.0,,0.0,,112.0,0.0,0.0,,112.0,0.0,18.0,0.0,18.0,0.0,18.0,0.0,0.0,,0.0,112.0,13,13
0020,2026-09-22,LKUS_payment,114,0.0,0.0,0.0,0.0,114.0,0.0,97.0,0.0,97.0,0.0,114.0,0.0,114.0,114.0,114.0,0.0,114.0,0.0,0.0,,0.0,,114.0,0.0,0.0,,114.0,0.0,0.0,,0.0,,0.0,,0.0,,0.0,114.0,13,13
0020,2026-09-22,LKUS_login,20,0.0,0.0,0.0,0.0,20.0,0.0,20.0,0.0,20.0,0.0,20.0,0.0,20.0,20.0,20.0,0.0,0.0,,0.0,,0.0,,0.0,,0.0,,20.0,0.0,0.0,,0.0,,0.0,,0.0,,0.0,20.0,13,13
0020,2026-09-22,LKUS_register,8,0.0,8.0,0.0,0.0,,8.0,8.0,8.0,8.0,0.0,8.0,0.0,0.0,,8.0,0.0,0.0,,0.0,,0.0,,0.0,,0.0,,8.0,0.0,0.0,,0.0,,0.0,,0.0,,8.0,0.0,12,12
0020,2026-09-22,LKUS_grant_new_user_coupon,13,0.0,0.0,0.0,0.0,13.0,0.0,13.0,0.0,13.0,0.0,13.0,0.0,13.0,13.0,13.0,0.0,0.0,,13.0,0.0,13.0,0.0,0.0,,13.0,0.0,13.0,0.0,0.0,,0.0,,0.0,,13.0,0.0,0.0,13.0,13,13
0020,2026-09-22,LKUS_physical_order_cancel,1,0.0,0.0,0.0,0.0,1.0,0.0,1.0,0.0,1.0,0.0,1.0,0.0,1.0,1.0,1.0,0.0,1.0,0.0,0.0,,0.0,,1.0,0.0,0.0,,1.0,0.0,0.0,,0.0,,0.0,,0.0,,0.0,1.0,13,13
0021,2026-09-22,LKUS_push,76,0.0,76.0,0.0,0.0,0.0,76.0,76.0,76.0,76.0,0.0,76.0,0.0,2.0,0.0,76.0,0.0,0.0,,0.0,,0.0,,0.0,,0.0,,76.0,0.0,0.0,,0.0,,0.0,,0.0,,76.0,0.0,11,14
0021,2026-09-22,LKUS_login,16,0.0,0.0,0.0,0.0,16.0,0.0,16.0,0.0,16.0,0.0,16.0,0.0,16.0,16.0,16.0,0.0,0.0,,0.0,,0.0,,0.0,,0.0,,16.0,0.0,0.0,,0.0,,0.0,,0.0,,0.0,16.0,13,13
0021,2026-09-22,LKUS_grant_new_user_coupon,8,0.0,0.0,0.0,0.0,8.0,0.0,8.0,0.0,8.0,0.0,8.0,0.0,8.0,8.0,8.0,0.0,0.0,,8.0,0.0,8.0,0.0,0.0,,8.0,0.0,8.0,0.0,0.0,,0.0,,0.0,,8.0,0.0,0.0,8.0,13,13
0021,2026-09-22,LKUS_physical_order_create,106,0.0,0.0,0.0,0.0,106.0,0.0,88.0,0.0,88.0,0.0,106.0,0.0,106.0,106.0,106.0,0.0,0.0,,0.0,,0.0,,106.0,0.0,0.0,,106.0,0.0,17.0,0.0,17.0,0.0,17.0,0.0,0.0,,0.0,106.0,13,13
0021,2026-09-22,LKUS_payment,104,0.0,0.0,0.0,0.0,104.0,0.0,85.0,0.0,85.0,0.0,104.0,0.0,104.0,104.0,104.0,0.0,104.0,0.0,0.0,,0.0,,104.0,0.0,0.0,,104.0,0.0,0.0,,0.0,,0.0,,0.0,,0.0,104.0,13,13
0021,2026-09-22,LKUS_register,10,0.0,10.0,0.0,0.0,,10.0,10.0,10.0,10.0,0.0,10.0,0.0,0.0,,10.0,0.0,0.0,,0.0,,0.0,,0.0,,0.0,,10.0,0.0,0.0,,0.0,,0.0,,0.0,,10.0,0.0,12,12
0021,2026-09-22,LKUS_physical_order_cancel,2,0.0,0.0,0.0,0.0,2.0,0.0,2.0,0.0,2.0,0.0,2.0,0.0,2.0,2.0,2.0,0.0,2.0,0.0,0.0,,0.0,,2.0,0.0,0.0,,2.0,0.0,0.0,,0.0,,0.0,,0.0,,0.0,2.0,13,13
0022,2026-09-22,LKUS_login,21,0.0,0.0,0.0,0.0,21.0,0.0,21.0,0.0,21.0,0.0,21.0,0.0,21.0,21.0,21.0,0.0,0.0,,0.0,,0.0,,0.0,,0.0,,21.0,0.0,0.0,,0.0,,0.0,,0.0,,0.0,21.0,13,13
0022,2026-09-22,LKUS_grant_new_user_coupon,13,0.0,0.0,0.0,0.0,13.0,0.0,13.0,0.0,13.0,0.0,13.0,0.0,13.0,13.0,13.0,0.0,0.0,,13.0,0.0,13.0,0.0,0.0,,13.0,0.0,13.0,0.0,0.0,,0.0,,0.0,,13.0,0.0,0.0,13.0,13,13
0022,2026-09-22,LKUS_push,130,0.0,130.0,0.0,0.0,0.0,130.0,130.0,130.0,130.0,0.0,130.0,0.0,3.0,0.0,130.0,0.0,0.0,,0.0,,0.0,,0.0,,0.0,,130.0,0.0,0.0,,0.0,,0.0,,0.0,,130.0,0.0,11,14
0022,2026-09-22,LKUS_physical_order_create,84,0.0,0.0,0.0,0.0,84.0,0.0,70.0,0.0,70.0,0.0,84.0,0.0,84.0,84.0,84.0,0.0,0.0,,0.0,,0.0,,84.0,0.0,0.0,,84.0,0.0,15.0,0.0,15.0,0.0,15.0,0.0,0.0,,0.0,84.0,13,13
0022,2026-09-22,LKUS_payment,84,0.0,0.0,0.0,0.0,84.0,0.0,70.0,0.0,70.0,0.0,84.0,0.0,84.0,84.0,84.0,0.0,84.0,0.0,0.0,,0.0,,84.0,0.0,0.0,,84.0,0.0,0.0,,0.0,,0.0,,0.0,,0.0,84.0,13,13
0022,2026-09-22,LKUS_register,9,0.0,9.0,0.0,0.0,,9.0,9.0,9.0,9.0,0.0,9.0,0.0,0.0,,9.0,0.0,0.0,,0.0,,0.0,,0.0,,0.0,,9.0,0.0,0.0,,0.0,,0.0,,0.0,,9.0,0.0,12,12
0022,2026-09-22,LKUS_physical_order_cancel,4,0.0,0.0,0.0,0.0,4.0,0.0,4.0,0.0,4.0,0.0,4.0,0.0,4.0,4.0,4.0,0.0,4.0,0.0,0.0,,0.0,,4.0,0.0,0.0,,4.0,0.0,0.0,,0.0,,0.0,,0.0,,0.0,4.0,13,13
0023,2026-09-22,LKUS_push,135,0.0,135.0,0.0,0.0,0.0,135.0,135.0,135.0,135.0,0.0,135.0,0.0,2.0,0.0,135.0,0.0,0.0,,0.0,,0.0,,0.0,,0.0,,135.0,0.0,0.0,,0.0,,0.0,,0.0,,135.0,0.0,11,14
0023,2026-09-22,LKUS_register,14,0.0,14.0,0.0,0.0,,14.0,14.0,14.0,14.0,0.0,14.0,0.0,0.0,,14.0,0.0,0.0,,0.0,,0.0,,0.0,,0.0,,14.0,0.0,0.0,,0.0,,0.0,,0.0,,14.0,0.0,12,14
0023,2026-09-22,LKUS_login,15,0.0,0.0,0.0,0.0,15.0,0.0,15.0,0.0,15.0,0.0,15.0,0.0,15.0,15.0,15.0,0.0,0.0,,0.0,,0.0,,0.0,,0.0,,15.0,0.0,0.0,,0.0,,0.0,,0.0,,0.0,15.0,13,13
0023,2026-09-22,LKUS_grant_new_user_coupon,13,0.0,0.0,0.0,0.0,13.0,0.0,13.0,0.0,13.0,0.0,13.0,0.0,13.0,13.0,13.0,0.0,0.0,,13.0,0.0,13.0,0.0,0.0,,13.0,0.0,13.0,0.0,0.0,,0.0,,0.0,,13.0,0.0,0.0,13.0,13,13
0023,2026-09-22,LKUS_physical_order_create,95,0.0,0.0,0.0,0.0,95.0,0.0,83.0,0.0,83.0,0.0,95.0,0.0,95.0,95.0,95.0,0.0,0.0,,0.0,,0.0,,95.0,0.0,0.0,,95.0,0.0,12.0,0.0,12.0,0.0,12.0,0.0,0.0,,0.0,95.0,13,13
0023,2026-09-22,LKUS_payment,90,0.0,0.0,0.0,0.0,90.0,0.0,78.0,0.0,78.0,0.0,90.0,0.0,90.0,90.0,90.0,0.0,90.0,0.0,0.0,,0.0,,90.0,0.0,0.0,,90.0,0.0,0.0,,0.0,,0.0,,0.0,,0.0,90.0,13,13
0023,2026-09-22,LKUS_physical_order_cancel,3,0.0,0.0,0.0,0.0,3.0,0.0,3.0,0.0,3.0,0.0,3.0,0.0,3.0,3.0,3.0,0.0,3.0,0.0,0.0,,0.0,,3.0,0.0,0.0,,3.0,0.0,0.0,,0.0,,0.0,,0.0,,0.0,3.0,13,13
0024,2026-09-22,LKUS_push,103,0.0,103.0,0.0,0.0,0.0,103.0,103.0,103.0,103.0,0.0,103.0,0.0,2.0,0.0,103.0,0.0,0.0,,0.0,,0.0,,0.0,,0.0,,103.0,0.0,0.0,,0.0,,0.0,,0.0,,103.0,0.0,11,14
0024,2026-09-22,LKUS_register,13,0.0,13.0,0.0,0.0,,13.0,13.0,13.0,13.0,0.0,13.0,0.0,0.0,,13.0,0.0,0.0,,0.0,,0.0,,0.0,,0.0,,13.0,0.0,0.0,,0.0,,0.0,,0.0,,13.0,0.0,12,14
0024,2026-09-22,LKUS_login,16,0.0,0.0,0.0,0.0,16.0,0.0,16.0,0.0,16.0,0.0,16.0,0.0,16.0,16.0,16.0,0.0,0.0,,0.0,,0.0,,0.0,,0.0,,16.0,0.0,0.0,,0.0,,0.0,,0.0,,0.0,16.0,13,13
0024,2026-09-22,LKUS_payment,95,0.0,0.0,0.0,0.0,95.0,0.0,84.0,0.0,84.0,0.0,95.0,0.0,95.0,95.0,95.0,0.0,95.0,0.0,0.0,,0.0,,95.0,0.0,0.0,,95.0,0.0,0.0,,0.0,,0.0,,0.0,,0.0,95.0,13,13
0024,2026-09-22,LKUS_physical_order_create,95,0.0,0.0,0.0,0.0,95.0,0.0,84.0,0.0,84.0,0.0,95.0,0.0,95.0,95.0,95.0,0.0,0.0,,0.0,,0.0,,95.0,0.0,0.0,,95.0,0.0,11.0,0.0,11.0,0.0,11.0,0.0,0.0,,0.0,95.0,13,13
0024,2026-09-22,LKUS_grant_new_user_coupon,12,0.0,0.0,0.0,0.0,12.0,0.0,12.0,0.0,12.0,0.0,12.0,0.0,12.0,12.0,12.0,0.0,0.0,,12.0,0.0,12.0,0.0,0.0,,12.0,0.0,12.0,0.0,0.0,,0.0,,0.0,,12.0,0.0,0.0,12.0,13,13
0024,2026-09-22,LKUS_physical_order_cancel,1,0.0,0.0,0.0,0.0,1.0,0.0,1.0,0.0,1.0,0.0,1.0,0.0,1.0,1.0,1.0,0.0,1.0,0.0,0.0,,0.0,,1.0,0.0,0.0,,1.0,0.0,0.0,,0.0,,0.0,,0.0,,0.0,1.0,13,13
0025,2026-09-22,LKUS_push,66,0.0,66.0,0.0,0.0,0.0,66.0,66.0,66.0,66.0,0.0,66.0,0.0,3.0,0.0,66.0,0.0,0.0,,0.0,,0.0,,0.0,,0.0,,66.0,0.0,0.0,,0.0,,0.0,,0.0,,66.0,0.0,11,14
0025,2026-09-22,LKUS_physical_order_create,82,0.0,0.0,0.0,0.0,82.0,0.0,74.0,0.0,74.0,0.0,82.0,0.0,82.0,82.0,82.0,0.0,0.0,,0.0,,0.0,,82.0,0.0,0.0,,82.0,0.0,8.0,0.0,8.0,0.0,8.0,0.0,0.0,,0.0,82.0,13,13
0025,2026-09-22,LKUS_payment,82,0.0,0.0,0.0,0.0,82.0,0.0,74.0,0.0,74.0,0.0,82.0,0.0,82.0,82.0,82.0,0.0,82.0,0.0,0.0,,0.0,,82.0,0.0,0.0,,82.0,0.0,0.0,,0.0,,0.0,,0.0,,0.0,82.0,13,13
0025,2026-09-22,LKUS_login,12,0.0,0.0,0.0,0.0,12.0,0.0,12.0,0.0,12.0,0.0,12.0,0.0,12.0,12.0,12.0,0.0,0.0,,0.0,,0.0,,0.0,,0.0,,12.0,0.0,0.0,,0.0,,0.0,,0.0,,0.0,12.0,13,13
0025,2026-09-22,LKUS_grant_new_user_coupon,6,0.0,0.0,0.0,0.0,6.0,0.0,6.0,0.0,6.0,0.0,6.0,0.0,6.0,6.0,6.0,0.0,0.0,,6.0,0.0,6.0,0.0,0.0,,6.0,0.0,6.0,0.0,0.0,,0.0,,0.0,,6.0,0.0,0.0,6.0,13,13
0025,2026-09-22,LKUS_register,6,0.0,6.0,0.0,0.0,,6.0,6.0,6.0,6.0,0.0,6.0,0.0,0.0,,6.0,0.0,0.0,,0.0,,0.0,,0.0,,0.0,,6.0,0.0,0.0,,0.0,,0.0,,0.0,,6.0,0.0,12,12
0025,2026-09-22,LKUS_physical_order_cancel,1,0.0,0.0,0.0,0.0,1.0,0.0,1.0,0.0,1.0,0.0,1.0,0.0,1.0,1.0,1.0,0.0,1.0,0.0,0.0,,0.0,,1.0,0.0,0.0,,1.0,0.0,0.0,,0.0,,0.0,,0.0,,0.0,1.0,13,13
0026,2026-09-22,LKUS_push,114,0.0,114.0,0.0,0.0,0.0,114.0,114.0,114.0,114.0,0.0,114.0,0.0,2.0,0.0,114.0,0.0,0.0,,0.0,,0.0,,0.0,,0.0,,114.0,0.0,0.0,,0.0,,0.0,,0.0,,114.0,0.0,11,14
0026,2026-09-22,LKUS_physical_order_create,95,0.0,0.0,0.0,0.0,95.0,0.0,83.0,0.0,83.0,0.0,95.0,0.0,95.0,95.0,95.0,0.0,0.0,,0.0,,0.0,,95.0,0.0,0.0,,95.0,0.0,10.0,0.0,10.0,0.0,10.0,0.0,0.0,,0.0,95.0,13,13
0026,2026-09-22,LKUS_payment,97,0.0,0.0,0.0,0.0,97.0,0.0,84.0,0.0,84.0,0.0,97.0,0.0,97.0,97.0,97.0,0.0,97.0,0.0,0.0,,0.0,,97.0,0.0,0.0,,97.0,0.0,0.0,,0.0,,0.0,,0.0,,0.0,97.0,13,13
0026,2026-09-22,LKUS_login,16,0.0,0.0,0.0,0.0,16.0,0.0,16.0,0.0,16.0,0.0,16.0,0.0,16.0,16.0,16.0,0.0,0.0,,0.0,,0.0,,0.0,,0.0,,16.0,0.0,0.0,,0.0,,0.0,,0.0,,0.0,16.0,13,13
0026,2026-09-22,LKUS_grant_new_user_coupon,7,0.0,0.0,0.0,0.0,7.0,0.0,7.0,0.0,7.0,0.0,7.0,0.0,7.0,7.0,7.0,0.0,0.0,,7.0,0.0,7.0,0.0,0.0,,7.0,0.0,7.0,0.0,0.0,,0.0,,0.0,,7.0,0.0,0.0,7.0,13,13
0026,2026-09-22,LKUS_register,4,0.0,4.0,0.0,0.0,,4.0,4.0,4.0,4.0,0.0,4.0,0.0,0.0,,4.0,0.0,0.0,,0.0,,0.0,,0.0,,0.0,,4.0,0.0,0.0,,0.0,,0.0,,0.0,,4.0,0.0,12,12
0027,2026-09-22,LKUS_push,75,0.0,75.0,0.0,0.0,0.0,75.0,75.0,75.0,75.0,0.0,75.0,0.0,1.0,0.0,75.0,0.0,0.0,,0.0,,0.0,,0.0,,0.0,,75.0,0.0,0.0,,0.0,,0.0,,0.0,,75.0,0.0,12,14
0027,2026-09-22,LKUS_physical_order_create,71,0.0,0.0,0.0,0.0,71.0,0.0,59.0,0.0,59.0,0.0,71.0,0.0,71.0,71.0,71.0,0.0,0.0,,0.0,,0.0,,71.0,0.0,0.0,,71.0,0.0,11.0,0.0,11.0,0.0,11.0,0.0,0.0,,0.0,71.0,13,13
0027,2026-09-22,LKUS_payment,73,0.0,0.0,0.0,0.0,73.0,0.0,60.0,0.0,60.0,0.0,73.0,0.0,73.0,73.0,73.0,0.0,73.0,0.0,0.0,,0.0,,73.0,0.0,0.0,,73.0,0.0,0.0,,0.0,,0.0,,0.0,,0.0,73.0,13,13
0027,2026-09-22,LKUS_register,8,0.0,8.0,0.0,0.0,,8.0,8.0,8.0,8.0,0.0,8.0,0.0,0.0,,8.0,0.0,0.0,,0.0,,0.0,,0.0,,0.0,,8.0,0.0,0.0,,0.0,,0.0,,0.0,,8.0,0.0,12,12
0027,2026-09-22,LKUS_login,8,0.0,0.0,0.0,0.0,8.0,0.0,8.0,0.0,8.0,0.0,8.0,0.0,8.0,8.0,8.0,0.0,0.0,,0.0,,0.0,,0.0,,0.0,,8.0,0.0,0.0,,0.0,,0.0,,0.0,,0.0,8.0,13,13
0027,2026-09-22,LKUS_grant_new_user_coupon,4,0.0,0.0,0.0,0.0,4.0,0.0,4.0,0.0,4.0,0.0,4.0,0.0,4.0,4.0,4.0,0.0,0.0,,4.0,0.0,4.0,0.0,0.0,,4.0,0.0,4.0,0.0,0.0,,0.0,,0.0,,4.0,0.0,0.0,4.0,13,13
0027,2026-09-22,LKUS_physical_order_cancel,1,0.0,0.0,0.0,0.0,1.0,0.0,1.0,0.0,1.0,0.0,1.0,0.0,1.0,1.0,1.0,0.0,1.0,0.0,0.0,,0.0,,1.0,0.0,0.0,,1.0,0.0,0.0,,0.0,,0.0,,0.0,,0.0,1.0,13,13
0028,2026-09-22,LKUS_push,97,0.0,97.0,0.0,0.0,0.0,97.0,97.0,97.0,97.0,0.0,97.0,0.0,3.0,0.0,97.0,0.0,0.0,,0.0,,0.0,,0.0,,0.0,,97.0,0.0,0.0,,0.0,,0.0,,0.0,,97.0,0.0,12,14
0028,2026-09-22,LKUS_physical_order_create,102,0.0,0.0,0.0,0.0,102.0,0.0,90.0,0.0,90.0,0.0,102.0,0.0,102.0,102.0,102.0,0.0,0.0,,0.0,,0.0,,102.0,0.0,0.0,,102.0,0.0,12.0,0.0,12.0,0.0,12.0,0.0,0.0,,0.0,102.0,13,13
0028,2026-09-22,LKUS_payment,97,0.0,0.0,0.0,0.0,97.0,0.0,85.0,0.0,85.0,0.0,97.0,0.0,97.0,97.0,97.0,0.0,97.0,0.0,0.0,,0.0,,97.0,0.0,0.0,,97.0,0.0,0.0,,0.0,,0.0,,0.0,,0.0,97.0,13,13
0028,2026-09-22,LKUS_register,12,0.0,12.0,0.0,0.0,,12.0,12.0,12.0,12.0,0.0,12.0,0.0,0.0,,12.0,0.0,0.0,,0.0,,0.0,,0.0,,0.0,,12.0,0.0,0.0,,0.0,,0.0,,0.0,,12.0,0.0,12,12
0028,2026-09-22,LKUS_login,15,0.0,0.0,0.0,0.0,15.0,0.0,15.0,0.0,15.0,0.0,15.0,0.0,15.0,15.0,15.0,0.0,0.0,,0.0,,0.0,,0.0,,0.0,,15.0,0.0,0.0,,0.0,,0.0,,0.0,,0.0,15.0,13,13
0028,2026-09-22,LKUS_grant_new_user_coupon,12,0.0,0.0,0.0,0.0,12.0,0.0,12.0,0.0,12.0,0.0,12.0,0.0,12.0,12.0,12.0,0.0,0.0,,12.0,0.0,12.0,0.0,0.0,,12.0,0.0,12.0,0.0,0.0,,0.0,,0.0,,12.0,0.0,0.0,12.0,13,13
0028,2026-09-22,LKUS_physical_order_cancel,2,0.0,0.0,0.0,0.0,2.0,0.0,2.0,0.0,2.0,0.0,2.0,0.0,2.0,2.0,2.0,0.0,2.0,0.0,0.0,,0.0,,2.0,0.0,0.0,,2.0,0.0,0.0,,0.0,,0.0,,0.0,,0.0,2.0,13,13
0029,2026-09-22,LKUS_push,56,0.0,56.0,0.0,0.0,0.0,56.0,56.0,56.0,56.0,0.0,56.0,0.0,2.0,0.0,56.0,0.0,0.0,,0.0,,0.0,,0.0,,0.0,,56.0,0.0,0.0,,0.0,,0.0,,0.0,,56.0,0.0,11,14
0029,2026-09-22,LKUS_login,20,0.0,0.0,0.0,0.0,20.0,0.0,20.0,0.0,20.0,0.0,20.0,0.0,20.0,20.0,20.0,0.0,0.0,,0.0,,0.0,,0.0,,0.0,,20.0,0.0,0.0,,0.0,,0.0,,0.0,,0.0,20.0,13,13
0029,2026-09-22,LKUS_register,8,0.0,8.0,0.0,0.0,,8.0,8.0,8.0,8.0,0.0,8.0,0.0,0.0,,8.0,0.0,0.0,,0.0,,0.0,,0.0,,0.0,,8.0,0.0,0.0,,0.0,,0.0,,0.0,,8.0,0.0,12,12
0029,2026-09-22,LKUS_physical_order_create,109,0.0,0.0,0.0,0.0,109.0,0.0,95.0,0.0,95.0,0.0,109.0,0.0,109.0,109.0,109.0,0.0,0.0,,0.0,,0.0,,109.0,0.0,0.0,,109.0,0.0,12.0,0.0,12.0,0.0,12.0,0.0,0.0,,0.0,109.0,13,13
0029,2026-09-22,LKUS_payment,118,0.0,0.0,0.0,0.0,118.0,0.0,98.0,0.0,98.0,0.0,118.0,0.0,118.0,118.0,118.0,0.0,118.0,0.0,0.0,,0.0,,118.0,0.0,0.0,,118.0,0.0,0.0,,0.0,,0.0,,0.0,,0.0,118.0,13,13
0029,2026-09-22,LKUS_physical_order_cancel,2,0.0,0.0,0.0,0.0,2.0,0.0,2.0,0.0,2.0,0.0,2.0,0.0,2.0,2.0,2.0,0.0,2.0,0.0,0.0,,0.0,,2.0,0.0,0.0,,2.0,0.0,0.0,,0.0,,0.0,,0.0,,0.0,2.0,13,13
0029,2026-09-22,LKUS_grant_new_user_coupon,11,0.0,0.0,0.0,0.0,11.0,0.0,11.0,0.0,11.0,0.0,11.0,0.0,11.0,11.0,11.0,0.0,0.0,,11.0,0.0,11.0,0.0,0.0,,11.0,0.0,11.0,0.0,0.0,,0.0,,0.0,,11.0,0.0,0.0,11.0,13,13
0030,2026-09-22,LKUS_push,94,0.0,94.0,0.0,0.0,0.0,94.0,94.0,94.0,94.0,0.0,94.0,0.0,1.0,0.0,94.0,0.0,0.0,,0.0,,0.0,,0.0,,0.0,,94.0,0.0,0.0,,0.0,,0.0,,0.0,,94.0,0.0,12,14
0030,2026-09-22,LKUS_physical_order_create,102,0.0,0.0,0.0,0.0,102.0,0.0,90.0,0.0,90.0,0.0,102.0,0.0,102.0,102.0,102.0,0.0,0.0,,0.0,,0.0,,102.0,0.0,0.0,,102.0,0.0,12.0,0.0,12.0,0.0,12.0,0.0,0.0,,0.0,102.0,13,13
0030,2026-09-22,LKUS_payment,103,0.0,0.0,0.0,0.0,103.0,0.0,91.0,0.0,91.0,0.0,103.0,0.0,103.0,103.0,103.0,0.0,103.0,0.0,0.0,,0.0,,103.0,0.0,0.0,,103.0,0.0,0.0,,0.0,,0.0,,0.0,,0.0,103.0,13,13
0030,2026-09-22,LKUS_login,20,0.0,0.0,0.0,0.0,20.0,0.0,20.0,0.0,20.0,0.0,20.0,0.0,20.0,20.0,20.0,0.0,0.0,,0.0,,0.0,,0.0,,0.0,,20.0,0.0,0.0,,0.0,,0.0,,0.0,,0.0,20.0,13,13
0030,2026-09-22,LKUS_physical_order_cancel,1,0.0,0.0,0.0,0.0,1.0,0.0,1.0,0.0,1.0,0.0,1.0,0.0,1.0,1.0,1.0,0.0,1.0,0.0,0.0,,0.0,,1.0,0.0,0.0,,1.0,0.0,0.0,,0.0,,0.0,,0.0,,0.0,1.0,13,13
0030,2026-09-22,LKUS_register,13,0.0,13.0,0.0,0.0,,13.0,13.0,13.0,13.0,0.0,13.0,0.0,0.0,,13.0,0.0,0.0,,0.0,,0.0,,0.0,,0.0,,13.0,0.0,0.0,,0.0,,0.0,,0.0,,13.0,0.0,12,12
0030,2026-09-22,LKUS_grant_new_user_coupon,11,0.0,0.0,0.0,0.0,11.0,0.0,11.0,0.0,11.0,0.0,11.0,0.0,11.0,11.0,11.0,0.0,0.0,,11.0,0.0,11.0,0.0,0.0,,11.0,0.0,11.0,0.0,0.0,,0.0,,0.0,,11.0,0.0,0.0,11.0,13,13
0030,2026-09-22,LKUS_captcha,1,0.0,1.0,0.0,0.0,,1.0,1.0,1.0,1.0,0.0,1.0,0.0,0.0,,1.0,0.0,0.0,,0.0,,0.0,,0.0,,0.0,,1.0,0.0,0.0,,0.0,,0.0,,0.0,,1.0,0.0,12,12
0031,2026-09-22,LKUS_push,71,0.0,71.0,0.0,0.0,0.0,71.0,71.0,71.0,71.0,0.0,71.0,0.0,4.0,0.0,71.0,0.0,0.0,,0.0,,0.0,,0.0,,0.0,,71.0,0.0,0.0,,0.0,,0.0,,0.0,,71.0,0.0,12,14
0031,2026-09-22,LKUS_physical_order_create,96,0.0,0.0,0.0,0.0,96.0,0.0,80.0,0.0,80.0,0.0,96.0,0.0,96.0,96.0,96.0,0.0,0.0,,0.0,,0.0,,96.0,0.0,0.0,,96.0,0.0,18.0,0.0,18.0,0.0,18.0,0.0,0.0,,0.0,96.0,13,13
0031,2026-09-22,LKUS_payment,97,0.0,0.0,0.0,0.0,97.0,0.0,79.0,0.0,79.0,0.0,97.0,0.0,97.0,97.0,97.0,0.0,97.0,0.0,0.0,,0.0,,97.0,0.0,0.0,,97.0,0.0,0.0,,0.0,,0.0,,0.0,,0.0,97.0,13,13
0031,2026-09-22,LKUS_login,18,0.0,0.0,0.0,0.0,18.0,0.0,18.0,0.0,18.0,0.0,18.0,0.0,18.0,18.0,18.0,0.0,0.0,,0.0,,0.0,,0.0,,0.0,,18.0,0.0,0.0,,0.0,,0.0,,0.0,,0.0,18.0,13,13
0031,2026-09-22,LKUS_physical_order_cancel,1,0.0,0.0,0.0,0.0,1.0,0.0,1.0,0.0,1.0,0.0,1.0,0.0,1.0,1.0,1.0,0.0,1.0,0.0,0.0,,0.0,,1.0,0.0,0.0,,1.0,0.0,0.0,,0.0,,0.0,,0.0,,0.0,1.0,13,13
0031,2026-09-22,LKUS_grant_new_user_coupon,6,0.0,0.0,0.0,0.0,6.0,0.0,6.0,0.0,6.0,0.0,6.0,0.0,6.0,6.0,6.0,0.0,0.0,,6.0,0.0,6.0,0.0,0.0,,6.0,0.0,6.0,0.0,0.0,,0.0,,0.0,,6.0,0.0,0.0,6.0,13,13
0031,2026-09-22,LKUS_register,6,0.0,6.0,0.0,0.0,,6.0,6.0,6.0,6.0,0.0,6.0,0.0,0.0,,6.0,0.0,0.0,,0.0,,0.0,,0.0,,0.0,,6.0,0.0,0.0,,0.0,,0.0,,0.0,,6.0,0.0,12,12
0032,2026-09-22,LKUS_push,74,0.0,74.0,0.0,0.0,0.0,74.0,74.0,74.0,74.0,0.0,74.0,0.0,2.0,0.0,74.0,0.0,0.0,,0.0,,0.0,,0.0,,0.0,,74.0,0.0,0.0,,0.0,,0.0,,0.0,,74.0,0.0,11,14
0032,2026-09-22,LKUS_login,23,0.0,0.0,0.0,0.0,23.0,0.0,23.0,0.0,23.0,0.0,23.0,0.0,23.0,23.0,23.0,0.0,0.0,,0.0,,0.0,,0.0,,0.0,,23.0,0.0,0.0,,0.0,,0.0,,0.0,,0.0,23.0,13,13
0032,2026-09-22,LKUS_physical_order_create,109,0.0,0.0,0.0,0.0,109.0,0.0,91.0,0.0,91.0,0.0,109.0,0.0,109.0,109.0,109.0,0.0,0.0,,0.0,,0.0,,109.0,0.0,0.0,,109.0,0.0,19.0,0.0,19.0,0.0,19.0,0.0,0.0,,0.0,109.0,13,13
0032,2026-09-22,LKUS_payment,113,0.0,0.0,0.0,0.0,113.0,0.0,95.0,0.0,95.0,0.0,113.0,0.0,113.0,113.0,113.0,0.0,113.0,0.0,0.0,,0.0,,113.0,0.0,0.0,,113.0,0.0,0.0,,0.0,,0.0,,0.0,,0.0,113.0,13,13
0032,2026-09-22,LKUS_register,10,0.0,10.0,0.0,0.0,,10.0,10.0,10.0,10.0,0.0,10.0,0.0,0.0,,10.0,0.0,0.0,,0.0,,0.0,,0.0,,0.0,,10.0,0.0,0.0,,0.0,,0.0,,0.0,,10.0,0.0,12,13
0032,2026-09-22,LKUS_grant_new_user_coupon,11,0.0,0.0,0.0,0.0,11.0,0.0,11.0,0.0,11.0,0.0,11.0,0.0,11.0,11.0,11.0,0.0,0.0,,11.0,0.0,11.0,0.0,0.0,,11.0,0.0,11.0,0.0,0.0,,0.0,,0.0,,11.0,0.0,0.0,11.0,13,13
0032,2026-09-22,LKUS_captcha,1,0.0,1.0,0.0,0.0,,1.0,1.0,1.0,1.0,0.0,1.0,0.0,0.0,,1.0,0.0,0.0,,0.0,,0.0,,0.0,,0.0,,1.0,0.0,0.0,,0.0,,0.0,,0.0,,1.0,0.0,13,13
0033,2026-09-22,LKUS_login,25,0.0,0.0,0.0,0.0,25.0,0.0,25.0,0.0,25.0,0.0,25.0,0.0,25.0,25.0,25.0,0.0,0.0,,0.0,,0.0,,0.0,,0.0,,25.0,0.0,0.0,,0.0,,0.0,,0.0,,0.0,25.0,13,13
0033,2026-09-22,LKUS_grant_new_user_coupon,15,0.0,0.0,0.0,0.0,15.0,0.0,15.0,0.0,15.0,0.0,15.0,0.0,15.0,15.0,15.0,0.0,0.0,,15.0,0.0,15.0,0.0,0.0,,15.0,0.0,15.0,0.0,0.0,,0.0,,0.0,,15.0,0.0,0.0,15.0,13,13
0033,2026-09-22,LKUS_push,83,0.0,83.0,0.0,0.0,0.0,83.0,83.0,83.0,83.0,0.0,83.0,0.0,1.0,0.0,83.0,0.0,0.0,,0.0,,0.0,,0.0,,0.0,,83.0,0.0,0.0,,0.0,,0.0,,0.0,,83.0,0.0,11,14
0033,2026-09-22,LKUS_physical_order_create,106,0.0,0.0,0.0,0.0,106.0,0.0,88.0,0.0,88.0,0.0,106.0,0.0,106.0,106.0,106.0,0.0,0.0,,0.0,,0.0,,106.0,0.0,0.0,,106.0,0.0,17.0,0.0,17.0,0.0,17.0,0.0,0.0,,0.0,106.0,13,13
0033,2026-09-22,LKUS_payment,105,0.0,0.0,0.0,0.0,105.0,0.0,85.0,0.0,85.0,0.0,105.0,0.0,105.0,105.0,105.0,0.0,105.0,0.0,0.0,,0.0,,105.0,0.0,0.0,,105.0,0.0,0.0,,0.0,,0.0,,0.0,,0.0,105.0,13,13
0033,2026-09-22,LKUS_register,13,0.0,13.0,0.0,0.0,,13.0,13.0,13.0,13.0,0.0,13.0,0.0,0.0,,13.0,0.0,0.0,,0.0,,0.0,,0.0,,0.0,,13.0,0.0,0.0,,0.0,,0.0,,0.0,,13.0,0.0,12,13
0034,2026-09-22,LKUS_push,97,0.0,97.0,0.0,0.0,0.0,97.0,97.0,97.0,97.0,0.0,97.0,0.0,1.0,0.0,97.0,0.0,0.0,,0.0,,0.0,,0.0,,0.0,,97.0,0.0,0.0,,0.0,,0.0,,0.0,,97.0,0.0,11,14
0034,2026-09-22,LKUS_register,6,0.0,6.0,0.0,0.0,,6.0,6.0,6.0,6.0,0.0,6.0,0.0,0.0,,6.0,0.0,0.0,,0.0,,0.0,,0.0,,0.0,,6.0,0.0,0.0,,0.0,,0.0,,0.0,,6.0,0.0,12,12
0034,2026-09-22,LKUS_grant_new_user_coupon,9,0.0,0.0,0.0,0.0,9.0,0.0,9.0,0.0,9.0,0.0,9.0,0.0,9.0,9.0,9.0,0.0,0.0,,9.0,0.0,9.0,0.0,0.0,,9.0,0.0,9.0,0.0,0.0,,0.0,,0.0,,9.0,0.0,0.0,9.0,13,13
0034,2026-09-22,LKUS_login,19,0.0,0.0,0.0,0.0,19.0,0.0,19.0,0.0,19.0,0.0,19.0,0.0,19.0,19.0,19.0,0.0,0.0,,0.0,,0.0,,0.0,,0.0,,19.0,0.0,0.0,,0.0,,0.0,,0.0,,0.0,19.0,13,13
0034,2026-09-22,LKUS_physical_order_create,121,0.0,0.0,0.0,0.0,121.0,0.0,105.0,0.0,105.0,0.0,121.0,0.0,121.0,121.0,121.0,0.0,0.0,,0.0,,0.0,,121.0,0.0,0.0,,121.0,0.0,17.0,0.0,17.0,0.0,17.0,0.0,0.0,,0.0,121.0,13,13
0034,2026-09-22,LKUS_payment,120,0.0,0.0,0.0,0.0,120.0,0.0,104.0,0.0,104.0,0.0,120.0,0.0,120.0,120.0,120.0,0.0,120.0,0.0,0.0,,0.0,,120.0,0.0,0.0,,120.0,0.0,0.0,,0.0,,0.0,,0.0,,0.0,120.0,13,13
0035,2026-09-22,LKUS_push,64,0.0,64.0,0.0,0.0,0.0,64.0,64.0,64.0,64.0,0.0,64.0,0.0,2.0,0.0,64.0,0.0,0.0,,0.0,,0.0,,0.0,,0.0,,64.0,0.0,0.0,,0.0,,0.0,,0.0,,64.0,0.0,12,14
0035,2026-09-22,LKUS_physical_order_create,101,0.0,0.0,0.0,0.0,101.0,0.0,89.0,0.0,89.0,0.0,101.0,0.0,101.0,101.0,101.0,0.0,0.0,,0.0,,0.0,,101.0,0.0,0.0,,101.0,0.0,11.0,0.0,11.0,0.0,11.0,0.0,0.0,,0.0,101.0,13,13
0035,2026-09-22,LKUS_payment,101,0.0,0.0,0.0,0.0,101.0,0.0,89.0,0.0,89.0,0.0,101.0,0.0,101.0,101.0,101.0,0.0,101.0,0.0,0.0,,0.0,,101.0,0.0,0.0,,101.0,0.0,0.0,,0.0,,0.0,,0.0,,0.0,101.0,13,13
0035,2026-09-22,LKUS_register,11,0.0,11.0,0.0,0.0,,11.0,11.0,11.0,11.0,0.0,11.0,0.0,0.0,,11.0,0.0,0.0,,0.0,,0.0,,0.0,,0.0,,11.0,0.0,0.0,,0.0,,0.0,,0.0,,11.0,0.0,12,12
0035,2026-09-22,LKUS_login,16,0.0,0.0,0.0,0.0,16.0,0.0,16.0,0.0,16.0,0.0,16.0,0.0,16.0,16.0,16.0,0.0,0.0,,0.0,,0.0,,0.0,,0.0,,16.0,0.0,0.0,,0.0,,0.0,,0.0,,0.0,16.0,13,13
0035,2026-09-22,LKUS_grant_new_user_coupon,6,0.0,0.0,0.0,0.0,6.0,0.0,6.0,0.0,6.0,0.0,6.0,0.0,6.0,6.0,6.0,0.0,0.0,,6.0,0.0,6.0,0.0,0.0,,6.0,0.0,6.0,0.0,0.0,,0.0,,0.0,,6.0,0.0,0.0,6.0,13,13
0036,2026-09-22,LKUS_push,83,0.0,83.0,0.0,0.0,0.0,83.0,83.0,83.0,83.0,0.0,83.0,0.0,3.0,0.0,83.0,0.0,0.0,,0.0,,0.0,,0.0,,0.0,,83.0,0.0,0.0,,0.0,,0.0,,0.0,,83.0,0.0,11,14
0036,2026-09-22,LKUS_physical_order_create,106,0.0,0.0,0.0,0.0,106.0,0.0,96.0,0.0,96.0,0.0,106.0,0.0,106.0,106.0,106.0,0.0,0.0,,0.0,,0.0,,106.0,0.0,0.0,,106.0,0.0,9.0,0.0,9.0,0.0,9.0,0.0,0.0,,0.0,106.0,13,13
0036,2026-09-22,LKUS_payment,106,0.0,0.0,0.0,0.0,106.0,0.0,95.0,0.0,95.0,0.0,106.0,0.0,106.0,106.0,106.0,0.0,106.0,0.0,0.0,,0.0,,106.0,0.0,0.0,,106.0,0.0,0.0,,0.0,,0.0,,0.0,,0.0,106.0,13,13
0036,2026-09-22,LKUS_login,24,0.0,0.0,0.0,0.0,24.0,0.0,24.0,0.0,24.0,0.0,24.0,0.0,24.0,24.0,24.0,0.0,0.0,,0.0,,0.0,,0.0,,0.0,,24.0,0.0,0.0,,0.0,,0.0,,0.0,,0.0,24.0,13,13
0036,2026-09-22,LKUS_grant_new_user_coupon,15,0.0,0.0,0.0,0.0,15.0,0.0,15.0,0.0,15.0,0.0,15.0,0.0,15.0,15.0,15.0,0.0,0.0,,15.0,0.0,15.0,0.0,0.0,,15.0,0.0,15.0,0.0,0.0,,0.0,,0.0,,15.0,0.0,0.0,15.0,13,13
0036,2026-09-22,LKUS_physical_order_cancel,3,0.0,0.0,0.0,0.0,3.0,0.0,3.0,0.0,3.0,0.0,3.0,0.0,3.0,3.0,3.0,0.0,3.0,0.0,0.0,,0.0,,3.0,0.0,0.0,,3.0,0.0,0.0,,0.0,,0.0,,0.0,,0.0,3.0,13,13
0036,2026-09-22,LKUS_register,13,0.0,13.0,0.0,0.0,,13.0,13.0,13.0,13.0,0.0,13.0,0.0,0.0,,13.0,0.0,0.0,,0.0,,0.0,,0.0,,0.0,,13.0,0.0,0.0,,0.0,,0.0,,0.0,,13.0,0.0,12,12
0037,2026-09-22,LKUS_push,88,0.0,88.0,0.0,0.0,0.0,88.0,88.0,88.0,88.0,0.0,88.0,0.0,2.0,0.0,88.0,0.0,0.0,,0.0,,0.0,,0.0,,0.0,,88.0,0.0,0.0,,0.0,,0.0,,0.0,,88.0,0.0,11,14
0037,2026-09-22,LKUS_register,6,0.0,6.0,0.0,0.0,,6.0,6.0,6.0,6.0,0.0,6.0,0.0,0.0,,6.0,0.0,0.0,,0.0,,0.0,,0.0,,0.0,,6.0,0.0,0.0,,0.0,,0.0,,0.0,,6.0,0.0,11,12
0037,2026-09-22,LKUS_physical_order_create,87,0.0,0.0,0.0,0.0,87.0,0.0,78.0,0.0,78.0,0.0,87.0,0.0,87.0,87.0,87.0,0.0,0.0,,0.0,,0.0,,87.0,0.0,0.0,,87.0,0.0,10.0,0.0,10.0,0.0,10.0,0.0,0.0,,0.0,87.0,13,13
0037,2026-09-22,LKUS_payment,90,0.0,0.0,0.0,0.0,90.0,0.0,81.0,0.0,81.0,0.0,90.0,0.0,90.0,90.0,90.0,0.0,90.0,0.0,0.0,,0.0,,90.0,0.0,0.0,,90.0,0.0,0.0,,0.0,,0.0,,0.0,,0.0,90.0,13,13
0037,2026-09-22,LKUS_login,20,0.0,0.0,0.0,0.0,20.0,0.0,20.0,0.0,20.0,0.0,20.0,0.0,20.0,20.0,20.0,0.0,0.0,,0.0,,0.0,,0.0,,0.0,,20.0,0.0,0.0,,0.0,,0.0,,0.0,,0.0,20.0,13,13
0037,2026-09-22,LKUS_grant_new_user_coupon,8,0.0,0.0,0.0,0.0,8.0,0.0,8.0,0.0,8.0,0.0,8.0,0.0,8.0,8.0,8.0,0.0,0.0,,8.0,0.0,8.0,0.0,0.0,,8.0,0.0,8.0,0.0,0.0,,0.0,,0.0,,8.0,0.0,0.0,8.0,13,13
0037,2026-09-22,LKUS_physical_order_cancel,1,0.0,0.0,0.0,0.0,1.0,0.0,1.0,0.0,1.0,0.0,1.0,0.0,1.0,1.0,1.0,0.0,1.0,0.0,0.0,,0.0,,1.0,0.0,0.0,,1.0,0.0,0.0,,0.0,,0.0,,0.0,,0.0,1.0,13,13
0038,2026-09-22,LKUS_push,92,0.0,92.0,0.0,0.0,0.0,92.0,92.0,92.0,92.0,0.0,92.0,0.0,1.0,0.0,92.0,0.0,0.0,,0.0,,0.0,,0.0,,0.0,,92.0,0.0,0.0,,0.0,,0.0,,0.0,,92.0,0.0,11,14
0038,2026-09-22,LKUS_login,21,0.0,0.0,0.0,0.0,21.0,0.0,21.0,0.0,21.0,0.0,21.0,0.0,21.0,21.0,21.0,0.0,0.0,,0.0,,0.0,,0.0,,0.0,,21.0,0.0,0.0,,0.0,,0.0,,0.0,,0.0,21.0,13,13
0038,2026-09-22,LKUS_grant_new_user_coupon,10,0.0,0.0,0.0,0.0,10.0,0.0,10.0,0.0,10.0,0.0,10.0,0.0,10.0,10.0,10.0,0.0,0.0,,10.0,0.0,10.0,0.0,0.0,,10.0,0.0,10.0,0.0,0.0,,0.0,,0.0,,10.0,0.0,0.0,10.0,13,13
0038,2026-09-22,LKUS_physical_order_create,109,0.0,0.0,0.0,0.0,109.0,0.0,85.0,0.0,85.0,0.0,109.0,0.0,109.0,109.0,109.0,0.0,0.0,,0.0,,0.0,,109.0,0.0,0.0,,109.0,0.0,23.0,0.0,23.0,0.0,23.0,0.0,0.0,,0.0,109.0,13,13
0038,2026-09-22,LKUS_payment,110,0.0,0.0,0.0,0.0,110.0,0.0,86.0,0.0,86.0,0.0,110.0,0.0,110.0,110.0,110.0,0.0,110.0,0.0,0.0,,0.0,,110.0,0.0,0.0,,110.0,0.0,0.0,,0.0,,0.0,,0.0,,0.0,110.0,13,13
0038,2026-09-22,LKUS_register,9,0.0,9.0,0.0,0.0,,9.0,9.0,9.0,9.0,0.0,9.0,0.0,0.0,,9.0,0.0,0.0,,0.0,,0.0,,0.0,,0.0,,9.0,0.0,0.0,,0.0,,0.0,,0.0,,9.0,0.0,12,13
0039,2026-09-22,LKUS_push,76,0.0,76.0,0.0,0.0,0.0,76.0,76.0,76.0,76.0,0.0,76.0,0.0,1.0,0.0,76.0,0.0,0.0,,0.0,,0.0,,0.0,,0.0,,76.0,0.0,0.0,,0.0,,0.0,,0.0,,76.0,0.0,12,14
0039,2026-09-22,LKUS_register,10,0.0,10.0,0.0,0.0,,10.0,10.0,10.0,10.0,0.0,10.0,0.0,0.0,,10.0,0.0,0.0,,0.0,,0.0,,0.0,,0.0,,10.0,0.0,0.0,,0.0,,0.0,,0.0,,10.0,0.0,12,12
0039,2026-09-22,LKUS_login,11,0.0,0.0,0.0,0.0,11.0,0.0,11.0,0.0,11.0,0.0,11.0,0.0,11.0,11.0,11.0,0.0,0.0,,0.0,,0.0,,0.0,,0.0,,11.0,0.0,0.0,,0.0,,0.0,,0.0,,0.0,11.0,13,13
0039,2026-09-22,LKUS_grant_new_user_coupon,5,0.0,0.0,0.0,0.0,5.0,0.0,5.0,0.0,5.0,0.0,5.0,0.0,5.0,5.0,5.0,0.0,0.0,,5.0,0.0,5.0,0.0,0.0,,5.0,0.0,5.0,0.0,0.0,,0.0,,0.0,,5.0,0.0,0.0,5.0,13,13
0039,2026-09-22,LKUS_physical_order_create,124,0.0,0.0,0.0,0.0,124.0,0.0,99.0,0.0,99.0,0.0,124.0,0.0,124.0,124.0,124.0,0.0,0.0,,0.0,,0.0,,124.0,0.0,0.0,,124.0,0.0,26.0,0.0,26.0,0.0,26.0,0.0,0.0,,0.0,124.0,13,13
0039,2026-09-22,LKUS_payment,126,0.0,0.0,0.0,0.0,126.0,0.0,100.0,0.0,100.0,0.0,126.0,0.0,126.0,126.0,126.0,0.0,126.0,0.0,0.0,,0.0,,126.0,0.0,0.0,,126.0,0.0,0.0,,0.0,,0.0,,0.0,,0.0,126.0,13,13
0039,2026-09-22,LKUS_physical_order_cancel,1,0.0,0.0,0.0,0.0,1.0,0.0,1.0,0.0,1.0,0.0,1.0,0.0,1.0,1.0,1.0,0.0,1.0,0.0,0.0,,0.0,,1.0,0.0,0.0,,1.0,0.0,0.0,,0.0,,0.0,,0.0,,0.0,1.0,13,13
0040,2026-09-22,LKUS_push,54,0.0,54.0,0.0,0.0,0.0,54.0,54.0,54.0,54.0,0.0,54.0,0.0,1.0,0.0,54.0,0.0,0.0,,0.0,,0.0,,0.0,,0.0,,54.0,0.0,0.0,,0.0,,0.0,,0.0,,54.0,0.0,11,14
0040,2026-09-22,LKUS_register,8,0.0,8.0,0.0,0.0,,8.0,8.0,8.0,8.0,0.0,8.0,0.0,0.0,,8.0,0.0,0.0,,0.0,,0.0,,0.0,,0.0,,8.0,0.0,0.0,,0.0,,0.0,,0.0,,8.0,0.0,11,12
0040,2026-09-22,LKUS_login,18,0.0,0.0,0.0,0.0,18.0,0.0,18.0,0.0,18.0,0.0,18.0,0.0,18.0,18.0,18.0,0.0,0.0,,0.0,,0.0,,0.0,,0.0,,18.0,0.0,0.0,,0.0,,0.0,,0.0,,0.0,18.0,13,13
0040,2026-09-22,LKUS_grant_new_user_coupon,10,0.0,0.0,0.0,0.0,10.0,0.0,10.0,0.0,10.0,0.0,10.0,0.0,10.0,10.0,10.0,0.0,0.0,,10.0,0.0,10.0,0.0,0.0,,10.0,0.0,10.0,0.0,0.0,,0.0,,0.0,,10.0,0.0,0.0,10.0,13,13
0040,2026-09-22,LKUS_physical_order_create,109,0.0,0.0,0.0,0.0,109.0,0.0,92.0,0.0,92.0,0.0,109.0,0.0,109.0,109.0,109.0,0.0,0.0,,0.0,,0.0,,109.0,0.0,0.0,,109.0,0.0,18.0,0.0,18.0,0.0,18.0,0.0,0.0,,0.0,109.0,13,13
0040,2026-09-22,LKUS_payment,110,0.0,0.0,0.0,0.0,110.0,0.0,93.0,0.0,93.0,0.0,110.0,0.0,110.0,110.0,110.0,0.0,110.0,0.0,0.0,,0.0,,110.0,0.0,0.0,,110.0,0.0,0.0,,0.0,,0.0,,0.0,,0.0,110.0,13,13
0040,2026-09-22,LKUS_physical_order_cancel,1,0.0,0.0,0.0,0.0,1.0,0.0,1.0,0.0,1.0,0.0,1.0,0.0,1.0,1.0,1.0,0.0,1.0,0.0,0.0,,0.0,,1.0,0.0,0.0,,1.0,0.0,0.0,,0.0,,0.0,,0.0,,0.0,1.0,13,13
0041,2026-09-22,LKUS_push,53,0.0,53.0,0.0,0.0,0.0,53.0,53.0,53.0,53.0,0.0,53.0,0.0,1.0,0.0,53.0,0.0,0.0,,0.0,,0.0,,0.0,,0.0,,53.0,0.0,0.0,,0.0,,0.0,,0.0,,53.0,0.0,12,14
0041,2026-09-22,LKUS_login,17,0.0,0.0,0.0,0.0,17.0,0.0,17.0,0.0,17.0,0.0,17.0,0.0,17.0,17.0,17.0,0.0,0.0,,0.0,,0.0,,0.0,,0.0,,17.0,0.0,0.0,,0.0,,0.0,,0.0,,0.0,17.0,13,13
0041,2026-09-22,LKUS_grant_new_user_coupon,9,0.0,0.0,0.0,0.0,9.0,0.0,9.0,0.0,9.0,0.0,9.0,0.0,9.0,9.0,9.0,0.0,0.0,,9.0,0.0,9.0,0.0,0.0,,9.0,0.0,9.0,0.0,0.0,,0.0,,0.0,,9.0,0.0,0.0,9.0,13,13
0041,2026-09-22,IQA2_push,1,0.0,1.0,0.0,0.0,0.0,1.0,1.0,1.0,1.0,0.0,1.0,0.0,1.0,0.0,1.0,0.0,0.0,,0.0,,0.0,,0.0,,0.0,,1.0,0.0,0.0,,0.0,,0.0,,0.0,,1.0,0.0,12,12
0041,2026-09-22,IQA2_register,1,0.0,1.0,0.0,0.0,,1.0,1.0,1.0,1.0,0.0,1.0,0.0,0.0,,1.0,0.0,0.0,,0.0,,0.0,,0.0,,0.0,,1.0,0.0,0.0,,0.0,,0.0,,0.0,,1.0,0.0,12,12
0041,2026-09-22,LKUS_physical_order_create,92,0.0,0.0,0.0,0.0,92.0,0.0,79.0,0.0,79.0,0.0,92.0,0.0,92.0,92.0,92.0,0.0,0.0,,0.0,,0.0,,92.0,0.0,0.0,,92.0,0.0,13.0,0.0,13.0,0.0,13.0,0.0,0.0,,0.0,92.0,13,13
0041,2026-09-22,LKUS_payment,92,0.0,0.0,0.0,0.0,92.0,0.0,78.0,0.0,78.0,0.0,92.0,0.0,92.0,92.0,92.0,0.0,92.0,0.0,0.0,,0.0,,92.0,0.0,0.0,,92.0,0.0,0.0,,0.0,,0.0,,0.0,,0.0,92.0,13,13
0041,2026-09-22,LKUS_register,11,0.0,11.0,0.0,0.0,,11.0,11.0,11.0,11.0,0.0,11.0,0.0,0.0,,11.0,0.0,0.0,,0.0,,0.0,,0.0,,0.0,,11.0,0.0,0.0,,0.0,,0.0,,0.0,,11.0,0.0,12,14
0041,2026-09-22,LKUS_physical_order_cancel,2,0.0,0.0,0.0,0.0,2.0,0.0,2.0,0.0,2.0,0.0,2.0,0.0,2.0,2.0,2.0,0.0,2.0,0.0,0.0,,0.0,,2.0,0.0,0.0,,2.0,0.0,0.0,,0.0,,0.0,,0.0,,0.0,2.0,13,13
0042,2026-09-22,LKUS_push,52,0.0,52.0,0.0,0.0,,52.0,52.0,52.0,52.0,0.0,52.0,0.0,0.0,,52.0,0.0,0.0,,0.0,,0.0,,0.0,,0.0,,52.0,0.0,0.0,,0.0,,0.0,,0.0,,52.0,0.0,12,14
0042,2026-09-22,LKUS_register,14,0.0,14.0,0.0,0.0,,14.0,14.0,14.0,14.0,0.0,14.0,0.0,0.0,,14.0,0.0,0.0,,0.0,,0.0,,0.0,,0.0,,14.0,0.0,0.0,,0.0,,0.0,,0.0,,14.0,0.0,12,14
0042,2026-09-22,LKUS_physical_order_create,74,0.0,0.0,0.0,0.0,74.0,0.0,61.0,0.0,61.0,0.0,74.0,0.0,74.0,74.0,74.0,0.0,0.0,,0.0,,0.0,,74.0,0.0,0.0,,74.0,0.0,15.0,0.0,15.0,0.0,15.0,0.0,0.0,,0.0,74.0,13,13
0042,2026-09-22,LKUS_payment,76,0.0,0.0,0.0,0.0,76.0,0.0,60.0,0.0,60.0,0.0,76.0,0.0,76.0,76.0,76.0,0.0,76.0,0.0,0.0,,0.0,,76.0,0.0,0.0,,76.0,0.0,0.0,,0.0,,0.0,,0.0,,0.0,76.0,13,13
0042,2026-09-22,LKUS_login,11,0.0,0.0,0.0,0.0,11.0,0.0,11.0,0.0,11.0,0.0,11.0,0.0,11.0,11.0,11.0,0.0,0.0,,0.0,,0.0,,0.0,,0.0,,11.0,0.0,0.0,,0.0,,0.0,,0.0,,0.0,11.0,13,13
0042,2026-09-22,LKUS_grant_new_user_coupon,6,0.0,0.0,0.0,0.0,6.0,0.0,6.0,0.0,6.0,0.0,6.0,0.0,6.0,6.0,6.0,0.0,0.0,,6.0,0.0,6.0,0.0,0.0,,6.0,0.0,6.0,0.0,0.0,,0.0,,0.0,,6.0,0.0,0.0,6.0,13,13
0042,2026-09-22,LKUS_physical_order_cancel,1,0.0,0.0,0.0,0.0,1.0,0.0,1.0,0.0,1.0,0.0,1.0,0.0,1.0,1.0,1.0,0.0,1.0,0.0,0.0,,0.0,,1.0,0.0,0.0,,1.0,0.0,0.0,,0.0,,0.0,,0.0,,0.0,1.0,13,13
0043,2026-09-22,LKUS_push,84,0.0,84.0,0.0,0.0,0.0,84.0,84.0,84.0,84.0,0.0,84.0,0.0,1.0,0.0,84.0,0.0,0.0,,0.0,,0.0,,0.0,,0.0,,84.0,0.0,0.0,,0.0,,0.0,,0.0,,84.0,0.0,11,14
0043,2026-09-22,LKUS_register,8,0.0,8.0,0.0,0.0,,8.0,8.0,8.0,8.0,0.0,8.0,0.0,0.0,,8.0,0.0,0.0,,0.0,,0.0,,0.0,,0.0,,8.0,0.0,0.0,,0.0,,0.0,,0.0,,8.0,0.0,11,14
0043,2026-09-22,LKUS_physical_order_create,121,0.0,0.0,0.0,0.0,121.0,0.0,109.0,0.0,109.0,0.0,121.0,0.0,121.0,121.0,121.0,0.0,0.0,,0.0,,0.0,,121.0,0.0,0.0,,121.0,0.0,12.0,0.0,12.0,0.0,12.0,0.0,0.0,,0.0,121.0,13,13
0043,2026-09-22,LKUS_payment,119,0.0,0.0,0.0,0.0,119.0,0.0,107.0,0.0,107.0,0.0,119.0,0.0,119.0,119.0,119.0,0.0,119.0,0.0,0.0,,0.0,,119.0,0.0,0.0,,119.0,0.0,0.0,,0.0,,0.0,,0.0,,0.0,119.0,13,13
0043,2026-09-22,LKUS_login,18,0.0,0.0,0.0,0.0,18.0,0.0,18.0,0.0,18.0,0.0,18.0,0.0,18.0,18.0,18.0,0.0,0.0,,0.0,,0.0,,0.0,,0.0,,18.0,0.0,0.0,,0.0,,0.0,,0.0,,0.0,18.0,13,13
0043,2026-09-22,LKUS_grant_new_user_coupon,10,0.0,0.0,0.0,0.0,10.0,0.0,10.0,0.0,10.0,0.0,10.0,0.0,10.0,10.0,10.0,0.0,0.0,,10.0,0.0,10.0,0.0,0.0,,10.0,0.0,10.0,0.0,0.0,,0.0,,0.0,,10.0,0.0,0.0,10.0,13,13
0043,2026-09-22,LKUS_physical_order_cancel,4,0.0,0.0,0.0,0.0,4.0,0.0,4.0,0.0,4.0,0.0,4.0,0.0,4.0,4.0,4.0,0.0,4.0,0.0,0.0,,0.0,,4.0,0.0,0.0,,4.0,0.0,0.0,,0.0,,0.0,,0.0,,0.0,4.0,13,13
0044,2026-09-22,LKUS_push,77,0.0,77.0,0.0,0.0,0.0,77.0,77.0,77.0,77.0,0.0,77.0,0.0,1.0,0.0,77.0,0.0,0.0,,0.0,,0.0,,0.0,,0.0,,77.0,0.0,0.0,,0.0,,0.0,,0.0,,77.0,0.0,11,14
0044,2026-09-22,LKUS_login,15,0.0,0.0,0.0,0.0,15.0,0.0,15.0,0.0,15.0,0.0,15.0,0.0,15.0,15.0,15.0,0.0,0.0,,0.0,,0.0,,0.0,,0.0,,15.0,0.0,0.0,,0.0,,0.0,,0.0,,0.0,15.0,13,13
0044,2026-09-22,LKUS_physical_order_create,100,0.0,0.0,0.0,0.0,100.0,0.0,83.0,0.0,83.0,0.0,100.0,0.0,100.0,100.0,100.0,0.0,0.0,,0.0,,0.0,,100.0,0.0,0.0,,100.0,0.0,18.0,0.0,18.0,0.0,18.0,0.0,0.0,,0.0,100.0,13,13
0044,2026-09-22,LKUS_payment,102,0.0,0.0,0.0,0.0,102.0,0.0,82.0,0.0,82.0,0.0,102.0,0.0,102.0,102.0,102.0,0.0,102.0,0.0,0.0,,0.0,,102.0,0.0,0.0,,102.0,0.0,0.0,,0.0,,0.0,,0.0,,0.0,102.0,13,13
0044,2026-09-22,LKUS_grant_new_user_coupon,5,0.0,0.0,0.0,0.0,5.0,0.0,5.0,0.0,5.0,0.0,5.0,0.0,5.0,5.0,5.0,0.0,0.0,,5.0,0.0,5.0,0.0,0.0,,5.0,0.0,5.0,0.0,0.0,,0.0,,0.0,,5.0,0.0,0.0,5.0,13,13
0044,2026-09-22,LKUS_register,9,0.0,9.0,0.0,0.0,,9.0,9.0,9.0,9.0,0.0,9.0,0.0,0.0,,9.0,0.0,0.0,,0.0,,0.0,,0.0,,0.0,,9.0,0.0,0.0,,0.0,,0.0,,0.0,,9.0,0.0,12,12
0045,2026-09-22,LKUS_push,86,0.0,86.0,0.0,0.0,0.0,86.0,86.0,86.0,86.0,0.0,86.0,0.0,1.0,0.0,86.0,0.0,0.0,,0.0,,0.0,,0.0,,0.0,,86.0,0.0,0.0,,0.0,,0.0,,0.0,,86.0,0.0,11,14
0045,2026-09-22,LKUS_physical_order_create,118,0.0,0.0,0.0,0.0,118.0,0.0,104.0,0.0,104.0,0.0,118.0,0.0,118.0,118.0,118.0,0.0,0.0,,0.0,,0.0,,118.0,0.0,0.0,,118.0,0.0,13.0,0.0,13.0,0.0,13.0,0.0,0.0,,0.0,118.0,13,13
0045,2026-09-22,LKUS_payment,120,0.0,0.0,0.0,0.0,120.0,0.0,106.0,0.0,106.0,0.0,120.0,0.0,120.0,120.0,120.0,0.0,120.0,0.0,0.0,,0.0,,120.0,0.0,0.0,,120.0,0.0,0.0,,0.0,,0.0,,0.0,,0.0,120.0,13,13
0045,2026-09-22,LKUS_register,4,0.0,4.0,0.0,0.0,,4.0,4.0,4.0,4.0,0.0,4.0,0.0,0.0,,4.0,0.0,0.0,,0.0,,0.0,,0.0,,0.0,,4.0,0.0,0.0,,0.0,,0.0,,0.0,,4.0,0.0,12,12
0045,2026-09-22,LKUS_login,14,0.0,0.0,0.0,0.0,14.0,0.0,14.0,0.0,14.0,0.0,14.0,0.0,14.0,14.0,14.0,0.0,0.0,,0.0,,0.0,,0.0,,0.0,,14.0,0.0,0.0,,0.0,,0.0,,0.0,,0.0,14.0,13,13
0045,2026-09-22,LKUS_grant_new_user_coupon,10,0.0,0.0,0.0,0.0,10.0,0.0,10.0,0.0,10.0,0.0,10.0,0.0,10.0,10.0,10.0,0.0,0.0,,10.0,0.0,10.0,0.0,0.0,,10.0,0.0,10.0,0.0,0.0,,0.0,,0.0,,10.0,0.0,0.0,10.0,13,13
0046,2026-09-22,LKUS_push,85,0.0,85.0,0.0,0.0,0.0,85.0,85.0,85.0,85.0,0.0,85.0,0.0,1.0,0.0,85.0,0.0,0.0,,0.0,,0.0,,0.0,,0.0,,85.0,0.0,0.0,,0.0,,0.0,,0.0,,85.0,0.0,12,14
0046,2026-09-22,LKUS_physical_order_create,99,0.0,0.0,0.0,0.0,99.0,0.0,88.0,0.0,88.0,0.0,99.0,0.0,99.0,99.0,99.0,0.0,0.0,,0.0,,0.0,,99.0,0.0,0.0,,99.0,0.0,12.0,0.0,12.0,0.0,12.0,0.0,0.0,,0.0,99.0,13,13
0046,2026-09-22,LKUS_payment,99,0.0,0.0,0.0,0.0,99.0,0.0,87.0,0.0,87.0,0.0,99.0,0.0,99.0,99.0,99.0,0.0,99.0,0.0,0.0,,0.0,,99.0,0.0,0.0,,99.0,0.0,0.0,,0.0,,0.0,,0.0,,0.0,99.0,13,13
0046,2026-09-22,LKUS_register,4,0.0,4.0,0.0,0.0,,4.0,4.0,4.0,4.0,0.0,4.0,0.0,0.0,,4.0,0.0,0.0,,0.0,,0.0,,0.0,,0.0,,4.0,0.0,0.0,,0.0,,0.0,,0.0,,4.0,0.0,12,12
0046,2026-09-22,LKUS_login,14,0.0,0.0,0.0,0.0,14.0,0.0,14.0,0.0,14.0,0.0,14.0,0.0,14.0,14.0,14.0,0.0,0.0,,0.0,,0.0,,0.0,,0.0,,14.0,0.0,0.0,,0.0,,0.0,,0.0,,0.0,14.0,13,13
0046,2026-09-22,LKUS_grant_new_user_coupon,4,0.0,0.0,0.0,0.0,4.0,0.0,4.0,0.0,4.0,0.0,4.0,0.0,4.0,4.0,4.0,0.0,0.0,,4.0,0.0,4.0,0.0,0.0,,4.0,0.0,4.0,0.0,0.0,,0.0,,0.0,,4.0,0.0,0.0,4.0,13,13
0046,2026-09-22,LKUS_physical_order_cancel,2,0.0,0.0,0.0,0.0,2.0,0.0,2.0,0.0,2.0,0.0,2.0,0.0,2.0,2.0,2.0,0.0,2.0,0.0,0.0,,0.0,,2.0,0.0,0.0,,2.0,0.0,0.0,,0.0,,0.0,,0.0,,0.0,2.0,13,13
0047,2026-09-22,LKUS_push,107,0.0,107.0,0.0,0.0,,107.0,107.0,107.0,107.0,0.0,107.0,0.0,0.0,,107.0,0.0,0.0,,0.0,,0.0,,0.0,,0.0,,107.0,0.0,0.0,,0.0,,0.0,,0.0,,107.0,0.0,12,14
0047,2026-09-22,LKUS_physical_order_create,117,0.0,0.0,0.0,0.0,117.0,0.0,104.0,0.0,104.0,0.0,117.0,0.0,117.0,117.0,117.0,0.0,0.0,,0.0,,0.0,,117.0,0.0,0.0,,117.0,0.0,14.0,0.0,14.0,0.0,14.0,0.0,0.0,,0.0,117.0,13,13
0047,2026-09-22,LKUS_payment,115,0.0,0.0,0.0,0.0,115.0,0.0,102.0,0.0,102.0,0.0,115.0,0.0,115.0,115.0,115.0,0.0,115.0,0.0,0.0,,0.0,,115.0,0.0,0.0,,115.0,0.0,0.0,,0.0,,0.0,,0.0,,0.0,115.0,13,13
0047,2026-09-22,LKUS_login,16,0.0,0.0,0.0,0.0,16.0,0.0,16.0,0.0,16.0,0.0,16.0,0.0,16.0,16.0,16.0,0.0,0.0,,0.0,,0.0,,0.0,,0.0,,16.0,0.0,0.0,,0.0,,0.0,,0.0,,0.0,16.0,13,13
0047,2026-09-22,LKUS_grant_new_user_coupon,7,0.0,0.0,0.0,0.0,7.0,0.0,7.0,0.0,7.0,0.0,7.0,0.0,7.0,7.0,7.0,0.0,0.0,,7.0,0.0,7.0,0.0,0.0,,7.0,0.0,7.0,0.0,0.0,,0.0,,0.0,,7.0,0.0,0.0,7.0,13,13
0047,2026-09-22,LKUS_register,5,0.0,5.0,0.0,0.0,,5.0,5.0,5.0,5.0,0.0,5.0,0.0,0.0,,5.0,0.0,0.0,,0.0,,0.0,,0.0,,0.0,,5.0,0.0,0.0,,0.0,,0.0,,0.0,,5.0,0.0,12,12
0048,2026-09-22,LKUS_push,113,0.0,113.0,0.0,0.0,0.0,113.0,113.0,113.0,113.0,0.0,113.0,0.0,10.0,0.0,113.0,0.0,0.0,,0.0,,0.0,,0.0,,0.0,,113.0,0.0,0.0,,0.0,,0.0,,0.0,,113.0,0.0,11,14
0048,2026-09-22,LKUS_physical_order_create,117,0.0,0.0,0.0,0.0,117.0,0.0,102.0,0.0,102.0,0.0,117.0,0.0,117.0,117.0,117.0,0.0,0.0,,0.0,,0.0,,117.0,0.0,0.0,,117.0,0.0,15.0,0.0,15.0,0.0,15.0,0.0,0.0,,0.0,117.0,13,13
0048,2026-09-22,LKUS_payment,113,0.0,0.0,0.0,0.0,113.0,0.0,97.0,0.0,97.0,0.0,113.0,0.0,113.0,113.0,113.0,0.0,113.0,0.0,0.0,,0.0,,113.0,0.0,0.0,,113.0,0.0,0.0,,0.0,,0.0,,0.0,,0.0,113.0,13,13
0048,2026-09-22,LKUS_register,7,0.0,7.0,0.0,0.0,,7.0,7.0,7.0,7.0,0.0,7.0,0.0,0.0,,7.0,0.0,0.0,,0.0,,0.0,,0.0,,0.0,,7.0,0.0,0.0,,0.0,,0.0,,0.0,,7.0,0.0,12,12
0048,2026-09-22,LKUS_physical_order_cancel,1,0.0,0.0,0.0,0.0,1.0,0.0,1.0,0.0,1.0,0.0,1.0,0.0,1.0,1.0,1.0,0.0,1.0,0.0,0.0,,0.0,,1.0,0.0,0.0,,1.0,0.0,0.0,,0.0,,0.0,,0.0,,0.0,1.0,13,13
0048,2026-09-22,LKUS_login,12,0.0,0.0,0.0,0.0,12.0,0.0,12.0,0.0,12.0,0.0,12.0,0.0,12.0,12.0,12.0,0.0,0.0,,0.0,,0.0,,0.0,,0.0,,12.0,0.0,0.0,,0.0,,0.0,,0.0,,0.0,12.0,13,13
0048,2026-09-22,LKUS_grant_new_user_coupon,7,0.0,0.0,0.0,0.0,7.0,0.0,7.0,0.0,7.0,0.0,7.0,0.0,7.0,7.0,7.0,0.0,0.0,,7.0,0.0,7.0,0.0,0.0,,7.0,0.0,7.0,0.0,0.0,,0.0,,0.0,,7.0,0.0,0.0,7.0,13,13
0049,2026-09-22,LKUS_push,91,0.0,91.0,0.0,0.0,0.0,91.0,91.0,91.0,91.0,0.0,91.0,0.0,1.0,0.0,91.0,0.0,0.0,,0.0,,0.0,,0.0,,0.0,,91.0,0.0,0.0,,0.0,,0.0,,0.0,,91.0,0.0,11,14
0049,2026-09-22,LKUS_register,9,0.0,9.0,0.0,0.0,,9.0,9.0,9.0,9.0,0.0,9.0,0.0,0.0,,9.0,0.0,0.0,,0.0,,0.0,,0.0,,0.0,,9.0,0.0,0.0,,0.0,,0.0,,0.0,,9.0,0.0,11,12
0049,2026-09-22,LKUS_login,16,0.0,0.0,0.0,0.0,16.0,0.0,16.0,0.0,16.0,0.0,16.0,0.0,16.0,16.0,16.0,0.0,0.0,,0.0,,0.0,,0.0,,0.0,,16.0,0.0,0.0,,0.0,,0.0,,0.0,,0.0,16.0,13,13
0049,2026-09-22,LKUS_physical_order_create,96,0.0,0.0,0.0,0.0,96.0,0.0,89.0,0.0,89.0,0.0,96.0,0.0,96.0,96.0,96.0,0.0,0.0,,0.0,,0.0,,96.0,0.0,0.0,,96.0,0.0,7.0,0.0,7.0,0.0,7.0,0.0,0.0,,0.0,96.0,13,13
0049,2026-09-22,LKUS_payment,99,0.0,0.0,0.0,0.0,99.0,0.0,92.0,0.0,92.0,0.0,99.0,0.0,99.0,99.0,99.0,0.0,99.0,0.0,0.0,,0.0,,99.0,0.0,0.0,,99.0,0.0,0.0,,0.0,,0.0,,0.0,,0.0,99.0,13,13
0049,2026-09-22,LKUS_physical_order_cancel,2,0.0,0.0,0.0,0.0,2.0,0.0,2.0,0.0,2.0,0.0,2.0,0.0,2.0,2.0,2.0,0.0,2.0,0.0,0.0,,0.0,,2.0,0.0,0.0,,2.0,0.0,0.0,,0.0,,0.0,,0.0,,0.0,2.0,13,13
0049,2026-09-22,LKUS_grant_new_user_coupon,5,0.0,0.0,0.0,0.0,5.0,0.0,5.0,0.0,5.0,0.0,5.0,0.0,5.0,5.0,5.0,0.0,0.0,,5.0,0.0,5.0,0.0,0.0,,5.0,0.0,5.0,0.0,0.0,,0.0,,0.0,,5.0,0.0,0.0,5.0,13,13
0049,2026-09-22,LKUS_captcha,1,0.0,1.0,0.0,0.0,,1.0,1.0,1.0,1.0,0.0,1.0,0.0,0.0,,1.0,0.0,0.0,,0.0,,0.0,,0.0,,0.0,,1.0,0.0,0.0,,0.0,,0.0,,0.0,,1.0,0.0,12,12
0050,2026-09-22,LKUS_push,73,0.0,73.0,0.0,0.0,0.0,73.0,73.0,73.0,73.0,0.0,73.0,0.0,1.0,0.0,73.0,0.0,0.0,,0.0,,0.0,,0.0,,0.0,,73.0,0.0,0.0,,0.0,,0.0,,0.0,,73.0,0.0,12,14
0050,2026-09-22,LKUS_login,9,0.0,0.0,0.0,0.0,9.0,0.0,9.0,0.0,9.0,0.0,9.0,0.0,9.0,9.0,9.0,0.0,0.0,,0.0,,0.0,,0.0,,0.0,,9.0,0.0,0.0,,0.0,,0.0,,0.0,,0.0,9.0,13,13
0050,2026-09-22,LKUS_register,9,0.0,9.0,0.0,0.0,,9.0,9.0,9.0,9.0,0.0,9.0,0.0,0.0,,9.0,0.0,0.0,,0.0,,0.0,,0.0,,0.0,,9.0,0.0,0.0,,0.0,,0.0,,0.0,,9.0,0.0,12,12
0050,2026-09-22,LKUS_physical_order_create,98,0.0,0.0,0.0,0.0,98.0,0.0,79.0,0.0,79.0,0.0,98.0,0.0,98.0,98.0,98.0,0.0,0.0,,0.0,,0.0,,98.0,0.0,0.0,,98.0,0.0,17.0,0.0,17.0,0.0,17.0,0.0,0.0,,0.0,98.0,13,13
0050,2026-09-22,LKUS_payment,97,0.0,0.0,0.0,0.0,97.0,0.0,78.0,0.0,78.0,0.0,97.0,0.0,97.0,97.0,97.0,0.0,97.0,0.0,0.0,,0.0,,97.0,0.0,0.0,,97.0,0.0,0.0,,0.0,,0.0,,0.0,,0.0,97.0,13,13
0050,2026-09-22,LKUS_grant_new_user_coupon,3,0.0,0.0,0.0,0.0,3.0,0.0,3.0,0.0,3.0,0.0,3.0,0.0,3.0,3.0,3.0,0.0,0.0,,3.0,0.0,3.0,0.0,0.0,,3.0,0.0,3.0,0.0,0.0,,0.0,,0.0,,3.0,0.0,0.0,3.0,13,13
0050,2026-09-22,LKUS_physical_order_cancel,1,0.0,0.0,0.0,0.0,1.0,0.0,1.0,0.0,1.0,0.0,1.0,0.0,1.0,1.0,1.0,0.0,1.0,0.0,0.0,,0.0,,1.0,0.0,0.0,,1.0,0.0,0.0,,0.0,,0.0,,0.0,,0.0,1.0,13,13
0051,2026-09-22,LKUS_push,75,0.0,75.0,0.0,0.0,0.0,75.0,75.0,75.0,75.0,0.0,75.0,0.0,1.0,0.0,75.0,0.0,0.0,,0.0,,0.0,,0.0,,0.0,,75.0,0.0,0.0,,0.0,,0.0,,0.0,,75.0,0.0,12,14
0051,2026-09-22,LKUS_register,10,0.0,10.0,0.0,0.0,,10.0,10.0,10.0,10.0,0.0,10.0,0.0,0.0,,10.0,0.0,0.0,,0.0,,0.0,,0.0,,0.0,,10.0,0.0,0.0,,0.0,,0.0,,0.0,,10.0,0.0,12,13
0051,2026-09-22,LKUS_physical_order_create,91,0.0,0.0,0.0,0.0,91.0,0.0,79.0,0.0,79.0,0.0,91.0,0.0,91.0,91.0,91.0,0.0,0.0,,0.0,,0.0,,91.0,0.0,0.0,,91.0,0.0,13.0,0.0,13.0,0.0,13.0,0.0,0.0,,0.0,91.0,13,13
0051,2026-09-22,LKUS_payment,91,0.0,0.0,0.0,0.0,91.0,0.0,77.0,0.0,77.0,0.0,91.0,0.0,91.0,91.0,91.0,0.0,91.0,0.0,0.0,,0.0,,91.0,0.0,0.0,,91.0,0.0,0.0,,0.0,,0.0,,0.0,,0.0,91.0,13,13
0051,2026-09-22,LKUS_grant_new_user_coupon,5,0.0,0.0,0.0,0.0,5.0,0.0,5.0,0.0,5.0,0.0,5.0,0.0,5.0,5.0,5.0,0.0,0.0,,5.0,0.0,5.0,0.0,0.0,,5.0,0.0,5.0,0.0,0.0,,0.0,,0.0,,5.0,0.0,0.0,5.0,13,13
0051,2026-09-22,LKUS_login,12,0.0,0.0,0.0,0.0,12.0,0.0,12.0,0.0,12.0,0.0,12.0,0.0,12.0,12.0,12.0,0.0,0.0,,0.0,,0.0,,0.0,,0.0,,12.0,0.0,0.0,,0.0,,0.0,,0.0,,0.0,12.0,13,13
0051,2026-09-22,LKUS_captcha,1,0.0,1.0,0.0,0.0,,1.0,1.0,1.0,1.0,0.0,1.0,0.0,0.0,,1.0,0.0,0.0,,0.0,,0.0,,0.0,,0.0,,1.0,0.0,0.0,,0.0,,0.0,,0.0,,1.0,0.0,13,13
0052,2026-09-22,LKUS_push,69,0.0,69.0,0.0,0.0,0.0,69.0,69.0,69.0,69.0,0.0,69.0,0.0,2.0,0.0,69.0,0.0,0.0,,0.0,,0.0,,0.0,,0.0,,69.0,0.0,0.0,,0.0,,0.0,,0.0,,69.0,0.0,12,14
0052,2026-09-22,LKUS_login,17,0.0,0.0,0.0,0.0,17.0,0.0,17.0,0.0,17.0,0.0,17.0,0.0,17.0,17.0,17.0,0.0,0.0,,0.0,,0.0,,0.0,,0.0,,17.0,0.0,0.0,,0.0,,0.0,,0.0,,0.0,17.0,13,13
0052,2026-09-22,LKUS_grant_new_user_coupon,8,0.0,0.0,0.0,0.0,8.0,0.0,8.0,0.0,8.0,0.0,8.0,0.0,8.0,8.0,8.0,0.0,0.0,,8.0,0.0,8.0,0.0,0.0,,8.0,0.0,8.0,0.0,0.0,,0.0,,0.0,,8.0,0.0,0.0,8.0,13,13
0052,2026-09-22,LKUS_payment,91,0.0,0.0,0.0,0.0,91.0,0.0,78.0,0.0,78.0,0.0,91.0,0.0,91.0,91.0,91.0,0.0,91.0,0.0,0.0,,0.0,,91.0,0.0,0.0,,91.0,0.0,0.0,,0.0,,0.0,,0.0,,0.0,91.0,13,13
0052,2026-09-22,LKUS_physical_order_create,91,0.0,0.0,0.0,0.0,91.0,0.0,79.0,0.0,79.0,0.0,91.0,0.0,91.0,91.0,91.0,0.0,0.0,,0.0,,0.0,,91.0,0.0,0.0,,91.0,0.0,12.0,0.0,12.0,0.0,12.0,0.0,0.0,,0.0,91.0,13,13
0052,2026-09-22,LKUS_register,8,0.0,8.0,0.0,0.0,,8.0,8.0,8.0,8.0,0.0,8.0,0.0,0.0,,8.0,0.0,0.0,,0.0,,0.0,,0.0,,0.0,,8.0,0.0,0.0,,0.0,,0.0,,0.0,,8.0,0.0,12,12
0052,2026-09-22,LKUS_physical_order_cancel,1,0.0,0.0,0.0,0.0,1.0,0.0,1.0,0.0,1.0,0.0,1.0,0.0,1.0,1.0,1.0,0.0,1.0,0.0,0.0,,0.0,,1.0,0.0,0.0,,1.0,0.0,0.0,,0.0,,0.0,,0.0,,0.0,1.0,13,13
0053,2026-09-22,LKUS_push,95,0.0,95.0,0.0,0.0,,95.0,95.0,95.0,95.0,0.0,95.0,0.0,0.0,,95.0,0.0,0.0,,0.0,,0.0,,0.0,,0.0,,95.0,0.0,0.0,,0.0,,0.0,,0.0,,95.0,0.0,11,14
0053,2026-09-22,LKUS_register,11,0.0,11.0,0.0,0.0,,11.0,11.0,11.0,11.0,0.0,11.0,0.0,0.0,,11.0,0.0,0.0,,0.0,,0.0,,0.0,,0.0,,11.0,0.0,0.0,,0.0,,0.0,,0.0,,11.0,0.0,12,12
0053,2026-09-22,LKUS_payment,112,0.0,0.0,0.0,0.0,112.0,0.0,97.0,0.0,97.0,0.0,112.0,0.0,112.0,112.0,112.0,0.0,112.0,0.0,0.0,,0.0,,112.0,0.0,0.0,,112.0,0.0,0.0,,0.0,,0.0,,0.0,,0.0,112.0,13,13
0053,2026-09-22,LKUS_physical_order_create,110,0.0,0.0,0.0,0.0,110.0,0.0,96.0,0.0,96.0,0.0,110.0,0.0,110.0,110.0,110.0,0.0,0.0,,0.0,,0.0,,110.0,0.0,0.0,,110.0,0.0,13.0,0.0,13.0,0.0,13.0,0.0,0.0,,0.0,110.0,13,13
0053,2026-09-22,LKUS_grant_new_user_coupon,14,0.0,0.0,0.0,0.0,14.0,0.0,14.0,0.0,14.0,0.0,14.0,0.0,14.0,14.0,14.0,0.0,0.0,,14.0,0.0,14.0,0.0,0.0,,14.0,0.0,14.0,0.0,0.0,,0.0,,0.0,,14.0,0.0,0.0,14.0,13,13
0053,2026-09-22,LKUS_login,20,0.0,0.0,0.0,0.0,20.0,0.0,20.0,0.0,20.0,0.0,20.0,0.0,20.0,20.0,20.0,0.0,0.0,,0.0,,0.0,,0.0,,0.0,,20.0,0.0,0.0,,0.0,,0.0,,0.0,,0.0,20.0,13,13
0053,2026-09-22,LKUS_physical_order_cancel,1,0.0,0.0,0.0,0.0,1.0,0.0,1.0,0.0,1.0,0.0,1.0,0.0,1.0,1.0,1.0,0.0,1.0,0.0,0.0,,0.0,,1.0,0.0,0.0,,1.0,0.0,0.0,,0.0,,0.0,,0.0,,0.0,1.0,13,13
0054,2026-09-22,LKUS_push,48,0.0,48.0,0.0,0.0,0.0,48.0,48.0,48.0,48.0,0.0,48.0,0.0,1.0,0.0,48.0,0.0,0.0,,0.0,,0.0,,0.0,,0.0,,48.0,0.0,0.0,,0.0,,0.0,,0.0,,48.0,0.0,12,14
0054,2026-09-22,LKUS_physical_order_create,102,0.0,0.0,0.0,0.0,102.0,0.0,88.0,0.0,88.0,0.0,102.0,0.0,102.0,102.0,102.0,0.0,0.0,,0.0,,0.0,,102.0,0.0,0.0,,102.0,0.0,13.0,0.0,13.0,0.0,13.0,0.0,0.0,,0.0,102.0,13,13
0054,2026-09-22,LKUS_payment,103,0.0,0.0,0.0,0.0,103.0,0.0,89.0,0.0,89.0,0.0,103.0,0.0,103.0,103.0,103.0,0.0,103.0,0.0,0.0,,0.0,,103.0,0.0,0.0,,103.0,0.0,0.0,,0.0,,0.0,,0.0,,0.0,103.0,13,13
0054,2026-09-22,LKUS_grant_new_user_coupon,9,0.0,0.0,0.0,0.0,9.0,0.0,9.0,0.0,9.0,0.0,9.0,0.0,9.0,9.0,9.0,0.0,0.0,,9.0,0.0,9.0,0.0,0.0,,9.0,0.0,9.0,0.0,0.0,,0.0,,0.0,,9.0,0.0,0.0,9.0,13,13
0054,2026-09-22,LKUS_login,11,0.0,0.0,0.0,0.0,11.0,0.0,11.0,0.0,11.0,0.0,11.0,0.0,11.0,11.0,11.0,0.0,0.0,,0.0,,0.0,,0.0,,0.0,,11.0,0.0,0.0,,0.0,,0.0,,0.0,,0.0,11.0,13,13
0054,2026-09-22,LKUS_physical_order_cancel,1,0.0,0.0,0.0,0.0,1.0,0.0,1.0,0.0,1.0,0.0,1.0,0.0,1.0,1.0,1.0,0.0,1.0,0.0,0.0,,0.0,,1.0,0.0,0.0,,1.0,0.0,0.0,,0.0,,0.0,,0.0,,0.0,1.0,13,13
0054,2026-09-22,LKUS_register,7,0.0,7.0,0.0,0.0,,7.0,7.0,7.0,7.0,0.0,7.0,0.0,0.0,,7.0,0.0,0.0,,0.0,,0.0,,0.0,,0.0,,7.0,0.0,0.0,,0.0,,0.0,,0.0,,7.0,0.0,12,12
0055,2026-09-22,LKUS_push,60,0.0,60.0,0.0,0.0,0.0,60.0,60.0,60.0,60.0,0.0,60.0,0.0,1.0,0.0,60.0,0.0,0.0,,0.0,,0.0,,0.0,,0.0,,60.0,0.0,0.0,,0.0,,0.0,,0.0,,60.0,0.0,12,13
0055,2026-09-22,LKUS_physical_order_create,123,0.0,0.0,0.0,0.0,123.0,0.0,108.0,0.0,108.0,0.0,123.0,0.0,123.0,123.0,123.0,0.0,0.0,,0.0,,0.0,,123.0,0.0,0.0,,123.0,0.0,15.0,0.0,15.0,0.0,15.0,0.0,0.0,,0.0,123.0,13,13
0055,2026-09-22,LKUS_payment,125,0.0,0.0,0.0,0.0,125.0,0.0,109.0,0.0,109.0,0.0,125.0,0.0,125.0,125.0,125.0,0.0,125.0,0.0,0.0,,0.0,,125.0,0.0,0.0,,125.0,0.0,0.0,,0.0,,0.0,,0.0,,0.0,125.0,13,13
0055,2026-09-22,LKUS_register,12,0.0,12.0,0.0,0.0,,12.0,12.0,12.0,12.0,0.0,12.0,0.0,0.0,,12.0,0.0,0.0,,0.0,,0.0,,0.0,,0.0,,12.0,0.0,0.0,,0.0,,0.0,,0.0,,12.0,0.0,12,12
0055,2026-09-22,LKUS_login,20,0.0,0.0,0.0,0.0,20.0,0.0,20.0,0.0,20.0,0.0,20.0,0.0,20.0,20.0,20.0,0.0,0.0,,0.0,,0.0,,0.0,,0.0,,20.0,0.0,0.0,,0.0,,0.0,,0.0,,0.0,20.0,13,13
0055,2026-09-22,LKUS_grant_new_user_coupon,13,0.0,0.0,0.0,0.0,13.0,0.0,13.0,0.0,13.0,0.0,13.0,0.0,13.0,13.0,13.0,0.0,0.0,,13.0,0.0,13.0,0.0,0.0,,13.0,0.0,13.0,0.0,0.0,,0.0,,0.0,,13.0,0.0,0.0,13.0,13,13
0056,2026-09-22,LKUS_push,93,0.0,93.0,0.0,0.0,0.0,93.0,93.0,93.0,93.0,0.0,93.0,0.0,2.0,0.0,93.0,0.0,0.0,,0.0,,0.0,,0.0,,0.0,,93.0,0.0,0.0,,0.0,,0.0,,0.0,,93.0,0.0,12,14
0056,2026-09-22,LKUS_login,20,0.0,0.0,0.0,0.0,20.0,0.0,20.0,0.0,20.0,0.0,20.0,0.0,20.0,20.0,20.0,0.0,0.0,,0.0,,0.0,,0.0,,0.0,,20.0,0.0,0.0,,0.0,,0.0,,0.0,,0.0,20.0,13,13
0056,2026-09-22,LKUS_grant_new_user_coupon,12,0.0,0.0,0.0,0.0,12.0,0.0,12.0,0.0,12.0,0.0,12.0,0.0,12.0,12.0,12.0,0.0,0.0,,12.0,0.0,12.0,0.0,0.0,,12.0,0.0,12.0,0.0,0.0,,0.0,,0.0,,12.0,0.0,0.0,12.0,13,13
0056,2026-09-22,LKUS_register,10,0.0,10.0,0.0,0.0,,10.0,10.0,10.0,10.0,0.0,10.0,0.0,0.0,,10.0,0.0,0.0,,0.0,,0.0,,0.0,,0.0,,10.0,0.0,0.0,,0.0,,0.0,,0.0,,10.0,0.0,12,12
0056,2026-09-22,LKUS_physical_order_create,98,0.0,0.0,0.0,0.0,98.0,0.0,84.0,0.0,84.0,0.0,98.0,0.0,98.0,98.0,98.0,0.0,0.0,,0.0,,0.0,,98.0,0.0,0.0,,98.0,0.0,15.0,0.0,15.0,0.0,15.0,0.0,0.0,,0.0,98.0,13,13
0056,2026-09-22,LKUS_payment,100,0.0,0.0,0.0,0.0,100.0,0.0,86.0,0.0,86.0,0.0,100.0,0.0,100.0,100.0,100.0,0.0,100.0,0.0,0.0,,0.0,,100.0,0.0,0.0,,100.0,0.0,0.0,,0.0,,0.0,,0.0,,0.0,100.0,13,13
0057,2026-09-22,LKUS_push,68,0.0,68.0,0.0,0.0,0.0,68.0,68.0,68.0,68.0,0.0,68.0,0.0,1.0,0.0,68.0,0.0,0.0,,0.0,,0.0,,0.0,,0.0,,68.0,0.0,0.0,,0.0,,0.0,,0.0,,68.0,0.0,12,14
0057,2026-09-22,LKUS_physical_order_create,106,0.0,0.0,0.0,0.0,106.0,0.0,99.0,0.0,99.0,0.0,106.0,0.0,106.0,106.0,106.0,0.0,0.0,,0.0,,0.0,,106.0,0.0,0.0,,106.0,0.0,7.0,0.0,7.0,0.0,7.0,0.0,0.0,,0.0,106.0,13,13
0057,2026-09-22,LKUS_payment,104,0.0,0.0,0.0,0.0,104.0,0.0,97.0,0.0,97.0,0.0,104.0,0.0,104.0,104.0,104.0,0.0,104.0,0.0,0.0,,0.0,,104.0,0.0,0.0,,104.0,0.0,0.0,,0.0,,0.0,,0.0,,0.0,104.0,13,13
0057,2026-09-22,LKUS_register,6,0.0,6.0,0.0,0.0,,6.0,6.0,6.0,6.0,0.0,6.0,0.0,0.0,,6.0,0.0,0.0,,0.0,,0.0,,0.0,,0.0,,6.0,0.0,0.0,,0.0,,0.0,,0.0,,6.0,0.0,12,14
0057,2026-09-22,LKUS_login,23,0.0,0.0,0.0,0.0,23.0,0.0,23.0,0.0,23.0,0.0,23.0,0.0,23.0,23.0,23.0,0.0,0.0,,0.0,,0.0,,0.0,,0.0,,23.0,0.0,0.0,,0.0,,0.0,,0.0,,0.0,23.0,13,13
0057,2026-09-22,LKUS_grant_new_user_coupon,11,0.0,0.0,0.0,0.0,11.0,0.0,11.0,0.0,11.0,0.0,11.0,0.0,11.0,11.0,11.0,0.0,0.0,,11.0,0.0,11.0,0.0,0.0,,11.0,0.0,11.0,0.0,0.0,,0.0,,0.0,,11.0,0.0,0.0,11.0,13,13
0057,2026-09-22,LKUS_physical_order_cancel,2,0.0,0.0,0.0,0.0,2.0,0.0,2.0,0.0,2.0,0.0,2.0,0.0,2.0,2.0,2.0,0.0,2.0,0.0,0.0,,0.0,,2.0,0.0,0.0,,2.0,0.0,0.0,,0.0,,0.0,,0.0,,0.0,2.0,13,13
0058,2026-09-22,LKUS_push,88,0.0,88.0,0.0,0.0,0.0,88.0,88.0,88.0,88.0,0.0,88.0,0.0,2.0,0.0,88.0,0.0,0.0,,0.0,,0.0,,0.0,,0.0,,88.0,0.0,0.0,,0.0,,0.0,,0.0,,88.0,0.0,11,14
0058,2026-09-22,LKUS_physical_order_create,112,0.0,0.0,0.0,0.0,112.0,0.0,98.0,0.0,98.0,0.0,112.0,0.0,112.0,112.0,112.0,0.0,0.0,,0.0,,0.0,,112.0,0.0,0.0,,112.0,0.0,12.0,0.0,12.0,0.0,12.0,0.0,0.0,,0.0,112.0,13,13
0058,2026-09-22,LKUS_payment,108,0.0,0.0,0.0,0.0,108.0,0.0,94.0,0.0,94.0,0.0,108.0,0.0,108.0,108.0,108.0,0.0,108.0,0.0,0.0,,0.0,,108.0,0.0,0.0,,108.0,0.0,0.0,,0.0,,0.0,,0.0,,0.0,108.0,13,13
0058,2026-09-22,LKUS_login,21,0.0,0.0,0.0,0.0,21.0,0.0,21.0,0.0,21.0,0.0,21.0,0.0,21.0,21.0,21.0,0.0,0.0,,0.0,,0.0,,0.0,,0.0,,21.0,0.0,0.0,,0.0,,0.0,,0.0,,0.0,21.0,13,13
0058,2026-09-22,LKUS_grant_new_user_coupon,7,0.0,0.0,0.0,0.0,7.0,0.0,7.0,0.0,7.0,0.0,7.0,0.0,7.0,7.0,7.0,0.0,0.0,,7.0,0.0,7.0,0.0,0.0,,7.0,0.0,7.0,0.0,0.0,,0.0,,0.0,,7.0,0.0,0.0,7.0,13,13
0058,2026-09-22,LKUS_register,4,0.0,4.0,0.0,0.0,,4.0,4.0,4.0,4.0,0.0,4.0,0.0,0.0,,4.0,0.0,0.0,,0.0,,0.0,,0.0,,0.0,,4.0,0.0,0.0,,0.0,,0.0,,0.0,,4.0,0.0,12,12
0058,2026-09-22,LKUS_physical_order_cancel,2,0.0,0.0,0.0,0.0,2.0,0.0,2.0,0.0,2.0,0.0,2.0,0.0,2.0,2.0,2.0,0.0,2.0,0.0,0.0,,0.0,,2.0,0.0,0.0,,2.0,0.0,0.0,,0.0,,0.0,,0.0,,0.0,2.0,13,13
0059,2026-09-22,LKUS_push,78,0.0,78.0,0.0,0.0,0.0,78.0,78.0,78.0,78.0,0.0,78.0,0.0,3.0,0.0,78.0,0.0,0.0,,0.0,,0.0,,0.0,,0.0,,78.0,0.0,0.0,,0.0,,0.0,,0.0,,78.0,0.0,12,14
0059,2026-09-22,LKUS_register,6,0.0,6.0,0.0,0.0,,6.0,6.0,6.0,6.0,0.0,6.0,0.0,0.0,,6.0,0.0,0.0,,0.0,,0.0,,0.0,,0.0,,6.0,0.0,0.0,,0.0,,0.0,,0.0,,6.0,0.0,12,12
0059,2026-09-22,LKUS_login,16,0.0,0.0,0.0,0.0,16.0,0.0,16.0,0.0,16.0,0.0,16.0,0.0,16.0,16.0,16.0,0.0,0.0,,0.0,,0.0,,0.0,,0.0,,16.0,0.0,0.0,,0.0,,0.0,,0.0,,0.0,16.0,13,13
0059,2026-09-22,LKUS_grant_new_user_coupon,9,0.0,0.0,0.0,0.0,9.0,0.0,9.0,0.0,9.0,0.0,9.0,0.0,9.0,9.0,9.0,0.0,0.0,,9.0,0.0,9.0,0.0,0.0,,9.0,0.0,9.0,0.0,0.0,,0.0,,0.0,,9.0,0.0,0.0,9.0,13,13
0059,2026-09-22,LKUS_physical_order_create,100,0.0,0.0,0.0,0.0,100.0,0.0,85.0,0.0,85.0,0.0,100.0,0.0,100.0,100.0,100.0,0.0,0.0,,0.0,,0.0,,100.0,0.0,0.0,,100.0,0.0,15.0,0.0,15.0,0.0,15.0,0.0,0.0,,0.0,100.0,13,13
0059,2026-09-22,LKUS_payment,102,0.0,0.0,0.0,0.0,102.0,0.0,86.0,0.0,86.0,0.0,102.0,0.0,102.0,102.0,102.0,0.0,102.0,0.0,0.0,,0.0,,102.0,0.0,0.0,,102.0,0.0,0.0,,0.0,,0.0,,0.0,,0.0,102.0,13,13
0059,2026-09-22,LKUS_physical_order_cancel,1,0.0,0.0,0.0,0.0,1.0,0.0,1.0,0.0,1.0,0.0,1.0,0.0,1.0,1.0,1.0,0.0,1.0,0.0,0.0,,0.0,,1.0,0.0,0.0,,1.0,0.0,0.0,,0.0,,0.0,,0.0,,0.0,1.0,13,13
0060,2026-09-22,LKUS_push,64,0.0,64.0,0.0,0.0,0.0,64.0,64.0,64.0,64.0,0.0,64.0,0.0,2.0,0.0,64.0,0.0,0.0,,0.0,,0.0,,0.0,,0.0,,64.0,0.0,0.0,,0.0,,0.0,,0.0,,64.0,0.0,12,14
0060,2026-09-22,LKUS_register,9,0.0,9.0,0.0,0.0,,9.0,9.0,9.0,9.0,0.0,9.0,0.0,0.0,,9.0,0.0,0.0,,0.0,,0.0,,0.0,,0.0,,9.0,0.0,0.0,,0.0,,0.0,,0.0,,9.0,0.0,12,12
0060,2026-09-22,LKUS_login,19,0.0,0.0,0.0,0.0,19.0,0.0,19.0,0.0,19.0,0.0,19.0,0.0,19.0,19.0,19.0,0.0,0.0,,0.0,,0.0,,0.0,,0.0,,19.0,0.0,0.0,,0.0,,0.0,,0.0,,0.0,19.0,13,13
0060,2026-09-22,LKUS_physical_order_create,98,0.0,0.0,0.0,0.0,98.0,0.0,86.0,0.0,86.0,0.0,98.0,0.0,98.0,98.0,98.0,0.0,0.0,,0.0,,0.0,,98.0,0.0,0.0,,98.0,0.0,14.0,0.0,14.0,0.0,14.0,0.0,0.0,,0.0,98.0,13,13
0060,2026-09-22,LKUS_payment,99,0.0,0.0,0.0,0.0,99.0,0.0,87.0,0.0,87.0,0.0,99.0,0.0,99.0,99.0,99.0,0.0,99.0,0.0,0.0,,0.0,,99.0,0.0,0.0,,99.0,0.0,0.0,,0.0,,0.0,,0.0,,0.0,99.0,13,13
0060,2026-09-22,LKUS_grant_new_user_coupon,10,0.0,0.0,0.0,0.0,10.0,0.0,10.0,0.0,10.0,0.0,10.0,0.0,10.0,10.0,10.0,0.0,0.0,,10.0,0.0,10.0,0.0,0.0,,10.0,0.0,10.0,0.0,0.0,,0.0,,0.0,,10.0,0.0,0.0,10.0,13,13
0060,2026-09-22,LKUS_physical_order_cancel,2,0.0,0.0,0.0,0.0,2.0,0.0,2.0,0.0,2.0,0.0,2.0,0.0,2.0,2.0,2.0,0.0,2.0,0.0,0.0,,0.0,,2.0,0.0,0.0,,2.0,0.0,0.0,,0.0,,0.0,,0.0,,0.0,2.0,13,13
0061,2026-09-22,LKUS_push,84,0.0,84.0,0.0,0.0,0.0,84.0,84.0,84.0,84.0,0.0,84.0,0.0,2.0,0.0,84.0,0.0,0.0,,0.0,,0.0,,0.0,,0.0,,84.0,0.0,0.0,,0.0,,0.0,,0.0,,84.0,0.0,12,14
0061,2026-09-22,LKUS_physical_order_create,88,0.0,0.0,0.0,0.0,88.0,0.0,76.0,0.0,76.0,0.0,88.0,0.0,88.0,88.0,88.0,0.0,0.0,,0.0,,0.0,,88.0,0.0,0.0,,88.0,0.0,13.0,0.0,13.0,0.0,13.0,0.0,0.0,,0.0,88.0,13,13
0061,2026-09-22,LKUS_payment,86,0.0,0.0,0.0,0.0,86.0,0.0,73.0,0.0,73.0,0.0,86.0,0.0,86.0,86.0,86.0,0.0,86.0,0.0,0.0,,0.0,,86.0,0.0,0.0,,86.0,0.0,0.0,,0.0,,0.0,,0.0,,0.0,86.0,13,13
0061,2026-09-22,LKUS_login,16,0.0,0.0,0.0,0.0,16.0,0.0,16.0,0.0,16.0,0.0,16.0,0.0,16.0,16.0,16.0,0.0,0.0,,0.0,,0.0,,0.0,,0.0,,16.0,0.0,0.0,,0.0,,0.0,,0.0,,0.0,16.0,13,13
0061,2026-09-22,LKUS_register,6,0.0,6.0,0.0,0.0,,6.0,6.0,6.0,6.0,0.0,6.0,0.0,0.0,,6.0,0.0,0.0,,0.0,,0.0,,0.0,,0.0,,6.0,0.0,0.0,,0.0,,0.0,,0.0,,6.0,0.0,12,13
0061,2026-09-22,LKUS_grant_new_user_coupon,7,0.0,0.0,0.0,0.0,7.0,0.0,7.0,0.0,7.0,0.0,7.0,0.0,7.0,7.0,7.0,0.0,0.0,,7.0,0.0,7.0,0.0,0.0,,7.0,0.0,7.0,0.0,0.0,,0.0,,0.0,,7.0,0.0,0.0,7.0,13,13
0061,2026-09-22,LKUS_physical_order_cancel,1,0.0,0.0,0.0,0.0,1.0,0.0,1.0,0.0,1.0,0.0,1.0,0.0,1.0,1.0,1.0,0.0,1.0,0.0,0.0,,0.0,,1.0,0.0,0.0,,1.0,0.0,0.0,,0.0,,0.0,,0.0,,0.0,1.0,13,13
0062,2026-09-22,LKUS_push,64,0.0,64.0,0.0,0.0,0.0,64.0,64.0,64.0,64.0,0.0,64.0,0.0,1.0,0.0,64.0,0.0,0.0,,0.0,,0.0,,0.0,,0.0,,64.0,0.0,0.0,,0.0,,0.0,,0.0,,64.0,0.0,12,14
0062,2026-09-22,LKUS_login,18,0.0,0.0,0.0,0.0,18.0,0.0,18.0,0.0,18.0,0.0,18.0,0.0,18.0,18.0,18.0,0.0,0.0,,0.0,,0.0,,0.0,,0.0,,18.0,0.0,0.0,,0.0,,0.0,,0.0,,0.0,18.0,13,13
0062,2026-09-22,LKUS_physical_order_create,91,0.0,0.0,0.0,0.0,91.0,0.0,72.0,0.0,72.0,0.0,91.0,0.0,91.0,91.0,91.0,0.0,0.0,,0.0,,0.0,,91.0,0.0,0.0,,91.0,0.0,21.0,0.0,21.0,0.0,21.0,0.0,0.0,,0.0,91.0,13,13
0062,2026-09-22,LKUS_payment,89,0.0,0.0,0.0,0.0,89.0,0.0,68.0,0.0,68.0,0.0,89.0,0.0,89.0,89.0,89.0,0.0,89.0,0.0,0.0,,0.0,,89.0,0.0,0.0,,89.0,0.0,0.0,,0.0,,0.0,,0.0,,0.0,89.0,13,13
0062,2026-09-22,LKUS_register,9,0.0,9.0,0.0,0.0,,9.0,9.0,9.0,9.0,0.0,9.0,0.0,0.0,,9.0,0.0,0.0,,0.0,,0.0,,0.0,,0.0,,9.0,0.0,0.0,,0.0,,0.0,,0.0,,9.0,0.0,12,12
0062,2026-09-22,LKUS_physical_order_cancel,3,0.0,0.0,0.0,0.0,3.0,0.0,3.0,0.0,3.0,0.0,3.0,0.0,3.0,3.0,3.0,0.0,3.0,0.0,0.0,,0.0,,3.0,0.0,0.0,,3.0,0.0,0.0,,0.0,,0.0,,0.0,,0.0,3.0,13,13
0062,2026-09-22,LKUS_grant_new_user_coupon,5,0.0,0.0,0.0,0.0,5.0,0.0,5.0,0.0,5.0,0.0,5.0,0.0,5.0,5.0,5.0,0.0,0.0,,5.0,0.0,5.0,0.0,0.0,,5.0,0.0,5.0,0.0,0.0,,0.0,,0.0,,5.0,0.0,0.0,5.0,13,13
0063,2026-09-22,LKUS_push,104,0.0,104.0,0.0,0.0,0.0,104.0,104.0,104.0,104.0,0.0,104.0,0.0,1.0,0.0,104.0,0.0,0.0,,0.0,,0.0,,0.0,,0.0,,104.0,0.0,0.0,,0.0,,0.0,,0.0,,104.0,0.0,12,13
0063,2026-09-22,LKUS_grant_new_user_coupon,7,0.0,0.0,0.0,0.0,7.0,0.0,7.0,0.0,7.0,0.0,7.0,0.0,7.0,7.0,7.0,0.0,0.0,,7.0,0.0,7.0,0.0,0.0,,7.0,0.0,7.0,0.0,0.0,,0.0,,0.0,,7.0,0.0,0.0,7.0,13,13
0063,2026-09-22,LKUS_login,11,0.0,0.0,0.0,0.0,11.0,0.0,11.0,0.0,11.0,0.0,11.0,0.0,11.0,11.0,11.0,0.0,0.0,,0.0,,0.0,,0.0,,0.0,,11.0,0.0,0.0,,0.0,,0.0,,0.0,,0.0,11.0,13,13
0063,2026-09-22,LKUS_physical_order_create,101,0.0,0.0,0.0,0.0,101.0,0.0,90.0,0.0,90.0,0.0,101.0,0.0,101.0,101.0,101.0,0.0,0.0,,0.0,,0.0,,101.0,0.0,0.0,,101.0,0.0,12.0,0.0,12.0,0.0,12.0,0.0,0.0,,0.0,101.0,13,13
0063,2026-09-22,LKUS_payment,102,0.0,0.0,0.0,0.0,102.0,0.0,90.0,0.0,90.0,0.0,102.0,0.0,102.0,102.0,102.0,0.0,102.0,0.0,0.0,,0.0,,102.0,0.0,0.0,,102.0,0.0,0.0,,0.0,,0.0,,0.0,,0.0,102.0,13,13
0063,2026-09-22,LKUS_register,10,0.0,10.0,0.0,0.0,,10.0,10.0,10.0,10.0,0.0,10.0,0.0,0.0,,10.0,0.0,0.0,,0.0,,0.0,,0.0,,0.0,,10.0,0.0,0.0,,0.0,,0.0,,0.0,,10.0,0.0,12,13
0063,2026-09-22,LKUS_physical_order_cancel,1,0.0,0.0,0.0,0.0,1.0,0.0,1.0,0.0,1.0,0.0,1.0,0.0,1.0,1.0,1.0,0.0,1.0,0.0,0.0,,0.0,,1.0,0.0,0.0,,1.0,0.0,0.0,,0.0,,0.0,,0.0,,0.0,1.0,13,13
