shard,ny_date,result_col,response_result,response_code,re_result_name,re_result_code,cc_col_form,cc_para_form,cc_col_eq_para,full_eq_cc_phone,full_eq_phone,phone_col_eq_para,email_key,email_nonempty,phone_nonempty,uid_nonempty,sk_len,sk_digits,sk_hex32,sk_eq_uid,sk_eq_phone,sk_eq_full,sk_eq_ccphone,sk_eq_user_no_col,sk_eq_phone_col,sk_eq_userno,sk_eq_md5_uid,sk_eq_md5_phone,sk_eq_id,n
0042,2026-09-18,PASS,PASS,0,PASS,0,plus,plus,1,1,0,1,0,0,1,1,12,0,0,0,0,1,0,,0,,0,0,0,28
0042,2026-09-18,PASS,PASS,0,PASS,0,plus,plus,1,1,0,1,1,1,1,1,12,0,0,0,0,1,0,0,0,0,0,0,0,1
0042,2026-09-18,REJECT,REJECT,2,REJECT,2,plus,plus,1,1,0,1,0,0,1,1,13,0,0,0,0,1,0,,0,,0,0,0,6
0042,2026-09-18,PASS,PASS,0,PASS,0,plus,plus,1,1,0,1,0,0,1,1,13,0,0,0,0,1,0,,0,,0,0,0,12
0042,2026-09-18,REJECT,REJECT,2,REJECT,2,plus,plus,1,1,0,1,0,0,1,1,12,0,0,0,0,1,0,,0,,0,0,0,3
0042,2026-09-18,PASS,PASS,0,PASS,0,plus,plus,1,1,0,1,0,0,1,1,14,0,0,0,0,1,0,,0,,0,0,0,1
0042,2026-09-18,PASS,PASS,0,PASS,0,plus,plus,1,1,0,1,0,0,1,1,12,0,0,0,0,1,0,0,0,0,0,0,0,1
0042,2026-09-19,REJECT,REJECT,2,REJECT,2,plus,plus,1,1,0,1,0,0,1,1,13,0,0,0,0,1,0,,0,,0,0,0,17
0042,2026-09-19,PASS,PASS,0,PASS,0,plus,plus,1,1,0,1,0,0,1,1,11,0,0,0,0,1,0,,0,,0,0,0,1
0042,2026-09-19,PASS,PASS,0,PASS,0,plus,plus,1,1,0,1,0,0,1,1,13,0,0,0,0,1,0,,0,,0,0,0,9
0042,2026-09-19,REJECT,REJECT,2,REJECT,2,plus,plus,1,1,0,1,0,0,1,1,12,0,0,0,0,1,0,,0,,0,0,0,11
0042,2026-09-19,PASS,PASS,0,PASS,0,plus,plus,1,1,0,1,0,0,1,1,12,0,0,0,0,1,0,,0,,0,0,0,20
0042,2026-09-19,REVIEW,REVIEW,1,REVIEW,1,plus,plus,1,1,0,1,0,0,1,1,13,0,0,0,0,1,0,,0,,0,0,0,1
0042,2026-09-19,PASS,PASS,0,REVIEW,1,plus,plus,1,1,0,1,0,0,1,1,13,0,0,0,0,1,0,,0,,0,0,0,1
0042,2026-09-19,PASS,PASS,0,PASS,0,plus,plus,1,1,0,1,0,0,1,1,12,0,0,0,0,1,0,0,0,0,0,0,0,1
0042,2026-09-20,REJECT,REJECT,2,REJECT,2,plus,plus,1,1,0,1,0,0,1,1,12,0,0,0,0,1,0,,0,,0,0,0,2
0042,2026-09-20,PASS,PASS,0,PASS,0,plus,plus,1,1,0,1,0,0,1,1,14,0,0,0,0,1,0,,0,,0,0,0,1
0042,2026-09-20,PASS,PASS,0,PASS,0,plus,plus,1,1,0,1,0,0,1,1,13,0,0,0,0,1,0,,0,,0,0,0,7
0042,2026-09-20,REJECT,REJECT,2,REJECT,2,plus,plus,1,1,0,1,0,0,1,1,13,0,0,0,0,1,0,,0,,0,0,0,17
0042,2026-09-20,PASS,PASS,0,PASS,0,plus,plus,1,1,0,1,0,0,1,1,12,0,0,0,0,1,0,,0,,0,0,0,12
0042,2026-09-21,PASS,PASS,0,PASS,0,plus,plus,1,1,0,1,0,0,1,1,12,0,0,0,0,1,0,,0,,0,0,0,24
0042,2026-09-21,REJECT,REJECT,2,REJECT,2,plus,plus,1,1,0,1,0,0,1,1,12,0,0,0,0,1,0,,0,,0,0,0,9
0042,2026-09-21,PASS,PASS,0,PASS,0,plus,plus,1,1,0,1,0,0,1,1,13,0,0,0,0,1,0,,0,,0,0,0,14
0042,2026-09-21,REJECT,REJECT,2,REJECT,2,plus,plus,1,1,0,1,0,0,1,1,13,0,0,0,0,1,0,,0,,0,0,0,22
0042,2026-09-21,REVIEW,REVIEW,1,REVIEW,1,plus,plus,1,1,0,1,0,0,1,1,13,0,0,0,0,1,0,,0,,0,0,0,1
0042,2026-09-21,PASS,PASS,0,REVIEW,1,plus,plus,1,1,0,1,0,0,1,1,13,0,0,0,0,1,0,,0,,0,0,0,1
0042,2026-09-21,PASS,PASS,0,PASS,0,plus,plus,1,1,0,1,0,0,1,1,12,0,0,0,0,1,0,0,0,0,0,0,0,3
0042,2026-09-21,PASS,PASS,0,PASS,0,plus,plus,1,1,0,1,0,0,1,1,14,0,0,0,0,1,0,,0,,0,0,0,2
0042,2026-09-22,REJECT,REJECT,2,REJECT,2,plus,plus,1,1,0,1,0,0,1,1,13,0,0,0,0,1,0,,0,,0,0,0,6
0042,2026-09-22,PASS,PASS,0,PASS,0,plus,plus,1,1,0,1,0,0,1,1,13,0,0,0,0,1,0,,0,,0,0,0,21
0042,2026-09-22,PASS,PASS,0,PASS,0,plus,plus,1,1,0,1,0,0,1,1,12,0,0,0,0,1,0,,0,,0,0,0,22
0042,2026-09-22,PASS,PASS,0,PASS,0,plus,plus,1,1,0,1,0,0,1,1,14,0,0,0,0,1,0,,0,,0,0,0,2
0042,2026-09-22,REJECT,REJECT,2,REJECT,2,plus,plus,1,1,0,1,0,0,1,1,12,0,0,0,0,1,0,,0,,0,0,0,1
0042,2026-09-23,PASS,PASS,0,PASS,0,plus,plus,1,1,0,1,0,0,1,1,13,0,0,0,0,1,0,,0,,0,0,0,13
0042,2026-09-23,REJECT,REJECT,2,REJECT,2,plus,plus,1,1,0,1,0,0,1,1,13,0,0,0,0,1,0,,0,,0,0,0,22
0042,2026-09-23,REJECT,REJECT,2,REJECT,2,plus,plus,1,1,0,1,0,0,1,1,11,0,0,0,0,1,0,,0,,0,0,0,3
0042,2026-09-23,PASS,PASS,0,PASS,0,plus,plus,1,1,0,1,0,0,1,1,12,0,0,0,0,1,0,,0,,0,0,0,19
0042,2026-09-23,REJECT,REJECT,2,REJECT,2,plus,plus,1,1,0,1,0,0,1,1,12,0,0,0,0,1,0,,0,,0,0,0,4
0042,2026-09-23,PASS,PASS,0,PASS,0,plus,plus,1,1,0,1,0,0,1,1,12,0,0,0,0,1,0,0,0,0,0,0,0,3
0042,2026-09-23,REJECT,REJECT,2,REJECT,2,plus,plus,1,1,0,1,0,0,1,1,14,0,0,0,0,1,0,,0,,0,0,0,1
0042,2026-09-24,REJECT,REJECT,2,REJECT,2,plus,plus,1,1,0,1,0,0,1,1,13,0,0,0,0,1,0,,0,,0,0,0,2
0042,2026-09-24,PASS,PASS,0,PASS,0,plus,plus,1,1,0,1,0,0,1,1,13,0,0,0,0,1,0,,0,,0,0,0,6
0042,2026-09-24,PASS,PASS,0,PASS,0,plus,plus,1,1,0,1,0,0,1,1,12,0,0,0,0,1,0,,0,,0,0,0,26
0042,2026-09-24,PASS,PASS,0,PASS,0,plus,plus,1,1,0,1,0,0,1,1,12,0,0,0,0,1,0,0,0,0,0,0,0,1
0042,2026-09-24,PASS,PASS,0,PASS,0,plus,plus,1,1,0,1,0,0,1,1,14,0,0,0,0,1,0,,0,,0,0,0,1
0042,2026-09-24,REVIEW,REVIEW,1,REVIEW,1,plus,plus,1,1,0,1,0,0,1,1,12,0,0,0,0,1,0,,0,,0,0,0,1
0042,2026-09-24,REJECT,REJECT,2,REJECT,2,plus,plus,1,1,0,1,0,0,1,1,12,0,0,0,0,1,0,,0,,0,0,0,9
0042,2026-09-24,PASS,PASS,0,REVIEW,1,plus,plus,1,1,0,1,0,0,1,1,12,0,0,0,0,1,0,,0,,0,0,0,1
0042,2026-09-24,REJECT,REJECT,2,REJECT,2,plus,plus,1,1,0,1,0,0,1,1,12,0,0,0,0,1,0,0,0,0,0,0,0,1
