shard,featureId,code,n,empty_value
0014,feature_Fik6gvwY1tA6,SUCCESS,36,0.0
0014,feature_vTICzBPfD3Ds,SUCCESS,36,36.0
0014,feature_P5eYl9a699fA,SUCCESS,36,36.0
0014,feature_oxYJ6qJ3BAfv,LIST_FEATURE_PARAMS_ERROR,34,34.0
0014,feature_yo8MLsBsGIsV,LIST_FEATURE_PARAMS_ERROR,36,36.0
0014,feature_kqtp6XVcXXiQ,SUCCESS,36,36.0
0014,feature_K0JuGvXPoQsS,SUCCESS,36,36.0
0014,feature_5caBWmAHDcCQ,LIST_FEATURE_PARAMS_ERROR,36,36.0
0014,feature_3CSh3LRVobu7,SUCCESS,36,36.0
0014,feature_jkeS0N10RDAn,SUCCESS,36,36.0
0014,feature_7qCVo92BIECU,LIST_FEATURE_PARAMS_ERROR,36,36.0
0014,feature_9tl8mW2Gembc,LIST_FEATURE_PARAMS_ERROR,36,36.0
0014,feature_XtxCPW1x9QTU,SUCCESS,36,36.0
0014,feature_g43LuQcahzCJ,LIST_FEATURE_PARAMS_ERROR,34,34.0
0014,feature_cOkhRQVI91IV,SUCCESS,36,36.0
0014,feature_53Ck9TgChpTW,SUCCESS,36,0.0
0014,feature_Gwh0jqPAdVNL,SUCCESS,36,0.0
0014,feature_TLXI8MNiNglz,SUCCESS,27,27.0
0014,feature_Wg4dZ6VJBuTb,SUCCESS,36,0.0
0014,feature_IPwzfPamC8eW,SUCCESS,36,0.0
0014,feature_SdA1CjZvNCMG,SUCCESS,36,0.0
0014,feature_WxHUxqIN0IuS,SUCCESS,36,0.0
0014,feature_lydpDiga6SB9,SUCCESS,36,0.0
0014,feature_hspErCH8fSCE,SUCCESS,36,0.0
0014,feature_pf88qk27w76j,SUCCESS,36,0.0
0014,feature_r1bhlQnbfRHb,SUCCESS,36,0.0
0014,feature_n91JeGM6gD6i,SUCCESS,20,0.0
0014,feature_VItdlLjtEYnQ,SUCCESS,36,0.0
0014,feature_9EHsNcVBo6IN,SUCCESS,36,0.0
0014,feature_Ym70ZsfxQKSc,SUCCESS,36,0.0
0014,feature_e1Kmz7JqzsWc,COUNTER_FEATURE_CONDITION_MISS,27,0.0
0014,feature_nnsdzZLQKPZ7,SUCCESS,36,0.0
0014,feature_YkpmaKaJhcdG,SUCCESS,36,0.0
0014,feature_OE4u7WlFb1BT,SUCCESS,36,0.0
0014,feature_dqBHKec09Wwa,SUCCESS,36,0.0
0014,feature_AemrK847uPtt,COUNTER_FEATURE_DIMENSION_EMPTY,36,36.0
0014,feature_7DbBgowc2mEl,SUCCESS,36,0.0
0014,feature_dtoJoDcUgCcr,SUCCESS,36,0.0
0014,feature_JaT2oyzVtD0q,SUCCESS,36,0.0
0014,feature_bvE9FL19wqag,COUNTER_FEATURE_DIMENSION_EMPTY,36,36.0
0014,feature_TGPe0mjAPwR5,SUCCESS,36,0.0
0014,feature_UOJYBEifd5Jn,SUCCESS,36,0.0
0014,feature_KtSZtJ9w7f9r,SUCCESS,36,0.0
0014,feature_6qwgYPGGuJZ4,SUCCESS,36,0.0
0014,feature_TLXI8MNiNglz,THIRD_FEATURE_RECAPTCHA_TOKEN_EMPTY,9,0.0
0014,feature_e1Kmz7JqzsWc,SUCCESS,9,0.0
0014,feature_oxYJ6qJ3BAfv,SUCCESS,2,2.0
0014,feature_g43LuQcahzCJ,SUCCESS,2,2.0
0014,feature_n91JeGM6gD6i,COUNTER_FEATURE_CONDITION_MISS,16,0.0
