shard,scene_id,json_key,n_rows
0024,LKUS_push,extern,30
0024,LKUS_push,zeusId,30
0024,LKUS_push,message,30
0024,LKUS_push,sceneId,30
0024,LKUS_push,accessId,30
0024,LKUS_push,requestId,30
0024,LKUS_push,resultCode,30
0024,LKUS_push,resultName,30
0024,LKUS_push,ruleDetail,30
0024,LKUS_push,featureDetail,30
0024,LKUS_push,hitBreakStrategy,30
0024,LKUS_push,hitPreOnlineStrategy,29
0024,LKUS_push,bestPreOnlineStrategyId,29
0024,LKUS_register,extern,7
0024,LKUS_register,zeusId,7
0024,LKUS_register,message,7
0024,LKUS_register,sceneId,7
0024,LKUS_register,accessId,7
0024,LKUS_register,requestId,7
0024,LKUS_register,resultCode,7
0024,LKUS_register,resultName,7
0024,LKUS_register,ruleDetail,7
0024,LKUS_register,featureDetail,7
0024,LKUS_register,hitBreakStrategy,7
0024,LKUS_login,extern,31
0024,LKUS_login,zeusId,31
0024,LKUS_login,message,31
0024,LKUS_login,sceneId,31
0024,LKUS_login,accessId,31
0024,LKUS_login,requestId,31
0024,LKUS_login,resultCode,31
0024,LKUS_login,resultName,31
0024,LKUS_login,ruleDetail,31
0024,LKUS_login,hitStrategy,1
0024,LKUS_login,featureDetail,31
0024,LKUS_login,bestStrategyId,1
0024,LKUS_login,hitBreakStrategy,31
0024,LKUS_physical_order_create,extern,93
0024,LKUS_physical_order_create,zeusId,93
0024,LKUS_physical_order_create,message,93
0024,LKUS_physical_order_create,sceneId,93
0024,LKUS_physical_order_create,accessId,93
0024,LKUS_physical_order_create,requestId,93
0024,LKUS_physical_order_create,resultCode,93
0024,LKUS_physical_order_create,resultName,93
0024,LKUS_physical_order_create,ruleDetail,93
0024,LKUS_physical_order_create,hitStrategy,5
0024,LKUS_physical_order_create,featureDetail,93
0024,LKUS_physical_order_create,bestStrategyId,5
0024,LKUS_physical_order_create,hitBreakStrategy,93
0024,LKUS_payment,extern,93
0024,LKUS_payment,zeusId,93
0024,LKUS_payment,message,93
0024,LKUS_payment,sceneId,93
0024,LKUS_payment,accessId,93
0024,LKUS_payment,requestId,93
0024,LKUS_payment,resultCode,93
0024,LKUS_payment,resultName,93
0024,LKUS_payment,ruleDetail,93
0024,LKUS_payment,hitStrategy,5
0024,LKUS_payment,featureDetail,93
0024,LKUS_payment,bestStrategyId,5
0024,LKUS_payment,hitBreakStrategy,93
0024,LKUS_payment,hitPreOnlineStrategy,79
0024,LKUS_payment,bestPreOnlineStrategyId,79
0024,LKUS_push,hitStrategy,7
0024,LKUS_push,bestStrategyId,7
0024,LKUS_grant_new_user_coupon,extern,18
0024,LKUS_grant_new_user_coupon,zeusId,18
0024,LKUS_grant_new_user_coupon,message,18
0024,LKUS_grant_new_user_coupon,sceneId,18
0024,LKUS_grant_new_user_coupon,accessId,18
0024,LKUS_grant_new_user_coupon,requestId,18
0024,LKUS_grant_new_user_coupon,resultCode,18
0024,LKUS_grant_new_user_coupon,resultName,18
0024,LKUS_grant_new_user_coupon,ruleDetail,18
0024,LKUS_grant_new_user_coupon,featureDetail,18
0024,LKUS_grant_new_user_coupon,hitBreakStrategy,18
