shard,ny_date,feature_id,code,n,n_empty_value
0037,2026-08-27,feature_dqBHKec09Wwa,COUNTER_FEATURE_CONDITION_MISS,9,0.0
0037,2026-08-27,feature_n91JeGM6gD6i,COUNTER_FEATURE_CONDITION_MISS,8,0.0
0037,2026-08-27,feature_n91JeGM6gD6i,SUCCESS,1,0.0
0037,2026-08-28,feature_dqBHKec09Wwa,COUNTER_FEATURE_CONDITION_MISS,21,0.0
0037,2026-08-28,feature_n91JeGM6gD6i,SUCCESS,2,0.0
0037,2026-08-28,feature_n91JeGM6gD6i,COUNTER_FEATURE_CONDITION_MISS,20,0.0
0037,2026-08-28,feature_dqBHKec09Wwa,SUCCESS,1,0.0
0037,2026-08-29,feature_dqBHKec09Wwa,COUNTER_FEATURE_CONDITION_MISS,20,0.0
0037,2026-08-29,feature_n91JeGM6gD6i,SUCCESS,1,0.0
0037,2026-08-29,feature_n91JeGM6gD6i,COUNTER_FEATURE_CONDITION_MISS,19,0.0
0037,2026-08-30,feature_dqBHKec09Wwa,COUNTER_FEATURE_CONDITION_MISS,15,0.0
0037,2026-08-30,feature_n91JeGM6gD6i,COUNTER_FEATURE_CONDITION_MISS,14,0.0
0037,2026-08-30,feature_n91JeGM6gD6i,SUCCESS,1,0.0
0037,2026-08-31,feature_dqBHKec09Wwa,SUCCESS,6,0.0
0037,2026-08-31,feature_n91JeGM6gD6i,COUNTER_FEATURE_CONDITION_MISS,17,0.0
0037,2026-08-31,feature_dqBHKec09Wwa,COUNTER_FEATURE_CONDITION_MISS,14,0.0
0037,2026-08-31,feature_n91JeGM6gD6i,SUCCESS,3,0.0
0037,2026-09-01,feature_dqBHKec09Wwa,COUNTER_FEATURE_CONDITION_MISS,26,0.0
0037,2026-09-01,feature_n91JeGM6gD6i,SUCCESS,3,0.0
0037,2026-09-01,feature_n91JeGM6gD6i,COUNTER_FEATURE_CONDITION_MISS,25,0.0
0037,2026-09-01,feature_dqBHKec09Wwa,SUCCESS,2,0.0
0037,2026-09-02,feature_dqBHKec09Wwa,COUNTER_FEATURE_CONDITION_MISS,23,0.0
0037,2026-09-02,feature_n91JeGM6gD6i,SUCCESS,7,0.0
0037,2026-09-02,feature_n91JeGM6gD6i,COUNTER_FEATURE_CONDITION_MISS,17,0.0
0037,2026-09-02,feature_dqBHKec09Wwa,SUCCESS,1,0.0
0037,2026-09-03,feature_n91JeGM6gD6i,COUNTER_FEATURE_CONDITION_MISS,22,0.0
0037,2026-09-03,feature_dqBHKec09Wwa,COUNTER_FEATURE_CONDITION_MISS,24,0.0
0037,2026-09-03,feature_n91JeGM6gD6i,SUCCESS,4,0.0
0037,2026-09-03,feature_dqBHKec09Wwa,SUCCESS,2,0.0
0037,2026-09-04,feature_n91JeGM6gD6i,COUNTER_FEATURE_CONDITION_MISS,16,0.0
0037,2026-09-04,feature_dqBHKec09Wwa,COUNTER_FEATURE_CONDITION_MISS,47,0.0
0037,2026-09-04,feature_n91JeGM6gD6i,SUCCESS,32,0.0
0037,2026-09-04,feature_dqBHKec09Wwa,SUCCESS,1,0.0
0037,2026-09-05,feature_n91JeGM6gD6i,SUCCESS,53,0.0
0037,2026-09-05,feature_dqBHKec09Wwa,COUNTER_FEATURE_CONDITION_MISS,87,0.0
0037,2026-09-05,feature_dqBHKec09Wwa,SUCCESS,12,0.0
0037,2026-09-05,feature_n91JeGM6gD6i,COUNTER_FEATURE_CONDITION_MISS,46,0.0
0037,2026-09-06,feature_n91JeGM6gD6i,COUNTER_FEATURE_CONDITION_MISS,33,0.0
0037,2026-09-06,feature_dqBHKec09Wwa,COUNTER_FEATURE_CONDITION_MISS,74,0.0
0037,2026-09-06,feature_n91JeGM6gD6i,SUCCESS,45,0.0
0037,2026-09-06,feature_dqBHKec09Wwa,SUCCESS,4,0.0
0037,2026-09-07,feature_n91JeGM6gD6i,SUCCESS,86,0.0
0037,2026-09-07,feature_dqBHKec09Wwa,COUNTER_FEATURE_CONDITION_MISS,108,0.0
0037,2026-09-07,feature_dqBHKec09Wwa,SUCCESS,6,0.0
0037,2026-09-07,feature_n91JeGM6gD6i,COUNTER_FEATURE_CONDITION_MISS,28,0.0
0037,2026-09-08,feature_n91JeGM6gD6i,SUCCESS,89,0.0
0037,2026-09-08,feature_dqBHKec09Wwa,COUNTER_FEATURE_CONDITION_MISS,138,0.0
0037,2026-09-08,feature_n91JeGM6gD6i,COUNTER_FEATURE_CONDITION_MISS,62,0.0
0037,2026-09-08,feature_dqBHKec09Wwa,SUCCESS,13,0.0
0037,2026-09-09,feature_n91JeGM6gD6i,COUNTER_FEATURE_CONDITION_MISS,43,0.0
0037,2026-09-09,feature_dqBHKec09Wwa,COUNTER_FEATURE_CONDITION_MISS,196,0.0
0037,2026-09-09,feature_n91JeGM6gD6i,SUCCESS,168,0.0
0037,2026-09-09,feature_dqBHKec09Wwa,SUCCESS,15,0.0
0037,2026-09-10,feature_n91JeGM6gD6i,SUCCESS,54,0.0
0037,2026-09-10,feature_dqBHKec09Wwa,COUNTER_FEATURE_CONDITION_MISS,89,0.0
0037,2026-09-10,feature_n91JeGM6gD6i,COUNTER_FEATURE_CONDITION_MISS,47,0.0
0037,2026-09-10,feature_dqBHKec09Wwa,SUCCESS,12,0.0
0037,2026-09-11,feature_dqBHKec09Wwa,COUNTER_FEATURE_CONDITION_MISS,106,0.0
0037,2026-09-11,feature_n91JeGM6gD6i,SUCCESS,68,0.0
0037,2026-09-11,feature_n91JeGM6gD6i,COUNTER_FEATURE_CONDITION_MISS,48,0.0
0037,2026-09-11,feature_dqBHKec09Wwa,SUCCESS,10,0.0
0037,2026-09-12,feature_n91JeGM6gD6i,SUCCESS,114,0.0
0037,2026-09-12,feature_dqBHKec09Wwa,COUNTER_FEATURE_CONDITION_MISS,158,0.0
0037,2026-09-12,feature_n91JeGM6gD6i,COUNTER_FEATURE_CONDITION_MISS,70,0.0
0037,2026-09-12,feature_dqBHKec09Wwa,SUCCESS,26,0.0
0037,2026-09-13,feature_n91JeGM6gD6i,SUCCESS,67,0.0
0037,2026-09-13,feature_dqBHKec09Wwa,COUNTER_FEATURE_CONDITION_MISS,60,0.0
0037,2026-09-13,feature_n91JeGM6gD6i,COUNTER_FEATURE_CONDITION_MISS,12,0.0
0037,2026-09-13,feature_dqBHKec09Wwa,SUCCESS,19,0.0
0037,2026-09-13,feature_e1Kmz7JqzsWc,COUNTER_FEATURE_PARAMS_ERROR,62,62.0
0037,2026-09-14,feature_e1Kmz7JqzsWc,COUNTER_FEATURE_PARAMS_ERROR,54,54.0
0037,2026-09-14,feature_dqBHKec09Wwa,SUCCESS,11,0.0
0037,2026-09-14,feature_n91JeGM6gD6i,SUCCESS,34,0.0
0037,2026-09-14,feature_dqBHKec09Wwa,COUNTER_FEATURE_CONDITION_MISS,43,0.0
0037,2026-09-14,feature_n91JeGM6gD6i,COUNTER_FEATURE_CONDITION_MISS,20,0.0
0037,2026-09-15,feature_n91JeGM6gD6i,SUCCESS,75,0.0
0037,2026-09-15,feature_dqBHKec09Wwa,COUNTER_FEATURE_CONDITION_MISS,91,0.0
0037,2026-09-15,feature_e1Kmz7JqzsWc,COUNTER_FEATURE_PARAMS_ERROR,111,111.0
0037,2026-09-15,feature_dqBHKec09Wwa,SUCCESS,20,0.0
0037,2026-09-15,feature_n91JeGM6gD6i,COUNTER_FEATURE_CONDITION_MISS,36,0.0
0037,2026-09-16,feature_dqBHKec09Wwa,COUNTER_FEATURE_CONDITION_MISS,107,0.0
0037,2026-09-16,feature_e1Kmz7JqzsWc,COUNTER_FEATURE_PARAMS_ERROR,123,123.0
0037,2026-09-16,feature_n91JeGM6gD6i,SUCCESS,87,0.0
0037,2026-09-16,feature_dqBHKec09Wwa,SUCCESS,16,0.0
0037,2026-09-16,feature_n91JeGM6gD6i,COUNTER_FEATURE_CONDITION_MISS,36,0.0
0037,2026-09-17,feature_dqBHKec09Wwa,COUNTER_FEATURE_CONDITION_MISS,68,0.0
0037,2026-09-17,feature_e1Kmz7JqzsWc,COUNTER_FEATURE_PARAMS_ERROR,78,78.0
0037,2026-09-17,feature_n91JeGM6gD6i,SUCCESS,41,0.0
0037,2026-09-17,feature_dqBHKec09Wwa,SUCCESS,10,0.0
0037,2026-09-17,feature_n91JeGM6gD6i,COUNTER_FEATURE_CONDITION_MISS,37,0.0
0037,2026-09-18,feature_dqBHKec09Wwa,COUNTER_FEATURE_CONDITION_MISS,52,0.0
0037,2026-09-18,feature_e1Kmz7JqzsWc,COUNTER_FEATURE_PARAMS_ERROR,63,63.0
0037,2026-09-18,feature_n91JeGM6gD6i,COUNTER_FEATURE_CONDITION_MISS,35,0.0
0037,2026-09-18,feature_n91JeGM6gD6i,SUCCESS,28,0.0
0037,2026-09-18,feature_dqBHKec09Wwa,SUCCESS,11,0.0
0037,2026-09-18,feature_AemrK847uPtt,SUCCESS,4,0.0
0037,2026-09-18,feature_bvE9FL19wqag,SUCCESS,4,0.0
0037,2026-09-19,feature_bvE9FL19wqag,SUCCESS,93,0.0
0037,2026-09-19,feature_e1Kmz7JqzsWc,COUNTER_FEATURE_PARAMS_ERROR,95,95.0
0037,2026-09-19,feature_n91JeGM6gD6i,COUNTER_FEATURE_CONDITION_MISS,34,0.0
0037,2026-09-19,feature_AemrK847uPtt,SUCCESS,93,0.0
0037,2026-09-19,feature_dqBHKec09Wwa,COUNTER_FEATURE_CONDITION_MISS,85,0.0
0037,2026-09-19,feature_n91JeGM6gD6i,SUCCESS,61,0.0
0037,2026-09-19,feature_dqBHKec09Wwa,SUCCESS,10,0.0
0037,2026-09-19,feature_AemrK847uPtt,COUNTER_FEATURE_DIMENSION_EMPTY,2,2.0
0037,2026-09-19,feature_bvE9FL19wqag,COUNTER_FEATURE_DIMENSION_EMPTY,2,2.0
0037,2026-09-20,feature_e1Kmz7JqzsWc,COUNTER_FEATURE_PARAMS_ERROR,50,50.0
0037,2026-09-20,feature_n91JeGM6gD6i,SUCCESS,31,0.0
0037,2026-09-20,feature_dqBHKec09Wwa,SUCCESS,5,0.0
0037,2026-09-20,feature_AemrK847uPtt,COUNTER_FEATURE_DIMENSION_EMPTY,50,50.0
0037,2026-09-20,feature_bvE9FL19wqag,COUNTER_FEATURE_DIMENSION_EMPTY,50,50.0
0037,2026-09-20,feature_dqBHKec09Wwa,COUNTER_FEATURE_CONDITION_MISS,45,0.0
0037,2026-09-20,feature_n91JeGM6gD6i,COUNTER_FEATURE_CONDITION_MISS,19,0.0
0037,2026-09-21,feature_AemrK847uPtt,COUNTER_FEATURE_DIMENSION_EMPTY,60,60.0
0037,2026-09-21,feature_bvE9FL19wqag,COUNTER_FEATURE_DIMENSION_EMPTY,60,60.0
0037,2026-09-21,feature_e1Kmz7JqzsWc,COUNTER_FEATURE_PARAMS_ERROR,60,60.0
0037,2026-09-21,feature_n91JeGM6gD6i,SUCCESS,25,0.0
0037,2026-09-21,feature_dqBHKec09Wwa,COUNTER_FEATURE_CONDITION_MISS,51,0.0
0037,2026-09-21,feature_n91JeGM6gD6i,COUNTER_FEATURE_CONDITION_MISS,35,0.0
0037,2026-09-21,feature_dqBHKec09Wwa,SUCCESS,9,0.0
0037,2026-09-22,feature_e1Kmz7JqzsWc,COUNTER_FEATURE_PARAMS_ERROR,86,86.0
0037,2026-09-22,feature_n91JeGM6gD6i,SUCCESS,66,0.0
0037,2026-09-22,feature_dqBHKec09Wwa,COUNTER_FEATURE_CONDITION_MISS,74,0.0
0037,2026-09-22,feature_AemrK847uPtt,COUNTER_FEATURE_DIMENSION_EMPTY,86,86.0
0037,2026-09-22,feature_bvE9FL19wqag,COUNTER_FEATURE_DIMENSION_EMPTY,86,86.0
0037,2026-09-22,feature_n91JeGM6gD6i,COUNTER_FEATURE_CONDITION_MISS,20,0.0
0037,2026-09-22,feature_dqBHKec09Wwa,SUCCESS,12,0.0
0037,2026-09-23,feature_AemrK847uPtt,COUNTER_FEATURE_DIMENSION_EMPTY,72,72.0
0037,2026-09-23,feature_bvE9FL19wqag,COUNTER_FEATURE_DIMENSION_EMPTY,72,72.0
0037,2026-09-23,feature_e1Kmz7JqzsWc,COUNTER_FEATURE_PARAMS_ERROR,72,72.0
0037,2026-09-23,feature_n91JeGM6gD6i,COUNTER_FEATURE_CONDITION_MISS,33,0.0
0037,2026-09-23,feature_dqBHKec09Wwa,COUNTER_FEATURE_CONDITION_MISS,63,0.0
0037,2026-09-23,feature_n91JeGM6gD6i,SUCCESS,39,0.0
0037,2026-09-23,feature_dqBHKec09Wwa,SUCCESS,9,0.0
0037,2026-09-24,feature_AemrK847uPtt,COUNTER_FEATURE_DIMENSION_EMPTY,56,56.0
0037,2026-09-24,feature_bvE9FL19wqag,COUNTER_FEATURE_DIMENSION_EMPTY,56,56.0
0037,2026-09-24,feature_e1Kmz7JqzsWc,COUNTER_FEATURE_PARAMS_ERROR,7,7.0
0037,2026-09-24,feature_n91JeGM6gD6i,COUNTER_FEATURE_CONDITION_MISS,26,0.0
0037,2026-09-24,feature_dqBHKec09Wwa,SUCCESS,50,0.0
0037,2026-09-24,feature_n91JeGM6gD6i,SUCCESS,30,0.0
0037,2026-09-24,feature_dqBHKec09Wwa,COUNTER_FEATURE_CONDITION_MISS,6,0.0
0037,2026-09-24,feature_e1Kmz7JqzsWc,COUNTER_FEATURE_CONDITION_MISS,44,0.0
0037,2026-09-24,feature_e1Kmz7JqzsWc,SUCCESS,5,0.0
0037,2026-09-25,feature_n91JeGM6gD6i,SUCCESS,39,0.0
0037,2026-09-25,feature_e1Kmz7JqzsWc,COUNTER_FEATURE_CONDITION_MISS,62,0.0
0037,2026-09-25,feature_dqBHKec09Wwa,SUCCESS,67,0.0
0037,2026-09-25,feature_AemrK847uPtt,COUNTER_FEATURE_DIMENSION_EMPTY,67,67.0
0037,2026-09-25,feature_bvE9FL19wqag,COUNTER_FEATURE_DIMENSION_EMPTY,67,67.0
0037,2026-09-25,feature_e1Kmz7JqzsWc,SUCCESS,5,0.0
0037,2026-09-25,feature_n91JeGM6gD6i,COUNTER_FEATURE_CONDITION_MISS,28,0.0
