shard,ny_date,cid,app,cid_origin,result_col,n
0006,2026-09-19,105,iusluckyclientandroid,MEM_ANDROID_US,REJECT,43
0006,2026-09-19,105,iusluckyclientandroid,MEM_ANDROID_US,PASS,26
0006,2026-09-19,106,iusluckyclientios,MEM_IOS_US,PASS,25
0006,2026-09-19,105,<absent>,MEM_ANDROID_US,REJECT,1
0006,2026-09-19,702,<absent>,SELF_SERVICE_MACHINE_US,PASS,4
0006,2026-09-19,108,<absent>,MEM_H5_US,PASS,4
0006,2026-09-19,105,<absent>,MEM_ANDROID_US,PASS,2
0006,2026-09-20,105,iusluckyclientandroid,MEM_ANDROID_US,PASS,14
0006,2026-09-20,105,iusluckyclientandroid,MEM_ANDROID_US,REJECT,23
0006,2026-09-20,105,<absent>,MEM_ANDROID_US,PASS,1
0006,2026-09-20,108,<absent>,MEM_H5_US,PASS,4
0006,2026-09-20,106,iusluckyclientios,MEM_IOS_US,PASS,4
0006,2026-09-20,702,<absent>,SELF_SERVICE_MACHINE_US,PASS,1
0006,2026-09-21,105,iusluckyclientandroid,MEM_ANDROID_US,PASS,32
0006,2026-09-21,105,iusluckyclientandroid,MEM_ANDROID_US,REJECT,43
0006,2026-09-21,106,iusluckyclientios,MEM_IOS_US,PASS,8
0006,2026-09-21,105,<absent>,MEM_ANDROID_US,PASS,5
0006,2026-09-22,105,iusluckyclientandroid,MEM_ANDROID_US,PASS,26
0006,2026-09-22,105,iusluckyclientandroid,MEM_ANDROID_US,REJECT,30
0006,2026-09-22,106,iusluckyclientios,MEM_IOS_US,PASS,9
0006,2026-09-22,108,<absent>,MEM_H5_US,PASS,2
0006,2026-09-22,702,<absent>,SELF_SERVICE_MACHINE_US,PASS,1
0006,2026-09-22,106,<absent>,MEM_IOS_US,PASS,1
0006,2026-09-23,105,iusluckyclientandroid,MEM_ANDROID_US,PASS,17
0006,2026-09-23,105,iusluckyclientandroid,MEM_ANDROID_US,REJECT,14
0006,2026-09-23,106,iusluckyclientios,MEM_IOS_US,PASS,16
0006,2026-09-23,108,<absent>,MEM_H5_US,PASS,4
0006,2026-09-24,105,iusluckyclientandroid,MEM_ANDROID_US,REJECT,24
0006,2026-09-24,105,iusluckyclientandroid,MEM_ANDROID_US,PASS,21
0006,2026-09-24,105,<absent>,MEM_ANDROID_US,REJECT,2
0006,2026-09-24,108,<absent>,MEM_H5_US,PASS,2
0006,2026-09-24,106,iusluckyclientios,MEM_IOS_US,PASS,17
0006,2026-09-24,702,<absent>,SELF_SERVICE_MACHINE_US,PASS,1
0006,2026-09-25,105,iusluckyclientandroid,MEM_ANDROID_US,REJECT,11
0006,2026-09-25,105,iusluckyclientandroid,MEM_ANDROID_US,PASS,2
0006,2026-09-25,106,iusluckyclientios,MEM_IOS_US,PASS,10
0006,2026-09-25,105,<absent>,MEM_ANDROID_US,REJECT,3
0006,2026-09-25,108,<absent>,MEM_H5_US,PASS,1
0006,2026-09-25,702,<absent>,SELF_SERVICE_MACHINE_US,PASS,1
