shard,ny_date,cc_group,result_col,para_valid,email_key,email_nonempty,email_col_nonempty,phone_key_nonempty,phone_col_nonempty,n,n_distinct_sharding_key,n_sk_eq_fullphone
0052,2026-06-01,+1,PASS,1,0,0,0,1,1,17,16,
0052,2026-06-01,+86,PASS,1,0,0,0,1,1,1,1,
0052,2026-06-02,+1,PASS,1,0,0,0,1,1,18,15,
0052,2026-06-02,+1,REVIEW,1,0,0,0,1,1,1,1,
0052,2026-06-02,other,REJECT,1,0,0,0,1,1,13,1,
0052,2026-06-03,+1,PASS,1,0,0,0,1,1,28,27,
0052,2026-06-04,+1,PASS,1,0,0,0,1,1,30,27,
0052,2026-06-04,other,REJECT,1,0,0,0,1,1,4,1,
0052,2026-06-04,other,REVIEW,1,0,0,0,1,1,1,1,
0052,2026-06-05,+1,PASS,1,0,0,0,1,1,21,18,
0052,2026-06-05,+86,PASS,1,0,0,0,1,1,1,1,
0052,2026-06-05,other,PASS,1,0,0,0,1,1,1,1,
0052,2026-06-05,other,REVIEW,1,0,0,0,1,1,1,1,
0052,2026-06-06,+1,PASS,1,0,0,0,1,1,26,26,
0052,2026-06-06,+86,PASS,1,0,0,0,1,1,1,1,
0052,2026-06-07,+1,PASS,1,0,0,0,1,1,23,21,
0052,2026-06-07,other,REJECT,1,0,0,0,1,1,4,2,
0052,2026-06-08,+1,PASS,1,0,0,0,1,1,12,12,
0052,2026-06-08,other,REJECT,1,0,0,0,1,1,3,1,
0052,2026-06-09,+1,PASS,1,0,0,0,1,1,29,26,
0052,2026-06-10,+1,PASS,1,0,0,0,1,1,23,22,
0052,2026-06-11,+1,PASS,1,0,0,0,1,1,23,21,
0052,2026-06-12,+1,PASS,1,0,0,0,1,1,17,17,
0052,2026-06-12,+86,PASS,1,0,0,0,1,1,2,1,
0052,2026-06-12,other,PASS,1,0,0,0,1,1,2,1,
0052,2026-06-12,other,REVIEW,1,0,0,0,1,1,1,1,
0052,2026-06-13,+1,PASS,1,0,0,0,1,1,25,23,
0052,2026-06-14,+1,PASS,1,0,0,0,1,1,23,23,
0052,2026-06-14,other,REJECT,1,0,0,0,1,1,4,2,
0052,2026-06-14,other,REVIEW,1,0,0,0,1,1,1,1,
0052,2026-06-15,+1,PASS,1,0,0,0,1,1,30,21,
0052,2026-06-16,+1,PASS,1,0,0,0,1,1,21,16,
0052,2026-06-17,+1,PASS,1,0,0,0,1,1,22,20,
0052,2026-06-17,+1,REVIEW,1,0,0,0,1,1,1,1,
0052,2026-06-17,other,PASS,1,0,0,0,1,1,1,1,
0052,2026-06-17,other,REVIEW,1,0,0,0,1,1,1,1,
0052,2026-06-18,+1,PASS,1,0,0,0,1,1,15,15,
0052,2026-06-18,+86,PASS,1,0,0,0,1,1,1,1,
0052,2026-06-18,other,REVIEW,1,0,0,0,1,1,1,1,
0052,2026-06-19,+1,PASS,1,0,0,0,1,1,26,18,
0052,2026-06-19,+1,REVIEW,1,0,0,0,1,1,1,1,
0052,2026-06-20,+1,PASS,1,0,0,0,1,1,19,17,
0052,2026-06-21,+1,PASS,1,0,0,0,1,1,16,15,
0052,2026-06-22,+1,PASS,1,0,0,0,1,1,10,10,
0052,2026-06-23,+1,PASS,1,0,0,0,1,1,12,11,
0052,2026-06-23,other,PASS,1,0,0,0,1,1,1,1,
0052,2026-06-23,other,REJECT,1,0,0,0,1,1,2,1,
0052,2026-06-23,other,REVIEW,1,0,0,0,1,1,1,1,
0052,2026-06-24,+1,PASS,1,0,0,0,1,1,21,18,
0052,2026-06-24,other,PASS,1,0,0,0,1,1,1,1,
0052,2026-06-24,other,REVIEW,1,0,0,0,1,1,1,1,
0052,2026-06-25,+1,PASS,1,0,0,0,1,1,22,17,
0052,2026-06-26,+1,PASS,1,0,0,0,1,1,11,10,
0052,2026-06-26,+86,PASS,1,0,0,0,1,1,1,1,
0052,2026-06-27,+1,PASS,1,0,0,0,1,1,16,13,
0052,2026-06-27,other,PASS,1,0,0,0,1,1,1,1,
0052,2026-06-27,other,REVIEW,1,0,0,0,1,1,1,1,
0052,2026-06-28,+1,PASS,1,0,0,0,1,1,18,17,
0052,2026-06-28,other,REJECT,1,0,0,0,1,1,9,3,
0052,2026-06-29,+1,PASS,1,0,0,0,1,1,9,8,
0052,2026-06-30,+1,PASS,1,0,0,0,1,1,17,17,
0052,2026-06-30,other,REJECT,1,0,0,0,1,1,3,1,
0052,2026-07-01,+1,PASS,1,0,0,0,1,1,12,12,
0052,2026-07-01,other,PASS,1,0,0,0,1,1,2,1,
0052,2026-07-01,other,REVIEW,1,0,0,0,1,1,1,1,
0052,2026-07-02,+1,PASS,1,0,0,0,1,1,25,22,
0052,2026-07-03,+1,PASS,1,0,0,0,1,1,12,11,
0052,2026-07-03,+86,PASS,1,0,0,0,1,1,2,1,
0052,2026-07-04,+1,PASS,1,0,0,0,1,1,17,12,
0052,2026-07-05,+1,PASS,1,0,0,0,1,1,12,9,
0052,2026-07-06,+1,PASS,1,0,0,0,1,1,8,7,
0052,2026-07-06,other,REJECT,1,0,0,0,1,1,6,1,
0052,2026-07-07,+1,PASS,1,0,0,0,1,1,12,12,
0052,2026-07-08,+1,PASS,1,0,0,0,1,1,35,28,
0052,2026-07-08,other,REJECT,1,0,0,0,1,1,13,2,
0052,2026-07-08,other,REVIEW,1,0,0,0,1,1,3,2,
0052,2026-07-09,+1,PASS,1,0,0,0,1,1,18,17,
0052,2026-07-10,+1,PASS,1,0,0,0,1,1,12,12,
0052,2026-07-10,other,REJECT,1,0,0,0,1,1,3,3,
0052,2026-07-11,+1,PASS,1,0,0,0,1,1,12,12,
0052,2026-07-12,+1,PASS,1,0,0,0,1,1,14,13,
0052,2026-07-12,other,PASS,1,0,0,0,1,1,1,1,
0052,2026-07-12,other,REVIEW,1,0,0,0,1,1,1,1,
0052,2026-07-13,+1,PASS,1,0,0,0,1,1,6,5,
0052,2026-07-13,other,REJECT,1,0,0,0,1,1,6,1,
0052,2026-07-14,+1,PASS,1,0,0,0,1,1,19,16,
0052,2026-07-14,+1,PASS,1,1,1,1,1,1,1,1,
0052,2026-07-15,+1,PASS,1,0,0,0,1,1,16,15,
0052,2026-07-16,+1,PASS,1,0,0,0,1,1,15,14,
0052,2026-07-17,+1,PASS,1,0,0,0,1,1,16,16,
0052,2026-07-17,other,PASS,1,0,0,0,1,1,4,2,
0052,2026-07-17,other,REVIEW,1,0,0,0,1,1,2,2,
0052,2026-07-18,+1,PASS,1,0,0,0,1,1,11,11,
0052,2026-07-19,+1,PASS,1,0,0,0,1,1,14,12,
0052,2026-07-20,+1,PASS,1,0,0,0,1,1,25,21,
0052,2026-07-21,+1,PASS,1,0,0,0,1,1,13,11,
0052,2026-07-22,+1,PASS,1,0,0,0,1,1,16,15,
0052,2026-07-22,other,PASS,1,0,0,0,1,1,1,1,
0052,2026-07-22,other,REVIEW,1,0,0,0,1,1,1,1,
0052,2026-07-23,+1,PASS,1,0,0,0,1,1,26,21,
0052,2026-07-23,+86,PASS,1,0,0,0,1,1,2,1,
0052,2026-07-23,other,REJECT,1,0,0,0,1,1,6,1,
0052,2026-07-24,+1,PASS,1,0,0,0,1,1,25,21,
0052,2026-07-24,+1,REVIEW,1,0,0,0,1,1,1,1,
0052,2026-07-24,+86,PASS,1,0,0,0,1,1,2,1,
0052,2026-07-24,other,REJECT,1,0,0,0,1,1,6,3,
0052,2026-07-25,+1,PASS,1,0,0,0,1,1,23,19,
0052,2026-07-26,+1,PASS,1,0,0,0,1,1,21,18,
0052,2026-07-26,other,REJECT,1,0,0,0,1,1,6,1,
0052,2026-07-27,+1,PASS,1,0,0,0,1,1,19,18,
0052,2026-07-27,other,PASS,1,0,0,0,1,1,3,2,
0052,2026-07-27,other,REVIEW,1,0,0,0,1,1,2,2,
0052,2026-07-28,+1,PASS,1,0,0,0,1,1,20,11,
0052,2026-07-29,+1,PASS,1,0,0,0,1,1,22,14,
0052,2026-07-30,+1,PASS,1,0,0,0,1,1,8,8,
0052,2026-07-30,other,PASS,1,0,0,0,1,1,2,1,
0052,2026-07-30,other,REJECT,1,0,0,0,1,1,2,1,
0052,2026-07-30,other,REVIEW,1,0,0,0,1,1,1,1,
0052,2026-07-31,+1,PASS,1,0,0,0,1,1,9,9,
0052,2026-07-31,other,PASS,1,0,0,0,1,1,2,2,
0052,2026-07-31,other,REVIEW,1,0,0,0,1,1,2,2,
0052,2026-08-01,+1,PASS,1,0,0,0,1,1,26,24,
0052,2026-08-01,other,REJECT,1,0,0,0,1,1,5,1,
0052,2026-08-02,+1,PASS,1,0,0,0,1,1,20,19,
0052,2026-08-02,+86,PASS,1,0,0,0,1,1,2,2,
0052,2026-08-02,other,PASS,1,0,0,0,1,1,1,1,
0052,2026-08-02,other,REVIEW,1,0,0,0,1,1,1,1,
0052,2026-08-03,+1,PASS,1,0,0,0,1,1,16,14,
0052,2026-08-03,other,REJECT,1,0,0,0,1,1,6,1,
0052,2026-08-04,+1,PASS,1,0,0,0,1,1,18,16,
0052,2026-08-04,other,REJECT,1,0,0,0,1,1,2,1,
0052,2026-08-05,+1,PASS,1,0,0,0,1,1,16,16,
0052,2026-08-06,+1,PASS,1,0,0,0,1,1,15,14,
0052,2026-08-07,+1,PASS,1,0,0,0,1,1,8,7,
0052,2026-08-08,+1,PASS,1,0,0,0,1,1,16,14,
0052,2026-08-09,+1,PASS,1,0,0,0,1,1,13,12,
0052,2026-08-09,+86,PASS,1,0,0,0,1,1,2,2,
0052,2026-08-09,other,REJECT,1,0,0,0,1,1,1,1,
0052,2026-08-10,+1,PASS,1,0,0,0,1,1,9,9,
0052,2026-08-11,+1,PASS,1,0,0,0,1,1,23,18,
0052,2026-08-12,+1,PASS,1,0,0,0,1,1,13,11,
0052,2026-08-12,+86,PASS,1,0,0,0,1,1,1,1,
0052,2026-08-12,other,REJECT,1,0,0,0,1,1,4,1,
0052,2026-08-13,+1,PASS,1,0,0,0,1,1,27,21,
0052,2026-08-13,other,PASS,1,0,0,0,1,1,3,3,
0052,2026-08-13,other,REJECT,1,0,0,0,1,1,1,1,
0052,2026-08-14,+1,PASS,1,0,0,0,1,1,15,12,
0052,2026-08-14,+86,PASS,1,0,0,0,1,1,1,1,
0052,2026-08-14,other,PASS,1,0,0,0,1,1,1,1,
0052,2026-08-15,+1,PASS,1,0,0,0,1,1,15,12,
0052,2026-08-15,other,PASS,1,0,0,0,1,1,3,2,
0052,2026-08-16,+1,PASS,1,0,0,0,1,1,17,17,
0052,2026-08-16,+86,PASS,1,0,0,0,1,1,1,1,
0052,2026-08-16,other,REJECT,1,0,0,0,1,1,2,1,
0052,2026-08-17,+1,PASS,1,0,0,0,1,1,8,8,
0052,2026-08-17,other,PASS,1,0,0,0,1,1,1,1,
0052,2026-08-17,other,REJECT,1,0,0,0,1,1,1,1,
0052,2026-08-18,+1,PASS,1,0,0,0,1,1,15,13,15.0
0052,2026-08-19,+1,PASS,1,0,0,0,1,1,17,15,17.0
0052,2026-08-19,+86,PASS,1,0,0,0,1,1,1,1,1.0
0052,2026-08-19,other,PASS,1,0,0,0,1,1,4,2,4.0
0052,2026-08-19,other,REJECT,1,0,0,0,1,1,1,1,1.0
0052,2026-08-19,other,REVIEW,1,0,0,0,1,1,1,1,1.0
0052,2026-08-20,+1,PASS,1,0,0,0,1,1,9,9,9.0
0052,2026-08-20,+86,PASS,1,0,0,0,1,1,1,1,1.0
0052,2026-08-20,other,REJECT,1,0,0,0,1,1,2,2,2.0
0052,2026-08-21,+1,PASS,1,0,0,0,1,1,17,13,17.0
0052,2026-08-21,+86,PASS,1,0,0,0,1,1,2,1,2.0
0052,2026-08-21,other,PASS,1,0,0,0,1,1,6,5,6.0
0052,2026-08-21,other,REJECT,1,0,0,0,1,1,1,1,1.0
0052,2026-08-22,+1,PASS,1,0,0,0,1,1,13,13,13.0
0052,2026-08-23,+1,PASS,1,0,0,0,1,1,9,8,9.0
0052,2026-08-23,other,PASS,1,0,0,0,1,1,2,1,2.0
0052,2026-08-23,other,REVIEW,1,0,0,0,1,1,1,1,1.0
0052,2026-08-24,+1,PASS,1,0,0,0,1,1,17,16,17.0
0052,2026-08-25,+1,PASS,1,0,0,0,1,1,17,14,17.0
0052,2026-08-25,+86,PASS,1,0,0,0,1,1,1,1,1.0
0052,2026-08-26,+1,PASS,1,0,0,0,1,1,15,11,15.0
0052,2026-08-26,other,PASS,1,0,0,0,1,1,1,1,1.0
0052,2026-08-26,other,REJECT,1,0,0,0,1,1,1,1,1.0
0052,2026-08-27,+1,PASS,1,0,0,0,1,1,9,5,9.0
0052,2026-08-27,+86,PASS,1,0,0,0,1,1,1,1,1.0
0052,2026-08-27,other,REJECT,1,0,0,0,1,1,1,1,1.0
0052,2026-08-28,+1,PASS,1,0,0,0,1,1,13,12,13.0
0052,2026-08-28,other,PASS,1,0,0,0,1,1,1,1,1.0
0052,2026-08-29,+1,PASS,1,0,0,0,1,1,21,18,21.0
0052,2026-08-29,other,REJECT,1,0,0,0,1,1,1,1,1.0
0052,2026-08-30,+1,PASS,1,0,0,0,1,1,14,13,14.0
0052,2026-08-30,other,PASS,1,0,0,0,1,1,1,1,1.0
0052,2026-08-31,+1,PASS,1,0,0,0,1,1,12,9,12.0
0052,2026-09-01,+1,PASS,1,0,0,0,1,1,19,18,19.0
0052,2026-09-02,+1,PASS,1,0,0,0,1,1,17,12,17.0
0052,2026-09-02,other,PASS,1,0,0,0,1,1,1,1,1.0
0052,2026-09-02,other,REJECT,1,0,0,0,1,1,1,1,1.0
0052,2026-09-03,+1,PASS,1,0,0,0,1,1,20,15,20.0
0052,2026-09-03,other,PASS,1,0,0,0,1,1,3,3,3.0
0052,2026-09-03,other,REJECT,1,0,0,0,1,1,2,2,2.0
0052,2026-09-04,+1,PASS,1,0,0,0,1,1,27,21,27.0
0052,2026-09-04,other,PASS,1,0,0,0,1,1,42,14,42.0
0052,2026-09-04,other,REJECT,1,0,0,0,1,1,24,13,24.0
0052,2026-09-04,other,REVIEW,1,0,0,0,1,1,1,1,1.0
0052,2026-09-05,+1,PASS,1,0,0,0,1,1,24,21,24.0
0052,2026-09-05,other,PASS,1,0,0,0,1,1,50,22,50.0
0052,2026-09-05,other,REJECT,1,0,0,0,1,1,58,24,58.0
0052,2026-09-06,+1,PASS,1,0,0,0,1,1,20,19,20.0
0052,2026-09-06,other,PASS,1,0,0,0,1,1,63,41,63.0
0052,2026-09-06,other,REJECT,1,0,0,0,1,1,50,23,50.0
0052,2026-09-07,+1,PASS,1,0,0,0,1,1,10,8,10.0
0052,2026-09-07,other,PASS,1,0,0,0,1,1,28,18,28.0
0052,2026-09-07,other,REJECT,1,0,0,0,1,1,52,22,52.0
0052,2026-09-08,+1,PASS,1,0,0,0,1,1,26,24,26.0
0052,2026-09-08,other,PASS,1,0,0,0,1,1,56,35,56.0
0052,2026-09-08,other,REJECT,1,0,0,0,1,1,55,27,55.0
0052,2026-09-09,+1,PASS,1,0,0,0,1,1,38,20,38.0
0052,2026-09-09,+1,REJECT,1,0,0,0,1,1,17,1,17.0
0052,2026-09-09,other,PASS,1,0,0,0,1,1,59,32,59.0
0052,2026-09-09,other,REJECT,1,0,0,0,1,1,39,24,39.0
0052,2026-09-09,other,REVIEW,1,0,0,0,1,1,1,1,1.0
0052,2026-09-10,+1,PASS,1,0,0,0,1,1,30,21,30.0
0052,2026-09-10,+1,REJECT,1,0,0,0,1,1,10,1,10.0
0052,2026-09-10,other,PASS,1,0,0,0,1,1,39,29,39.0
0052,2026-09-10,other,REJECT,1,0,0,0,1,1,80,30,80.0
0052,2026-09-11,+1,PASS,1,0,0,0,1,1,23,20,23.0
0052,2026-09-11,other,PASS,1,0,0,0,1,1,23,15,23.0
0052,2026-09-11,other,REJECT,1,0,0,0,1,1,70,21,70.0
0052,2026-09-11,other,REVIEW,1,0,0,0,1,1,1,1,1.0
0052,2026-09-12,+1,PASS,1,0,0,0,1,1,26,23,26.0
0052,2026-09-12,other,PASS,1,0,0,0,1,1,29,10,29.0
0052,2026-09-12,other,REJECT,1,0,0,0,1,1,45,22,45.0
0052,2026-09-13,+1,PASS,1,0,0,0,1,1,12,12,12.0
0052,2026-09-13,+86,PASS,1,0,0,0,1,1,1,1,1.0
0052,2026-09-13,other,PASS,1,0,0,0,1,1,23,15,23.0
0052,2026-09-13,other,REJECT,1,0,0,0,1,1,51,15,51.0
0052,2026-09-14,+1,PASS,1,0,0,0,1,1,14,13,14.0
0052,2026-09-14,other,PASS,1,0,0,0,1,1,21,12,21.0
0052,2026-09-14,other,REJECT,1,0,0,0,1,1,47,15,47.0
0052,2026-09-14,other,REVIEW,1,0,0,0,1,1,1,1,1.0
0052,2026-09-15,+1,PASS,1,0,0,0,1,1,19,17,19.0
0052,2026-09-15,other,PASS,1,0,0,0,1,1,14,11,14.0
0052,2026-09-15,other,REJECT,1,0,0,0,1,1,51,18,51.0
0052,2026-09-16,+1,PASS,1,0,0,0,1,1,25,22,25.0
0052,2026-09-16,other,PASS,1,0,0,0,1,1,24,12,24.0
0052,2026-09-16,other,REJECT,1,0,0,0,1,1,38,15,38.0
0052,2026-09-17,+1,PASS,1,0,0,0,1,1,21,14,21.0
0052,2026-09-17,other,PASS,1,0,0,0,1,1,22,17,22.0
0052,2026-09-17,other,REJECT,1,0,0,0,1,1,43,15,43.0
0052,2026-09-18,+1,PASS,1,0,0,0,1,1,21,20,21.0
0052,2026-09-18,other,PASS,1,0,0,0,1,1,27,19,27.0
0052,2026-09-18,other,REJECT,1,0,0,0,1,1,85,21,85.0
0052,2026-09-19,+1,PASS,1,0,0,0,1,1,15,14,15.0
0052,2026-09-19,other,PASS,1,0,0,0,1,1,40,27,40.0
0052,2026-09-19,other,REJECT,1,0,0,0,1,1,47,18,47.0
0052,2026-09-20,+1,PASS,1,0,0,0,1,1,13,8,13.0
0052,2026-09-20,other,PASS,1,0,0,0,1,1,19,14,19.0
0052,2026-09-20,other,REJECT,1,0,0,0,1,1,18,11,18.0
0052,2026-09-21,+1,PASS,1,0,0,0,1,1,21,19,21.0
0052,2026-09-21,+86,PASS,1,0,0,0,1,1,4,2,4.0
0052,2026-09-21,other,PASS,1,0,0,0,1,1,23,13,23.0
0052,2026-09-21,other,REJECT,1,0,0,0,1,1,26,11,26.0
0052,2026-09-22,+1,PASS,1,0,0,0,1,1,18,15,18.0
0052,2026-09-22,other,PASS,1,0,0,0,1,1,26,18,26.0
0052,2026-09-22,other,REJECT,1,0,0,0,1,1,25,15,25.0
0052,2026-09-23,+1,PASS,1,0,0,0,1,1,14,13,14.0
0052,2026-09-23,other,PASS,1,0,0,0,1,1,18,14,18.0
0052,2026-09-23,other,REJECT,1,0,0,0,1,1,30,12,30.0
0052,2026-09-24,+1,PASS,1,0,0,0,1,1,23,20,23.0
0052,2026-09-24,other,PASS,1,0,0,0,1,1,10,4,10.0
0052,2026-09-24,other,REJECT,1,0,0,0,1,1,21,9,21.0
0052,2026-09-25,+1,PASS,1,0,0,0,1,1,19,16,19.0
0052,2026-09-25,other,PASS,1,0,0,0,1,1,6,4,6.0
0052,2026-09-25,other,REJECT,1,0,0,0,1,1,28,9,28.0
