server,match_type,schema_name,table_name,column_name,comment_text
aws-luckyus-pubdm-rw,column,luckyus_pub_dm,t_component_execute_strategy_history,strategy_id,策略id
aws-luckyus-pubdm-rw,column,luckyus_pub_dm,t_component_execute_strategy_method,strategy_id,策略模型表id
aws-luckyus-pubdm-rw,column,luckyus_pub_dm,t_component_strategy_column,strategy_id,策略id
aws-luckyus-pubdm-rw,column,luckyus_pub_dm,t_component_strategy_column_language,strategy_id,策略id
aws-luckyus-pubdm-rw,column,luckyus_pub_dm,t_component_strategy_formula,strategy_id,策略id
aws-luckyus-pubdm-rw,column,luckyus_pub_dm,t_component_strategy_glue,strategy_id,策略id
aws-luckyus-pubdm-rw,column,luckyus_pub_dm,t_component_strategy_title,strategy_id,策略id
aws-luckyus-pubdm-rw,column,luckyus_pub_dm,t_report_strategy_column,strategy_id,策略id
aws-luckyus-pubdm-rw,column,luckyus_pub_dm,t_report_strategy_column1,strategy_id,策略id
aws-luckyus-pubdm-rw,column,luckyus_pub_dm,t_report_strategy_title,strategy_id,策略id
aws-luckyus-pubdm-rw,column,luckyus_pub_dm,t_report_strategy_title1,strategy_id,策略id
aws-luckyus-pubdm-rw,table,luckyus_pub_dm,t_component_execute_strategy_history,,DM组件化之策略执行记录表
aws-luckyus-pubdm-rw,table,luckyus_pub_dm,t_component_execute_strategy_method,,DM组件化之执行策略表
aws-luckyus-pubdm-rw,table,luckyus_pub_dm,t_component_execute_strategy_method_adjust,,DM组件化之执行策略调整表
aws-luckyus-pubdm-rw,table,luckyus_pub_dm,t_component_execute_strategy_method_filter,,DM组件化之执行策略过滤表
aws-luckyus-pubdm-rw,table,luckyus_pub_dm,t_component_strategy,,DM组件化之策略表
aws-luckyus-pubdm-rw,table,luckyus_pub_dm,t_component_strategy_column,,DM组件化之策略字段配置表
aws-luckyus-pubdm-rw,table,luckyus_pub_dm,t_component_strategy_column_language,,策略展示名称-多语言表
aws-luckyus-pubdm-rw,table,luckyus_pub_dm,t_component_strategy_formula,,DM组件化之策略公式表
aws-luckyus-pubdm-rw,table,luckyus_pub_dm,t_component_strategy_glue,,DM组件化之策略glue配置表
aws-luckyus-pubdm-rw,table,luckyus_pub_dm,t_component_strategy_title,,DM组件化之策略字段配置表
aws-luckyus-pubdm-rw,table,luckyus_pub_dm,t_report_strategy,,报表策略表
aws-luckyus-pubdm-rw,table,luckyus_pub_dm,t_report_strategy1,,报表策略表
aws-luckyus-pubdm-rw,table,luckyus_pub_dm,t_report_strategy_column,,报表策略字段配置表
aws-luckyus-pubdm-rw,table,luckyus_pub_dm,t_report_strategy_column1,,报表策略字段配置表
aws-luckyus-pubdm-rw,table,luckyus_pub_dm,t_report_strategy_language,,报表策略-多语言表
aws-luckyus-pubdm-rw,table,luckyus_pub_dm,t_report_strategy_title,,报表策略表头配置表
aws-luckyus-pubdm-rw,table,luckyus_pub_dm,t_report_strategy_title1,,报表策略表头配置表
